{"type":"FeatureCollection","name":"dennis_township_road_centerlines","metadata":{"source":"NJOGIS NG911 Road Centerlines (Tran_road)","url":"https://services2.arcgis.com/XVOqAjTOJ5P6ngMu/arcgis/rest/services/Tran_road/FeatureServer/0","query_url":"https://services2.arcgis.com/XVOqAjTOJ5P6ngMu/arcgis/rest/services/Tran_road/FeatureServer/0/query","retrieved_at_utc":"2026-09-04T20:05:09.766590+00:00","source_last_edit_date":1785341586960,"out_sr":4326,"query_envelope_wgs84":[-74.9263608,39.1444989,-74.7296043,39.3083976],"spatial_relationship":"esriSpatialRelIntersects","boundary_file":"dennis_township_boundary.geojson","boundary_sha256":"2d1d6943633a584e4d6849d4339df6ce5646fe4fd59f64d9eb7cc8ee6020839c","fields":["OBJECTID","PRIMENAME","ELEVTYP_F","ELEVTYP_T"],"feature_count":1574,"complete_objectid_inventory_verified":true,"municipal_clipping":"Envelope selection only; clip against the actual municipal boundary in the application."},"features":[{"type":"Feature","id":123,"properties":{"OBJECTID":123,"PRIMENAME":"Magnolia Drive","ELEVTYP_F":0,"ELEVTYP_T":0},"geometry":{"type":"LineString","coordinates":[[-74.8248586192779,39.2044589276572],[-74.8252046200075,39.2040839274406]]}},{"type":"Feature","id":138,"properties":{"OBJECTID":138,"PRIMENAME":"Unnamed Segment","ELEVTYP_F":0,"ELEVTYP_T":0},"geometry":{"type":"LineString","coordinates":[[-74.8440981094852,39.1987034843552],[-74.8435293947855,39.1990805697065]]}},{"type":"Feature","id":163,"properties":{"OBJECTID":163,"PRIMENAME":"Unnamed Segment","ELEVTYP_F":0,"ELEVTYP_T":0},"geometry":{"type":"LineString","coordinates":[[-74.7909580054128,39.2277853166018],[-74.7911731035919,39.2274861807985]]}},{"type":"Feature","id":274,"properties":{"OBJECTID":274,"PRIMENAME":"Unnamed Segment","ELEVTYP_F":0,"ELEVTYP_T":0},"geometry":{"type":"LineString","coordinates":[[-74.7690394632007,39.1465365561712],[-74.7686632511943,39.1464593255915],[-74.7684264663655,39.1464107167844],[-74.768322202565,39.1464013575046],[-74.7682502592384,39.1463948992258],[-74.7681889777505,39.1464122165846],[-74.76813488794,39.1464440010853],[-74.7680809248433,39.1465092019597],[-74.7678195179687,39.1472661091979],[-74.7677685978022,39.1473139185033]]}},{"type":"Feature","id":470,"properties":{"OBJECTID":470,"PRIMENAME":"Unnamed Segment","ELEVTYP_F":0,"ELEVTYP_T":0},"geometry":{"type":"LineString","coordinates":[[-74.7340472098057,39.183836153934],[-74.7340705290633,39.1838557930505],[-74.7343390264353,39.1840819062889],[-74.7345930404815,39.1842958228208],[-74.7348627748619,39.1844926443806],[-74.7351331772831,39.1846567510237],[-74.7352131618055,39.1846885124937],[-74.7353060841885,39.1847168858644],[-74.7353968289635,39.1847385451299],[-74.735489685371,39.1847467577917],[-74.7356451276285,39.1847481235934],[-74.7358200423577,39.1847628902435],[-74.7359435791918,39.1847733213616],[-74.7360705977661,39.1848010260192],[-74.7361678573229,39.1848344318897],[-74.7363149288504,39.1848849453227],[-74.7364510364659,39.18494474591],[-74.7365960536895,39.185057019019],[-74.7367974642132,39.1852464645152],[-74.7369970194158,39.1855266392481]]}},{"type":"Feature","id":471,"properties":{"OBJECTID":471,"PRIMENAME":"Unnamed Segment","ELEVTYP_F":0,"ELEVTYP_T":0},"geometry":{"type":"LineString","coordinates":[[-74.7521385461335,39.1656759052442],[-74.7521543765406,39.1656846334443],[-74.7523843284559,39.1658222980943]]}},{"type":"Feature","id":1132,"properties":{"OBJECTID":1132,"PRIMENAME":"Unnamed Segment","ELEVTYP_F":0,"ELEVTYP_T":0},"geometry":{"type":"LineString","coordinates":[[-74.7333130551304,39.180826884504],[-74.7325816263553,39.1801593948905],[-74.7324417011451,39.1799867225696],[-74.7323210420687,39.1799459229046],[-74.7322117698686,39.1799314832111],[-74.7320988448054,39.1799522283428],[-74.7320349520587,39.1799933958836],[-74.7320012074994,39.1800403651081],[-74.7319939169836,39.1801136644443],[-74.7320243084969,39.1801927513935],[-74.7321225135932,39.1802775677075],[-74.7322396865386,39.1804033837222],[-74.7328952444841,39.1810192128398]]}},{"type":"Feature","id":1187,"properties":{"OBJECTID":1187,"PRIMENAME":"Atlantic Boulevard","ELEVTYP_F":0,"ELEVTYP_T":0},"geometry":{"type":"LineString","coordinates":[[-74.796533988746,39.2388894307502],[-74.7968416123088,39.2392129364378]]}},{"type":"Feature","id":1453,"properties":{"OBJECTID":1453,"PRIMENAME":"Dehirsch Avenue","ELEVTYP_F":0,"ELEVTYP_T":0},"geometry":{"type":"LineString","coordinates":[[-74.8125126183671,39.2396698448452],[-74.8118051840597,39.2392645774867],[-74.8114316587588,39.23904932368]]}},{"type":"Feature","id":1819,"properties":{"OBJECTID":1819,"PRIMENAME":"FR CO 610 NB TO CO 550 EB","ELEVTYP_F":0,"ELEVTYP_T":0},"geometry":{"type":"LineString","coordinates":[[-74.779524498942,39.2204791090563],[-74.7793090383011,39.2207295699299],[-74.7792662597199,39.2207662461562],[-74.7792233601961,39.2207902371804],[-74.7791805134087,39.2208094221388],[-74.7791335388935,39.2208206554443],[-74.7790783156277,39.2208255648539],[-74.7790251683037,39.2208288774998],[-74.7789740010627,39.2208242220499],[-74.7788921388342,39.2208053628277],[-74.7787979107641,39.2207658023623],[-74.7786339491134,39.2206770963473],[-74.7782323012345,39.220440687862]]}},{"type":"Feature","id":1966,"properties":{"OBJECTID":1966,"PRIMENAME":"Unnamed Segment","ELEVTYP_F":0,"ELEVTYP_T":0},"geometry":{"type":"LineString","coordinates":[[-74.7677058588697,39.1476726647756],[-74.7678052919949,39.1476847499353],[-74.7679816911766,39.1477406272],[-74.7681466768819,39.1477648704126],[-74.7683364213809,39.1477661930565],[-74.7684335285126,39.1477606941219],[-74.7684372135425,39.1477613783811]]}},{"type":"Feature","id":1993,"properties":{"OBJECTID":1993,"PRIMENAME":"Unnamed Segment","ELEVTYP_F":0,"ELEVTYP_T":0},"geometry":{"type":"LineString","coordinates":[[-74.8013066167783,39.3056519492439],[-74.8012936171959,39.3058749482733],[-74.8012756184117,39.3059339487311],[-74.8012416179894,39.3059809484879],[-74.801189615979,39.3060219485329],[-74.8011246192593,39.3060499482651],[-74.8001346178266,39.3062289474619],[-74.7999876173091,39.3062389488506],[-74.7990966181583,39.3062159500241]]}},{"type":"Feature","id":2242,"properties":{"OBJECTID":2242,"PRIMENAME":"Unnamed Segment","ELEVTYP_F":0,"ELEVTYP_T":0},"geometry":{"type":"LineString","coordinates":[[-74.7445909655066,39.169343194129],[-74.7447492973666,39.1693739775303],[-74.7450950187318,39.1694514219958],[-74.7455060555453,39.1695434961794],[-74.7456617557961,39.1695534150798],[-74.7461401326672,39.1696587170777],[-74.746365327575,39.1697301577665],[-74.7465865946103,39.1698266225885],[-74.7468321273092,39.1699699376968],[-74.7470214139979,39.1701102447186],[-74.7471987165059,39.1702693367911],[-74.7473520159586,39.1704566208003],[-74.7474514026135,39.1705780399637],[-74.7475491255232,39.1706413864888],[-74.7475817029588,39.1706625040741],[-74.74768659364,39.1706926691246]]}},{"type":"Feature","id":2274,"properties":{"OBJECTID":2274,"PRIMENAME":"Landing Road","ELEVTYP_F":0,"ELEVTYP_T":0},"geometry":{"type":"LineString","coordinates":[[-74.7492703715939,39.1543183960085],[-74.7487530069699,39.1539335023198]]}},{"type":"Feature","id":2447,"properties":{"OBJECTID":2447,"PRIMENAME":"Unnamed Segment","ELEVTYP_F":0,"ELEVTYP_T":0},"geometry":{"type":"LineString","coordinates":[[-74.7678431651987,39.149650008581],[-74.7683177317058,39.1497488256021]]}},{"type":"Feature","id":2523,"properties":{"OBJECTID":2523,"PRIMENAME":"Pine Hollow","ELEVTYP_F":0,"ELEVTYP_T":0},"geometry":{"type":"LineString","coordinates":[[-74.8253072634655,39.144803335417],[-74.8255856681358,39.1448194794176],[-74.8265286166032,39.1448369140319],[-74.8266052266382,39.144660327498],[-74.8266574150495,39.1445400298894]]}},{"type":"Feature","id":2642,"properties":{"OBJECTID":2642,"PRIMENAME":"Griscom Mill Road","ELEVTYP_F":0,"ELEVTYP_T":0},"geometry":{"type":"LineString","coordinates":[[-74.758460815187,39.3056751316675],[-74.7582713352361,39.3058347480294],[-74.7580895786869,39.3059724805437],[-74.758027060465,39.3060198552244],[-74.757882749349,39.3061326382831],[-74.7578124268972,39.3062020127533],[-74.7577162896582,39.306306040176],[-74.7576313298908,39.306412926296],[-74.7575169123904,39.3065919518193],[-74.7573876937594,39.3067825683216],[-74.757236344345,39.307010713833],[-74.7570738625767,39.3072388828214],[-74.7567193412434,39.3077414403879],[-74.7563870518976,39.3082266495093],[-74.7560398890377,39.3087147189209],[-74.7559364822929,39.3088620333151],[-74.7558627651321,39.3090006336338],[-74.7558075933486,39.3091362817178],[-74.7557783535042,39.309268990191],[-74.7557418940393,39.3094478705129],[-74.7557241680088,39.3096757194513],[-74.7557026566624,39.3098833957181],[-74.7556660667615,39.3101922702918],[-74.7556630168448,39.3102180177973],[-74.7556306343647,39.3104977921631],[-74.7556021313576,39.3108237139773],[-74.75558424713,39.3110082907129],[-74.7555740476962,39.3112649806685],[-74.7555714699824,39.3115764297656],[-74.7555683631878,39.3117523253042],[-74.7555692759142,39.3120032247125],[-74.755555945705,39.3124098360844],[-74.7555464161021,39.3128510619183],[-74.7555444676771,39.3133355435356],[-74.7555424727041,39.3138171137804],[-74.7555330175451,39.3142785482277],[-74.7555269654794,39.3146649625042],[-74.7555426643219,39.3148898822576],[-74.7555468577257,39.3150225171497],[-74.7555429417459,39.3150592249455]]}},{"type":"Feature","id":2727,"properties":{"OBJECTID":2727,"PRIMENAME":"Mackay Crossing Road","ELEVTYP_F":0,"ELEVTYP_T":0},"geometry":{"type":"LineString","coordinates":[[-74.8356785749702,39.2655311650717],[-74.8352840147356,39.2651422064627],[-74.8345098358168,39.2641935050184],[-74.8345025044742,39.2641843431027],[-74.8344830709859,39.2641596875859],[-74.8344641890341,39.2641347728468],[-74.8344457460779,39.2641095703825],[-74.8344280762704,39.2640841675141],[-74.8344108457188,39.2640585318704],[-74.8343942766636,39.2640326105659],[-74.8343781472745,39.2640065429641],[-74.8343627929429,39.2639801893759],[-74.8343478737782,39.2639537183301],[-74.8343336184254,39.2639269616177],[-74.8343200249516,39.2639000003186],[-74.8343069813766,39.2638729239355],[-74.8342944897394,39.2638456739096],[-74.8342114010649,39.26326988472],[-74.8342112735991,39.2632662250475],[-74.8342108947787,39.2632562432291],[-74.8342107371578,39.2632462337512],[-74.8342109096537,39.2632361944997],[-74.8342111936709,39.2632262134814],[-74.8342116977073,39.263216200303],[-74.8342125332926,39.2632062149994],[-74.8342134802621,39.2631962591032],[-74.8342146459762,39.2631862467282],[-74.8342161471174,39.2631763468941],[-74.8342177534337,39.2631663891055],[-74.8342196927225,39.2631565150386],[-74.8342217432581,39.2631466415531],[-74.8342241240548,39.2631367689214],[-74.8342265817241,39.2631269789446],[-74.8342294403442,39.2631171905194],[-74.8342323732498,39.2631074280048],[-74.834235639003,39.2630977230882],[-74.8342390152461,39.2630881034324],[-74.8342426139744,39.263078483138],[-74.8342465398845,39.2630689474825],[-74.8342505784735,39.2630594700568],[-74.834254840826,39.2630500172117],[-74.8342593188605,39.2630405952761],[-74.8342640210861,39.263031288002],[-74.8342689819753,39.2630220340346],[-74.834274087989,39.2630128382037],[-74.8342794528202,39.2630037281087],[-74.8342849292993,39.2629947032709],[-74.8342906285282,39.2629857336444],[-74.8342965435711,39.2629768228523],[-74.834665787118,39.2624349134583],[-74.8352166559705,39.2617819520513],[-74.8356992322514,39.2612099282338],[-74.8357032238599,39.2612059693258],[-74.8357158528298,39.2611930043239],[-74.8357281521685,39.2611799267673],[-74.8357402293649,39.2611666786937],[-74.8357519754923,39.2611532595163],[-74.8357633893919,39.2611396692385],[-74.835774582579,39.2611259651916],[-74.8357853321697,39.261112063341],[-74.8357958611813,39.2610980756464],[-74.8358060578324,39.2610838889268],[-74.8358158866059,39.2610695879618],[-74.8358254574542,39.26105514541],[-74.8358346592666,39.2610405886162],[-74.8358436390794,39.2610258910329],[-74.8358521781518,39.261011108241],[-74.8358603851354,39.2609961831755],[-74.8358682601722,39.2609811455632],[-74.8358758033914,39.2609660224284],[-74.8358830147931,39.2609508137712],[-74.8358898954031,39.2609354916631],[-74.8358964440713,39.2609200579093],[-74.8359026610516,39.2609045656576],[-74.8359084371685,39.2608889620743],[-74.8359139905243,39.2608733005799],[-74.8363841485789,39.2594818705125],[-74.8363866438743,39.2594727686041],[-74.8363954417971,39.2594431115458],[-74.836404902781,39.2594135111249],[-74.836414918577,39.259384108182],[-74.836425703156,39.2593548201242],[-74.8364371524733,39.2593256976978],[-74.8364491550502,39.2592966907788],[-74.8364618921756,39.2592679096441],[-74.8364752577295,39.2592392131712],[-74.8364892490488,39.259210771623],[-74.8365039042328,39.2591825560628],[-74.8365191116477,39.2591544839372],[-74.8365349817674,39.2591266378025],[-74.8365515157499,39.2590990176551],[-74.8365687124487,39.2590716262005],[-74.8365863516945,39.2590444613723],[-74.8366047650172,39.2590175510382],[-74.8366237321268,39.2589908679093],[-74.8366432509855,39.2589644705446],[-74.8366634339794,39.2589383568173],[-74.8366840597983,39.2589125282676],[-74.8367054247879,39.2588869245844],[-74.8367272663465,39.2588616357078],[-74.8377682428657,39.2579060592259],[-74.8377754900587,39.2578984586868],[-74.837785921574,39.2578872744481],[-74.8377961308067,39.2578758890689],[-74.8378060115849,39.2578643920387],[-74.8378158140442,39.2578527529049],[-74.8378251003189,39.2578409981606],[-74.8378343153655,39.2578291301186],[-74.837843197042,39.2578170918867],[-74.837851746918,39.2578049690386],[-74.8378601874632,39.2577927609288],[-74.8378681845583,39.2577803820478],[-74.8378759610838,39.2577679173272],[-74.8378835157468,39.2577553388453],[-74.837890738757,39.257742706375],[-74.8378976306982,39.2577299001052],[-74.8379043013438,39.2577170980803],[-74.8379106410589,39.257704151082],[-74.8379167613723,39.2576911200427],[-74.8379225453858,39.2576780323261],[-74.8379280012106,39.2576648879089],[-74.8379331236713,39.2576515742033],[-74.8379380271331,39.2576382602322],[-74.8379425976376,39.2576248616488],[-74.8379469107683,39.2576114340849],[-74.8379508563327,39.2575979535381],[-74.8379545442338,39.2575843836566],[-74.8379579746446,39.2575707604729],[-74.8379610355616,39.2575571653859],[-74.8379638387076,39.2575434584441],[-74.8379662014033,39.2575297221524],[-74.8379683427926,39.2575159874036],[-74.8379702627417,39.2575022262728],[-74.8380600942861,39.2567652836916],[-74.8380604961835,39.2567570454033],[-74.838060661398,39.2567456062785],[-74.8380607175412,39.2567341350407],[-74.8380604408802,39.2567226098188],[-74.8380599095831,39.2567111420877],[-74.8380592275241,39.2566996468688],[-74.8380581784333,39.2566882085664],[-74.8380569105044,39.2566768024278],[-74.8380553097462,39.2566653369003],[-74.8380535994638,39.256653986095],[-74.8380515959116,39.2566426100172],[-74.8380491869492,39.2566312612399],[-74.8380467039751,39.2566199424046],[-74.8380438909179,39.2566086533536],[-74.8380407467576,39.2565974229162],[-74.8380374927924,39.2565862486484],[-74.8380339077286,39.256575133895],[-74.8380301014977,39.2565640486098],[-74.8380260752453,39.2565529900868],[-74.8380217180331,39.2565420199041],[-74.8380171408127,39.2565310791861],[-74.8380123427024,39.256520225588],[-74.838007324848,39.2565094564039],[-74.8380019756189,39.2564986890821],[-74.8379965170053,39.2564880653083],[-74.8379907296028,39.2564774992403],[-74.8379899471757,39.2564759863274],[-74.8379844932143,39.2564658480829],[-74.8379791444212,39.2564556527811],[-74.8379741289163,39.2564453709337],[-74.8379693332925,39.2564350325969],[-74.8379647575409,39.2564246359692],[-74.8379605137715,39.2564141221719],[-74.8379563802242,39.2564036386824],[-74.8379524662722,39.2563930392503],[-74.8379488835542,39.2563824082288],[-74.8379455208551,39.2563717495441],[-74.8379423791863,39.2563610325652],[-74.8379394584267,39.2563502320696],[-74.8379368680102,39.2563394558383],[-74.8379343885544,39.2563286225331],[-74.8379322413739,39.2563177333136],[-74.8379303108481,39.256306839862],[-74.837928602796,39.2562959475664],[-74.8379272258559,39.2562849984591],[-74.8379259588471,39.2562740193056],[-74.8379250232181,39.2562630391905],[-74.8379244189687,39.2562520581139],[-74.837923924793,39.2562410767178],[-74.8379237619968,39.2562300943602],[-74.8379237091314,39.2562190819565],[-74.837924098004,39.2562081277252],[-74.8379245966646,39.2561971137211],[-74.8379253167734,39.2561861288016],[-74.8379263671022,39.2561751429238],[-74.8379276388745,39.2561641852299],[-74.8379292063834,39.2561532843304],[-74.8379309556599,39.2561423531763],[-74.8379330006727,39.2561314788166],[-74.8379352658359,39.256120604719],[-74.8379377527146,39.256109815556],[-74.8379404619051,39.2560989942191],[-74.8379435005885,39.2560882620083],[-74.837946647148,39.2560775547074],[-74.8379501275537,39.2560668779664],[-74.837953829523,39.2560562546317],[-74.8379577519188,39.2560456892107],[-74.8379620049482,39.2560352093091],[-74.8379663692039,39.2560247281837],[-74.8379709554597,39.2560143914463],[-74.8379758717822,39.256004022222],[-74.8379810124176,39.2559937964782],[-74.8379863688356,39.2559836268598],[-74.8379909140828,39.2559753684385],[-74.8379919513344,39.2559734863121],[-74.8379977498924,39.2559634595415],[-74.8380036622703,39.2559534891922],[-74.8380099055578,39.2559436620137],[-74.8380163725868,39.2559338594086],[-74.8380230556878,39.2559241732829],[-74.8380299626815,39.2559145432588],[-74.8380370905029,39.2559050549233],[-74.8380444422254,39.2558956244909],[-74.8380519000678,39.2558863360799],[-74.8380596560999,39.255877133282],[-74.8380675944466,39.2558680146316],[-74.8380758277881,39.2558590401567],[-74.8380841728913,39.255850176158],[-74.8380926296435,39.2558413992144],[-74.8381014171662,39.2558327366153],[-74.8381103525247,39.255824216817],[-74.8381194357104,39.2558158380181],[-74.8388104663385,39.2551908306026],[-74.8389048990355,39.255105418176],[-74.8390387598639,39.2550116177405],[-74.8390405219347,39.2550108424073],[-74.8390466904513,39.2550083922279],[-74.8390527480148,39.2550060000238],[-74.8390589176412,39.2550037804512],[-74.8390651602534,39.2550015588641],[-74.8390714809154,39.2549994244293],[-74.8390777592625,39.2549974054226],[-74.8390841514171,39.2549954401336],[-74.8390905429811,39.2549935928538],[-74.8390970460354,39.2549917992984],[-74.8391035497835,39.2549901498723],[-74.8391100526462,39.2549885572002],[-74.8391165221898,39.2549870231782],[-74.8391231720091,39.2549856309609],[-74.8391297873509,39.2549842973972],[-74.8391365144564,39.2549830743088],[-74.8391431307567,39.2549819398234],[-74.8391498595846,39.2549808338362],[-74.8391565844677,39.2549798710909],[-74.8391633123579,39.2549790515674],[-74.8391701539214,39.2549782578362],[-74.8391768800496,39.2549775536223],[-74.839183720259,39.254976959877],[-74.8391905598783,39.2549764841408],[-74.8391974007733,39.2549760327226],[-74.8392041310066,39.2549756996342],[-74.8392109719928,39.254975507652],[-74.8392178145544,39.2549754021438],[-74.8392246563698,39.2549753822156],[-74.839231501661,39.2549753622768],[-74.8392383419881,39.2549755144092],[-74.8392451861992,39.2549757512073],[-74.8392519925918,39.2549760745941],[-74.8392588749825,39.2549765400891],[-74.8392657192898,39.2549770372235],[-74.8392724552183,39.2549776454744],[-74.8392793006242,39.254978370513],[-74.8392860372389,39.2549791210911],[-74.8392927735418,39.2549800473302],[-74.8392995099664,39.2549809987916],[-74.8393062469556,39.2549820673579],[-74.8393128741383,39.254983191194],[-74.8393195020116,39.2549844582585],[-74.839326130302,39.2549858118004],[-74.8393327588662,39.2549872220929],[-74.839339277915,39.2549887480096],[-74.8393457973808,39.2549903604035],[-74.8393523173898,39.2549920853985],[-74.8393587263165,39.2549938413447],[-74.8393650987009,39.2549957081982],[-74.8393715468321,39.254997664913],[-74.8393778470606,39.2549997058349],[-74.8393841488519,39.2550018305284],[-74.8393903744638,39.2550040157988],[-74.8393965312391,39.2550063426986],[-74.8394026118219,39.2550087274727],[-74.8394086939851,39.2550111996218],[-74.8394147762703,39.2550136969932],[-74.8394206379533,39.2550163400397],[-74.8394266111494,39.2550190413144],[-74.8394323635783,39.2550218540335],[-74.8394382262314,39.2550246979597],[-74.839871909736,39.2552442617498],[-74.83988772875,39.2552518815859],[-74.8399171517544,39.2552657521601],[-74.8399467937413,39.2552791392467],[-74.8399768756462,39.2552922061502],[-74.8400071765328,39.2553047895656],[-74.8400376956338,39.255316970569],[-74.8400685441793,39.2553287488354],[-74.8400996134035,39.2553401553101],[-74.8401310092102,39.2553510464529],[-74.8401626222231,39.2553615667147],[-74.8401944554826,39.2553716260041],[-74.840226506971,39.2553812864835],[-74.8402587774157,39.2553904589693],[-74.8402911571574,39.2553992293598],[-74.8403238649201,39.2554075429665],[-74.8403566806852,39.2554154265558],[-74.8403897156874,39.2554228807035],[-74.8404228585514,39.2554298760077],[-74.8404271659481,39.255430721901],[-74.8404488187858,39.2554349483239],[-74.840470688965,39.2554388335964],[-74.8404925590373,39.2554424567257],[-74.8405145363784,39.2554457390263],[-74.840536623706,39.2554487633658],[-74.840558709519,39.2554514742192],[-74.8405809050392,39.2554538694596],[-74.8406030980119,39.2554559773408],[-74.8406252896085,39.2554578005618],[-74.8406476278489,39.2554592792354],[-74.8406700007661,39.2554605010688],[-74.8406922978691,39.2554613799061],[-74.8407147049566,39.2554620007822],[-74.8407370003109,39.2554622787674],[-74.8407594031924,39.255462269972],[-74.84078180585,39.2554619756122],[-74.8408042069811,39.2554613659646],[-74.8408264955026,39.2554604719823],[-74.8408488934531,39.2554592056356],[-74.8408711800786,39.2554576810743],[-74.840893354098,39.2554558730793],[-74.8409156375324,39.2554536900174],[-74.8409378086394,39.2554512811736],[-74.8409598681324,39.255448554662],[-74.8409819261139,39.2554455164659],[-74.8410038726293,39.2554421912296],[-74.841025706537,39.2554385825597],[-74.8410475400561,39.2554346549956],[-74.8410692608362,39.2554304169738],[-74.841090870149,39.2554258919119],[-74.8411124050713,39.2554210797014],[-74.8411337532307,39.2554159842749],[-74.8411550281623,39.2554106025973],[-74.8411761904757,39.2554049356849],[-74.8411972411766,39.2553989520061],[-74.8412181794118,39.255392714621],[-74.8412388962413,39.2553862184439],[-74.8412595013222,39.2553793775754],[-74.8412798838604,39.2553722824226],[-74.8413001552129,39.2553649587831],[-74.841534586923,39.2552778393871],[-74.8415571767677,39.2552707647373],[-74.8416041235364,39.2552566408693],[-74.8416512937657,39.2552432036546],[-74.8416987971048,39.2552303653914],[-74.8417466361474,39.2552181828236],[-74.8417946985187,39.2552066589828],[-74.8418430224466,39.2551957919552],[-74.8418914955388,39.2551855811694],[-74.8419402290402,39.2551760290011],[-74.8419892982556,39.2551671334272],[-74.8420383696306,39.2551589233524],[-74.8420877755637,39.2551513698748],[-74.8421372947625,39.2551444754458],[-74.8421869283739,39.2551382373594],[-74.8422366756612,39.2551327420966],[-74.8422866461544,39.2551278776332],[-74.8439418036492,39.2549780210843],[-74.8443755197707,39.254953229733],[-74.8443778369189,39.254953193154],[-74.8444002360406,39.2549522125828],[-74.8444226327425,39.254950974379],[-74.8444449188515,39.2549493932846],[-74.8444672023858,39.2549475230294],[-74.8444894877286,39.2549453122536],[-74.84451165609,39.2549428739115],[-74.8445338263738,39.2549401184698],[-74.8445558836181,39.2549369940211],[-74.8445779397404,39.2549336407624],[-74.844599883074,39.254929969843],[-74.844621718284,39.2549259875546],[-74.8446434362244,39.2549217191476],[-74.8446650451467,39.2549171934238],[-74.8446866523857,39.2549123244876],[-74.8447080383629,39.2549072282941],[-74.8447294213522,39.2549017591649],[-74.8447505830792,39.2548960627786],[-74.8447716330418,39.2548900217041],[-74.8447925718087,39.2548837521462],[-74.8448132494998,39.254877169871],[-74.8448338920507,39.25487027421],[-74.8448543841438,39.2548631772065],[-74.8448746544132,39.2548557385437],[-74.8448948133403,39.2548480416709],[-74.844914749704,39.2548400887193],[-74.844934574734,39.2548318793595],[-74.8449541782088,39.2548233832901],[-74.8449735589827,39.2548146032171],[-74.8449927171882,39.2548055661648],[-74.8450116541162,39.2547962991543],[-74.8450304797185,39.2547867775377],[-74.845624156041,39.2544793833508],[-74.8465295473787,39.2539594990071],[-74.8465353795333,39.2539561071713],[-74.8465550768707,39.2539444072264],[-74.8465745517857,39.2539324809327],[-74.8465938054147,39.2539203237829],[-74.8466127284473,39.2539078550282],[-74.8466313143441,39.2538951584648],[-74.846649680997,39.2538821751885],[-74.8466677177542,39.2538690226358],[-74.8466854169498,39.2538555557971],[-74.8467028971896,39.2538418607985],[-74.8467200450657,39.2538279659032],[-74.8467368601699,39.2538137882369],[-74.8467533440645,39.25379940977],[-74.8467694955956,39.2537848314068],[-74.8467854246995,39.2537700257955],[-74.8468009112373,39.2537549935916],[-74.8470702111408,39.2534900881084],[-74.8470766901084,39.2534837134946]]}},{"type":"Feature","id":2732,"properties":{"OBJECTID":2732,"PRIMENAME":"Grant Avenue","ELEVTYP_F":0,"ELEVTYP_T":0},"geometry":{"type":"LineString","coordinates":[[-74.8232453731328,39.2389230413155],[-74.8222377298182,39.2399990256063],[-74.8218516830473,39.2404047852279]]}},{"type":"Feature","id":2777,"properties":{"OBJECTID":2777,"PRIMENAME":"Washington Avenue","ELEVTYP_F":0,"ELEVTYP_T":0},"geometry":{"type":"LineString","coordinates":[[-74.822860887039,39.2340277688883],[-74.8226273424184,39.2342749820847],[-74.8222520289258,39.234665886955],[-74.8220090082057,39.234926496071],[-74.821887969148,39.2350555226622],[-74.8217488686822,39.2352037920213],[-74.8215635840428,39.2353963580318],[-74.821539893645,39.235420979053],[-74.8214323197,39.235538051862]]}},{"type":"Feature","id":2929,"properties":{"OBJECTID":2929,"PRIMENAME":"Freidriechstadt Avenue","ELEVTYP_F":0,"ELEVTYP_T":0},"geometry":{"type":"LineString","coordinates":[[-74.7913467504639,39.2338711006253],[-74.7892410403329,39.232672512974],[-74.7871873137866,39.2314947075048],[-74.7863527265615,39.2310128584306],[-74.7849588850802,39.2302080955966],[-74.784552717882,39.2299732689626],[-74.7842848455778,39.229818394235]]}},{"type":"Feature","id":3082,"properties":{"OBJECTID":3082,"PRIMENAME":"Heilprin Avenue","ELEVTYP_F":0,"ELEVTYP_T":0},"geometry":{"type":"LineString","coordinates":[[-74.8089061235081,39.2381127834464],[-74.8079688817243,39.2391007923232],[-74.807700865871,39.2393833168242],[-74.8074881182991,39.2396077816165],[-74.8064229901828,39.2407315401209],[-74.8060747428939,39.2410903609992]]}},{"type":"Feature","id":3253,"properties":{"OBJECTID":3253,"PRIMENAME":"Sea Isle Boulevard","ELEVTYP_F":0,"ELEVTYP_T":0},"geometry":{"type":"LineString","coordinates":[[-74.7305416401655,39.1729481450934],[-74.7303168971049,39.1725572369629]]}},{"type":"Feature","id":3285,"properties":{"OBJECTID":3285,"PRIMENAME":"Unnamed Segment","ELEVTYP_F":0,"ELEVTYP_T":0},"geometry":{"type":"LineString","coordinates":[[-74.7503622324159,39.1726300869036],[-74.7503757628184,39.1727208838255],[-74.7503879334302,39.1728025491789],[-74.7503581846414,39.1728616296311],[-74.7502950593952,39.1729016317766],[-74.7502167412403,39.1729064897277],[-74.749933547906,39.1729094441466],[-74.7496504197179,39.1729311567673],[-74.749445475897,39.1729104899435],[-74.7492367116851,39.1728894372645],[-74.7489060773463,39.1728811563132],[-74.7487915267818,39.1728626410045],[-74.7487703214635,39.172829853469],[-74.7487641383723,39.1727853103683],[-74.7487658471474,39.1725085785856]]}},{"type":"Feature","id":3471,"properties":{"OBJECTID":3471,"PRIMENAME":"Holly Court","ELEVTYP_F":0,"ELEVTYP_T":0},"geometry":{"type":"LineString","coordinates":[[-74.8074070105571,39.1682200748936],[-74.8083958492921,39.1683097196111]]}},{"type":"Feature","id":3580,"properties":{"OBJECTID":3580,"PRIMENAME":"Narrows Road","ELEVTYP_F":0,"ELEVTYP_T":0},"geometry":{"type":"LineString","coordinates":[[-74.8003803457751,39.266141916803],[-74.8001972015018,39.2659596897866],[-74.8000221960783,39.2657805709623],[-74.7998471703548,39.2656046372269],[-74.7997331820505,39.2654789029835],[-74.7996559493006,39.2654161144722],[-74.7995706109527,39.2653659231353],[-74.7995097018375,39.2653377165248],[-74.7994245336119,39.2653190173775],[-74.7993312813415,39.2653098399162],[-74.7991368486554,39.2653292297565],[-74.7988047767231,39.2653836514592],[-74.798679215384,39.2653934186827],[-74.7985657416788,39.2653968670439],[-74.7984886756095,39.2653813038204],[-74.7984156752255,39.2653499981729],[-74.7982977700581,39.2652746834505],[-74.7980905609472,39.2651460550789],[-74.7976883195806,39.2648950826556],[-74.7974893026133,39.2647821939448],[-74.7973918297595,39.2647351893818],[-74.79729440142,39.2647102115243],[-74.7972822855286,39.2647071057916],[-74.797140313973,39.264669686748],[-74.7968888650292,39.2646199171579],[-74.7965018814008,39.2645381814965],[-74.7962845155012,39.2644922703181],[-74.7955908988404,39.2643365665418],[-74.7948446987405,39.2641904089658],[-74.7946824681854,39.2641561694681],[-74.7945527269523,39.2641375795314],[-74.7944189255699,39.264119054665],[-74.7942284030246,39.2641100631376],[-74.7938434329689,39.2641078507377],[-74.7931789052947,39.2641158403658],[-74.7927858776907,39.2641294325652],[-74.7922672363653,39.2641401804762],[-74.791930980912,39.2641567837768],[-74.7917323354559,39.2641478364535],[-74.7915620963005,39.2641325029113],[-74.7913715144632,39.2640920411365],[-74.7910227213874,39.2640236391639],[-74.7905360008918,39.2639209013764],[-74.7898911659621,39.2637870345772],[-74.7896842865158,39.2637339810754],[-74.789530070163,39.2636808233114],[-74.7893677008427,39.263611924813],[-74.7892133195352,39.2635272463616],[-74.7889086627736,39.2633421448896],[-74.7884374742823,39.2630629210864],[-74.7878768370033,39.2627178267629],[-74.7865607488614,39.261930417054],[-74.7862195045915,39.2617170360994],[-74.7858863389848,39.2615005039437],[-74.7857400741434,39.2614031975099],[-74.7854432938594,39.2611613688676],[-74.7852115266354,39.2609603739991],[-74.7849878253354,39.260762434332],[-74.784813062705,39.2606305453988],[-74.7846058559012,39.260501893778],[-74.7843865734717,39.2603827434269],[-74.7841227576771,39.260273120321],[-74.7838833432349,39.2601886691872],[-74.7835749961418,39.2600885976061],[-74.7832301268902,39.2599791968306],[-74.7826175132941,39.2597916419905],[-74.7818061665953,39.2595605246397],[-74.7808326608873,39.2592982720653],[-74.7805973788811,39.2592295370649],[-74.7804309923636,39.2591669513808],[-74.7802605060492,39.259094929292],[-74.7801143804546,39.2590291090824],[-74.7798951601914,39.258922526473],[-74.7797286986774,39.2588410217715],[-74.7795418168042,39.2587217573942],[-74.7794652455579,39.2586665378313],[-74.7792848835556,39.2585364628255],[-74.7792370675799,39.2585019795633],[-74.7791557884641,39.2584454756983],[-74.779086794416,39.2584141473733],[-74.779021839357,39.2583859396914],[-74.778946487165,39.2583238201589],[-74.77857262305,39.258061040439],[-74.7781269869141,39.2577892794644],[-74.7780930237286,39.2577689956536],[-74.7780585104947,39.2577490860871],[-74.778023706054,39.257729664551],[-74.777988386763,39.2577107279754],[-74.777952664919,39.2576922517698],[-74.7779165037742,39.2576743197981],[-74.7778800141042,39.2576568155893],[-74.7778430839808,39.257639857418],[-74.7778057143381,39.2576233885296],[-74.7777681264692,39.2576074038919],[-74.7777301375266,39.2575919615934],[-74.7776917427898,39.2575770400251],[-74.7776530582058,39.2575626587284],[-74.7776140440587,39.2575487367237],[-74.7775746996403,39.2575353884166],[-74.7775732631419,39.2575348765694],[-74.7772636573791,39.2574162612673],[-74.7772259645134,39.2574015072286],[-74.7771886010209,39.2573862371227],[-74.7771515657472,39.2573704518534],[-74.777114859855,39.2573541523192],[-74.7770785936265,39.2573373905056],[-74.7770426557424,39.2573201450581],[-74.7770071607826,39.2573023823741],[-74.7769721007503,39.2572841312992],[-74.776937371484,39.2572654227097],[-74.7769030829464,39.2572462275179],[-74.7768692331501,39.2572266295057],[-74.776835822928,39.2572065457954],[-74.7768029636139,39.2571860013461],[-74.7767704339123,39.2571650002875],[-74.7767384530284,39.2571435961481],[-74.7767069129883,39.2571217342349],[-74.7766759229354,39.2570994719416],[-74.776645374871,39.2570767482692],[-74.7766153722689,39.2570536521538],[-74.7765859232366,39.2570301826757],[-74.7765570228098,39.2570062560706],[-74.7765285658737,39.2569819554641],[-74.7765007644681,39.2569572803533],[-74.7764734784021,39.2569322337737],[-74.7764467076757,39.2569068157259],[-74.7764205601384,39.2568810493756],[-74.7763949628107,39.2568549394004],[-74.7763700268197,39.2568284585124],[-74.7763456411366,39.2568016592233],[-74.7763219158432,39.2567745430737],[-74.7762987441245,39.2567470553673],[-74.7762762283862,39.2567193084644],[-74.7762726795438,39.2567149406819],[-74.7762524223401,39.2566899071022],[-74.776231649492,39.2566651585014],[-74.7762103632182,39.2566406696507],[-74.7761885257207,39.2566165523419],[-74.7761661410831,39.2565926660363],[-74.7761432004816,39.2565691242584],[-74.7761198219887,39.2565458979015],[-74.7760957831416,39.2565229883936],[-74.7760713040861,39.2565003943116],[-74.7760464220131,39.2564781443935],[-74.7760209143503,39.2564562121417],[-74.7759948959026,39.2564346216061],[-74.7759685432551,39.2564134912766],[-74.7759416434586,39.256392589245],[-74.7759142297579,39.2563721199191],[-74.7758864120964,39.2563520497078],[-74.7758580812338,39.2563322959936],[-74.7758294206857,39.2563129718453],[-74.7758002101975,39.2562940507597],[-74.7757706697905,39.2562754997855],[-74.775740689408,39.2562573236874],[-74.7757102705331,39.2562396053372],[-74.7756795577847,39.256222289442],[-74.7756483310036,39.2562053738202],[-74.7756168129975,39.2561889453239],[-74.7755849650887,39.2561728914416],[-74.7755526775168,39.2561572926059],[-74.775525588886,39.2561446307586],[-74.7751928643692,39.2560198282008],[-74.7751497978771,39.2560039700621],[-74.7751062542877,39.2559887715366],[-74.7750623826184,39.2559741169663],[-74.7750181817095,39.2559600063536],[-74.7749737632431,39.25594655474],[-74.774928979838,39.2559337039195],[-74.7748839380947,39.255921454541],[-74.7748409637097,39.2559104578162],[-74.7740417464076,39.2557230024146],[-74.7740109279709,39.2557155800739],[-74.7739803244409,39.2557077023034],[-74.7739498306948,39.2556994504247],[-74.7739196678283,39.2556907698684],[-74.7738896132584,39.2556816305303],[-74.7738597785577,39.255672119528],[-74.7738301624523,39.2556622071374],[-74.7738007648375,39.2556518663343],[-74.7737715871947,39.2556411799911],[-74.7737427393873,39.2556300938003],[-74.7737139999914,39.2556185776546],[-74.7736855894901,39.2556067175149],[-74.7736575100959,39.2555944863516],[-74.7736296492962,39.2555818529006],[-74.7736021171643,39.2555688169032],[-74.7735749161405,39.2555554098829],[-74.773547933936,39.2555416582275],[-74.7735232717408,39.2555285884457],[-74.7734985017989,39.2555155189116],[-74.7734735072601,39.2555027931135],[-74.7734481860464,39.2554903815638],[-74.7734225719965,39.2554783454387],[-74.7733968121207,39.2554666483601],[-74.7733705739104,39.2554552983148],[-74.7733442675284,39.2554442934393],[-74.7733176264645,39.2554336298546],[-74.7732907701832,39.2554233388091],[-74.7732636906853,39.2554134491477],[-74.7732363553042,39.2554039032943],[-74.7732089878851,39.2553947583762],[-74.7731812520765,39.2553859278025],[-74.7731534079776,39.2553775550946],[-74.7731402595679,39.2553737250013],[-74.7729289332935,39.255322139302],[-74.7728965654588,39.2553139780176],[-74.772864306147,39.2553054147025],[-74.7728322662724,39.2552963671219],[-74.7728005551753,39.2552869449204],[-74.7727689522745,39.255277036012],[-74.7727375691475,39.2552667293169],[-74.7727065157277,39.255255988545],[-74.7726755707466,39.2552448232228],[-74.7726645183362,39.255240671979],[-74.7726488293601,39.2552363325067],[-74.7726330309797,39.2552321653459],[-74.7726171234182,39.2552282281485],[-74.7726011066613,39.2552245173114],[-74.772585092785,39.255220951498],[-74.7725688539659,39.2552176429436],[-74.7725527296944,39.2552145917545],[-74.772536384783,39.2552117122361],[-74.7725200408738,39.2552090912495],[-74.7725036978445,39.2552066972662],[-74.7724872443662,39.2552045053236],[-74.7724706445132,39.255202513704],[-74.7724541210792,39.2552008074644],[-74.7724375613429,39.2551993012904],[-74.7724210012294,39.2551979968994],[-74.7724043319224,39.2551969197691],[-74.772387664775,39.2551961011679],[-74.7723710342085,39.2551954536352],[-74.7723543328022,39.2551950639015],[-74.7723376648318,39.255194930822],[-74.7723208897718,39.2551949700479],[-74.7723042257809,39.2551952666474],[-74.7722875638369,39.2551957929498],[-74.7722709015041,39.2551965183328],[-74.7722542773489,39.2551975282845],[-74.7722376910471,39.2551987390291],[-74.7722210684445,39.2552001507399],[-74.7722044825363,39.2552017632464],[-74.7721879382811,39.2552036603135],[-74.772171499081,39.2552057580165],[-74.772155064028,39.2552080295664],[-74.7721387403559,39.2552106395636],[-74.7721224171353,39.2552133666646],[-74.7721062050898,39.2552163790647],[-74.7720899947551,39.2552195346896],[-74.7720738967609,39.2552229774126],[-74.7720579061277,39.2552266180638],[-74.7720419174243,39.2552304586912],[-74.772026040838,39.2552345287647],[-74.7720102764733,39.2552388553088],[-74.7719946599211,39.2552433535628],[-74.7719790790073,39.25524807964],[-74.7719636492774,39.2552529503947],[-74.7719483282925,39.2552580776283],[-74.7719330789788,39.2552634623281],[-74.7719180180199,39.2552690159411],[-74.7719030306144,39.255274714413],[-74.771888265502,39.2552806690989],[-74.7718770257419,39.2552852994494],[-74.7718471649671,39.2552977266572],[-74.7718170821476,39.2553096652281],[-74.7717867764693,39.2553212043455],[-74.7717561390256,39.2553323460651],[-74.7717252786024,39.2553430568021],[-74.771694087455,39.2553533395103],[-74.771662782264,39.2553631963864],[-74.7716312518852,39.2553726502103],[-74.7715995019074,39.25538164782],[-74.771567530118,39.2553902162452],[-74.7715353353659,39.2553983572901],[-74.7715113002388,39.2554041623846],[-74.7714604652963,39.2554157510773],[-74.7714092985088,39.2554266225645],[-74.7713579076541,39.2554367819996],[-74.7713062942082,39.2554463113538],[-74.7712545674818,39.255455012191],[-74.7712025071646,39.2554631426597],[-74.7711503327305,39.2554705274886],[-74.7710980465124,39.2554771702754],[-74.7710455351779,39.2554831271348],[-74.7709930223507,39.2554883975463],[-74.7709620209581,39.2554911298116],[-74.7709312036353,39.2554935202283],[-74.7709004541697,39.2554954789842],[-74.770869558327,39.2554970372059],[-74.7708387721826,39.2554981970001],[-74.7708078730346,39.2554988967279],[-74.7707770095391,39.255499226126],[-74.7707460690774,39.2554991260018],[-74.7707151650919,39.255498568166],[-74.7706842595689,39.2554976103599],[-74.770653352405,39.2554962255588],[-74.7706225549225,39.2554944369255],[-74.7705917547524,39.2554922501261],[-74.7705611011239,39.2554896026571],[-74.7705325789022,39.2554868106013],[-74.7698102079264,39.2554190121299],[-74.7698021478455,39.2554183155483],[-74.7697939792889,39.2554177336222],[-74.7697859211437,39.2554172397204],[-74.7697777521916,39.2554168568762],[-74.7697695849506,39.2554166181592],[-74.7697615269553,39.2554164656677],[-74.7697533603703,39.2554163981046],[-74.7697451930719,39.2554164467488],[-74.7697371399782,39.2554166662846],[-74.7697289712288,39.2554169410379],[-74.7697208064005,39.2554173319878],[-74.7697127521904,39.2554178650112],[-74.7697046971529,39.255418484515],[-74.7696965335288,39.255419189848],[-74.7696884805227,39.2554200372544],[-74.7696804267995,39.2554209999674],[-74.7696724847459,39.255422076826],[-74.76966443284,39.2554232115911],[-74.7696564915555,39.2554244893304],[-74.7696485507054,39.2554258805721],[-74.7696406101759,39.2554273555891],[-74.7696327801676,39.2554289474568],[-74.7696249517523,39.2554306528241],[-74.7696171226162,39.2554324725972],[-74.7696094038838,39.2554343785933],[-74.7696016867478,39.2554363989898],[-74.7695939688909,39.2554385337921],[-74.7695863647963,39.2554407241817],[-74.7695788666915,39.2554430584572],[-74.7695713712313,39.2554454783044],[-74.7695638763156,39.25544804048],[-74.7695564916965,39.2554506609535],[-74.7695491075184,39.2554533967309],[-74.7695418350025,39.2554562448524],[-74.7695346728798,39.2554591764946],[-74.7695275099359,39.255462196419],[-74.7695204586645,39.2554653313899],[-74.7695134076063,39.2554685222111],[-74.7695064683241,39.2554718551033],[-74.7694996381797,39.2554752462961],[-74.769492956892,39.2554787803751],[-74.7694902763653,39.2554801594335],[-74.7694140636481,39.2555216925896],[-74.7693387376864,39.2555642541874],[-74.7692642973131,39.2556078424298],[-74.7691909660458,39.2556524297769],[-74.7691186303308,39.2556980155925],[-74.7690472923741,39.2557445710469],[-74.7689769510195,39.2557920970455],[-74.7689702366491,39.2557966914405],[-74.7689646229111,39.255800650014],[-74.768959120735,39.2558046948087],[-74.7689536176268,39.2558087990597],[-74.7689482261736,39.2558130138539],[-74.7689429449137,39.2558172599222],[-74.7689377739401,39.2558215615867],[-74.7689327145285,39.2558259494724],[-74.7689277655169,39.2558304226812],[-74.7689229269051,39.2558349812132],[-74.7689180885096,39.2558395964964],[-74.768913470381,39.2558442427996],[-74.768908890808,39.2558489727902],[-74.76890445733,39.255853729468],[-74.7689000613762,39.2558586031662],[-74.768895777916,39.2558635036291],[-74.7688917114534,39.2558684891691],[-74.7688876462555,39.2558735026316],[-74.7688837655093,39.2558785742217],[-74.7688799602998,39.2558837041907],[-74.7688763000198,39.2558888590481],[-74.7688727153866,39.2558941011107],[-74.7688693138229,39.2558993427505],[-74.7688660238214,39.2559046706118],[-74.7688627327707,39.2559100273017],[-74.7688596632425,39.2559154402321],[-74.7688567051595,39.2559209087561],[-74.7688540041978,39.2559263496618],[-74.7688512283556,39.2559319042441],[-74.7688486007196,39.2559374314595],[-74.7688461946027,39.2559430140145],[-74.7688437875505,39.2559486551252],[-74.7688416019004,39.2559543209478],[-74.7688412735822,39.255955123439],[-74.768500710619,39.2564816280887],[-74.7684911632909,39.2564959795037],[-74.7684813953767,39.2565102179227],[-74.7684712955261,39.2565243129741],[-74.7684607536643,39.2565382649118],[-74.768450100029,39.2565520765776],[-74.768439005534,39.2565657433251],[-74.7684275790094,39.2565792423827],[-74.7684159317743,39.2565925960145],[-74.7684039514503,39.2566058080826],[-74.7683917513718,39.2566188215737],[-74.7683791081225,39.2566316919531],[-74.7683663540381,39.2566443644052],[-74.7683531579449,39.2566568946435],[-74.7683397397658,39.2566692227065],[-74.7683261006732,39.256681352195],[-74.7683120923523,39.2566932825495],[-74.7682979375964,39.2567050988352],[-74.7682834136121,39.2567167159868],[-74.7682686683881,39.2567280489858],[-74.768253701291,39.2567392356598],[-74.7682385120188,39.2567501967368],[-74.7682229940721,39.2567609585859],[-74.768207249415,39.2567715209721],[-74.7681912860453,39.2567818541499],[-74.7681751004868,39.256791958127],[-74.7681586940116,39.2568018626276],[-74.7681456993656,39.2568095000044],[-74.7676736227175,39.2570887053999],[-74.7668280325946,39.2575644529723],[-74.7667696596542,39.2575966776405],[-74.766710512038,39.2576281311467],[-74.7666508086353,39.2576587850631],[-74.766590330344,39.2576886110641],[-74.7665291859773,39.2577175809737],[-74.7664673768044,39.2577457236147],[-74.7664050118503,39.2577730666618],[-74.7663419818748,39.257799524786],[-74.7663188053004,39.2578090148163],[-74.7654663178282,39.258148597943],[-74.7653867536466,39.2581809575987],[-74.7653079665491,39.2582144558723],[-74.7652299556912,39.2582488693631],[-74.7651527220313,39.2582844530035],[-74.7650762637702,39.2583210374443],[-74.7650006935045,39.2583586764801],[-74.7649260087079,39.2583973151682],[-74.7648521004563,39.2584369528573],[-74.7647791887984,39.2584775611229],[-74.7647071651391,39.2585192266927],[-74.7646360267156,39.2585618315668],[-74.7645658860372,39.2586054061192],[-74.764544855518,39.2586187554534],[-74.7643622579732,39.258753021656],[-74.7643503727835,39.2587616289786],[-74.7643382992425,39.2587700673726],[-74.7643259308328,39.2587783596005],[-74.7643134898354,39.2587864538105],[-74.764300717012,39.2587944343678],[-74.7642879433266,39.2588021861164],[-74.7642749489373,39.2588097933318],[-74.7642617324857,39.2588172028685],[-74.7642484042566,39.2588244694264],[-74.7642348550058,39.2588315067743],[-74.7642211950314,39.2588383732153],[-74.7642074244417,39.2588450975755],[-74.7641934315635,39.2588515639021],[-74.7641793280736,39.2588578890485],[-74.7641651136372,39.2588639838342],[-74.7641506773521,39.2588699376919],[-74.764136130016,39.2588756332635],[-74.7641311732529,39.2588775614579],[-74.7641203713296,39.2588818198267],[-74.7641095708849,39.2588861637694],[-74.7640989922885,39.2588906495381],[-74.7640884166435,39.2588953046539],[-74.7640780569585,39.2589000763861],[-74.7640677012856,39.2589049913393],[-74.7640575292264,39.2589100491061],[-74.7640474318511,39.2589152472312],[-74.7640375180962,39.2589205899716],[-74.7640277161109,39.258926074788],[-74.7640179168774,39.2589316758035],[-74.7640083335834,39.2589373880307],[-74.7639988643832,39.2589432441303],[-74.7639896158789,39.2589492438606],[-74.7639843069876,39.2589527528914],[-74.7639803677988,39.258955357093],[-74.7639713426139,39.2589615824223],[-74.7639624615412,39.2589679227297],[-74.7639536194581,39.2589744638316],[-74.7639450347211,39.2589810340768],[-74.7639365640675,39.2589877454921],[-74.7639283094785,39.2589946014497],[-74.7639200574079,39.2590015114505],[-74.7639121372741,39.259008565731],[-74.7639041829073,39.2590157615178],[-74.7638966295683,39.2590229861225],[-74.7638890421111,39.2590303828612],[-74.7638816749177,39.2590378079268],[-74.7638745295724,39.2590453748193],[-74.7638674948446,39.2590530855925],[-74.7638606803672,39.2590608210893],[-74.7638539775647,39.2590686734397],[-74.7638474951343,39.2590765829432],[-74.7638412368729,39.2590846351694],[-74.7638350866855,39.2590927709269],[-74.7638291554954,39.259100906188],[-74.7638233361863,39.2591092132527],[-74.7638178495445,39.2591175501914],[-74.7638125103699,39.2591259696716],[-74.7638072062834,39.2591344764518],[-74.7638022719367,39.2591430112207],[-74.7637974480997,39.2591516610444],[-74.7637928456726,39.2591603355895],[-74.7637883524987,39.2591690990684],[-74.7637850701689,39.2591759987032],[-74.7637824389411,39.2591813240255],[-74.7637798097131,39.2591865646658],[-74.7637769591647,39.2591918049065],[-74.7637741118795,39.2591969883878],[-74.7637710407438,39.2592021147234],[-74.763767857218,39.2592072431151],[-74.7637645645419,39.2592123104979],[-74.7637612728217,39.259217323829],[-74.7637577595648,39.2592222791083],[-74.7637541349686,39.2592272076148],[-74.7637504012322,39.259232077815],[-74.7637465560516,39.2592368933172],[-74.7637426004574,39.2592416198877],[-74.7637386449775,39.2592463770859],[-74.763734468907,39.2592510194781],[-74.7637301814969,39.2592556350976],[-74.7637258938635,39.259260191263],[-74.763721385761,39.2592646650518],[-74.7637168774318,39.2592690784858],[-74.7637122576517,39.2592734354201],[-74.7637074175104,39.2592777388038],[-74.7637025794564,39.2592819809265],[-74.7636977386626,39.2592861104524],[-74.7636926753927,39.2592902404817],[-74.76368750278,39.2592942581555],[-74.7636823299372,39.2592982145736],[-74.763677046711,39.2593020901673],[-74.7636716531757,39.2593059047544],[-74.7636661481995,39.2593096655442],[-74.7636606439428,39.2593133092251],[-74.7636550282419,39.2593168982078],[-74.7636492663214,39.2593204289678],[-74.7636434658418,39.2593238742365],[-74.7636376279551,39.2593272322097],[-74.7636316831477,39.2593305057473],[-74.7636256221464,39.2593336939694],[-74.7636195631416,39.2593367966084],[-74.7636179114812,39.2593376020799],[-74.7629985397826,39.2595509959275],[-74.7629643675052,39.25956251265],[-74.7629298654785,39.2595735436623],[-74.7628951357856,39.2595841193617],[-74.7628601506077,39.2595942371083],[-74.7628250140224,39.2596038408159],[-74.7627897297153,39.2596129863271],[-74.7627541122999,39.2596216767625],[-74.7627183827618,39.2596298224419],[-74.7626824314559,39.2596375398185],[-74.7626463670952,39.259644772796],[-74.7626100795873,39.2596515180193],[-74.762573681021,39.2596576923596],[-74.762555811062,39.2596605342095],[-74.7625404798787,39.2596630577476],[-74.7625252582502,39.2596657512924],[-74.762510037373,39.2596686466179],[-74.7624949287947,39.2596718263485],[-74.7624799307212,39.2596751202327],[-74.7624649336172,39.2596786744507],[-74.7624500472127,39.2596823950697],[-74.7624352730224,39.2596863775734],[-74.7624206093233,39.2596904706276],[-74.7624059454242,39.2596948213159],[-74.7623913935173,39.2596993744352],[-74.762377063558,39.2597040964075],[-74.7623762916496,39.2597043575837],[-74.7609473919693,39.2601395029648],[-74.7609284299438,39.2601453800841],[-74.7609096902931,39.2601515422632],[-74.760891060409,39.2601579330024],[-74.7608726541652,39.260164637625],[-74.7608542475036,39.2601715431293],[-74.7608361731999,39.2601787073233],[-74.7608180996237,39.2601860687933],[-74.7608003586121,39.2601937448038],[-74.7607826172857,39.2602016496215],[-74.760765246335,39.2602097535899],[-74.7607479111036,39.2602181169128],[-74.7607308363676,39.2602267336822],[-74.7607139095384,39.2602355528032],[-74.7606971283954,39.2602446004046],[-74.7606807548076,39.2602538740989],[-74.7606683850577,39.2602610525223],[-74.760640300401,39.2602773329031],[-74.7606118087902,39.260293241247],[-74.7605828730487,39.2603087515128],[-74.7605537178533,39.2603238307681],[-74.7605241929009,39.2603385694312],[-74.760494224874,39.2603528820876],[-74.7604641451573,39.2603667634917],[-74.7604336224603,39.2603802441114],[-74.7604027668805,39.2603933282044],[-74.7603716882659,39.2604059524671],[-74.7603403881057,39.2604182060776],[-74.7603087548407,39.2604300028059],[-74.7602769022417,39.2604414000504],[-74.7602447118006,39.2604523124973],[-74.760212300861,39.2604628236608],[-74.7601797781458,39.2604728792484],[-74.7601469234836,39.2604824770493],[-74.7601138459037,39.2604916456461],[-74.7600806566497,39.2605003856911],[-74.7600471331428,39.2605086706564],[-74.7600136090862,39.2605164952926],[-74.7599797529921,39.2605238369182],[-74.7599458963496,39.2605307182145],[-74.759911701977,39.2605371435373],[-74.7598775093913,39.2605431130296],[-74.7598432038606,39.260548622443],[-74.7598086763732,39.2605536476986],[-74.7597740359521,39.2605582155777],[-74.7597459763607,39.2605615949961],[-74.7596928358989,39.2605672932071],[-74.7596396543318,39.2605722167774],[-74.7595862500566,39.2605764525909],[-74.7595328804366,39.2605800325033],[-74.7594794335891,39.2605827820042],[-74.7594257999761,39.2605848481719],[-74.7593722747447,39.2605861393653],[-74.7593186358485,39.2605867731863],[-74.7592649952695,39.2605866358816],[-74.7592114240016,39.2605858110697],[-74.7591578151298,39.2605842143113],[-74.7591042767344,39.2605819309441],[-74.7590508444233,39.2605788753107],[-74.7589974107462,39.2605751323276],[-74.7589952025911,39.2605749363548],[-74.7589412008378,39.2605701694725]]}},{"type":"Feature","id":3678,"properties":{"OBJECTID":3678,"PRIMENAME":"Mill Road","ELEVTYP_F":0,"ELEVTYP_T":0},"geometry":{"type":"LineString","coordinates":[[-74.7621196795239,39.2900050007205],[-74.762070018725,39.2900193076087],[-74.761870563721,39.2900870808582],[-74.7614491310449,39.2902373665574],[-74.7609185851616,39.2904259233536],[-74.7609098048672,39.2904290103167]]}},{"type":"Feature","id":3725,"properties":{"OBJECTID":3725,"PRIMENAME":"Blue Heron Drive","ELEVTYP_F":0,"ELEVTYP_T":0},"geometry":{"type":"LineString","coordinates":[[-74.7753916756801,39.1680343139714],[-74.7749865882472,39.1678851604286],[-74.7745713818675,39.1677554810967],[-74.7744173373001,39.1677073689834]]}},{"type":"Feature","id":4104,"properties":{"OBJECTID":4104,"PRIMENAME":"Unnamed Segment","ELEVTYP_F":0,"ELEVTYP_T":0},"geometry":{"type":"LineString","coordinates":[[-74.771113591001,39.1502973811488],[-74.771302749201,39.1503292333957],[-74.7716043735391,39.1504065859787]]}},{"type":"Feature","id":4241,"properties":{"OBJECTID":4241,"PRIMENAME":"Old Robins Trail","ELEVTYP_F":0,"ELEVTYP_T":0},"geometry":{"type":"LineString","coordinates":[[-74.877373006046,39.2047878638572],[-74.877352177823,39.2045163230127],[-74.8772828069657,39.2041686633891],[-74.8771701764228,39.2036110945252],[-74.8770013222219,39.2028009894627],[-74.8768670499949,39.2021482958614],[-74.8766509404304,39.2011644015851],[-74.8764686582152,39.200209913144],[-74.8763259971153,39.1995638352958],[-74.876308464789,39.1994391809268],[-74.8762870126181,39.1993735994746],[-74.8762317031578,39.1992852003139],[-74.8761298679086,39.1991673527421],[-74.8760492749185,39.1990757128492],[-74.8759898713115,39.1990266741694],[-74.8758968382501,39.1989777430638],[-74.8758080909273,39.1989517800538],[-74.8756519281773,39.1989227391217],[-74.8754914949268,39.1989002751965],[-74.8754070709966,39.198884127812],[-74.8752506448449,39.1988190080156],[-74.875119591412,39.1987537792936],[-74.8750137337901,39.1986884972516],[-74.8749206147253,39.1986231741207],[-74.8748485264687,39.1985511657491],[-74.8747975057198,39.1984857061639],[-74.8747591544169,39.1983939303688],[-74.8747333297836,39.198308675922],[-74.8747074177363,39.198193877198],[-74.874689871417,39.198065982307],[-74.8746597256578,39.1979511701579],[-74.8746079413567,39.1978547414681],[-74.8745448964292,39.1977710344557],[-74.8743582599912,39.197571442621],[-74.8741716941555,39.1973915090879],[-74.8740659100778,39.1973262259285],[-74.8739897992272,39.1972936313708],[-74.8739053765434,39.1972775099109],[-74.8737956709941,39.1972713002768],[-74.8735637498705,39.1972753114315],[-74.8732896239131,39.1972926094882],[-74.8731041911023,39.1973194527752],[-74.8730908330588,39.1973213620737]]}},{"type":"Feature","id":4261,"properties":{"OBJECTID":4261,"PRIMENAME":"Unnamed Segment","ELEVTYP_F":0,"ELEVTYP_T":0},"geometry":{"type":"LineString","coordinates":[[-74.8371172843856,39.2364626326909],[-74.8376252246915,39.2359424560763]]}},{"type":"Feature","id":4386,"properties":{"OBJECTID":4386,"PRIMENAME":"Unnamed Segment","ELEVTYP_F":0,"ELEVTYP_T":0},"geometry":{"type":"LineString","coordinates":[[-74.7373578607908,39.2596206384697],[-74.7386460538133,39.258108115178]]}},{"type":"Feature","id":4400,"properties":{"OBJECTID":4400,"PRIMENAME":"Juniper Street","ELEVTYP_F":0,"ELEVTYP_T":0},"geometry":{"type":"LineString","coordinates":[[-74.7971234981916,39.2395096578321],[-74.7972823808438,39.2393970554449],[-74.7974532768772,39.2392726699844],[-74.7974693513291,39.2392609704423],[-74.7976296147807,39.2391379351888],[-74.797797390189,39.2390272947906],[-74.7980629002579,39.2387912198914],[-74.7982034010092,39.2386795190609],[-74.7983411185277,39.2385516058144]]}},{"type":"Feature","id":4601,"properties":{"OBJECTID":4601,"PRIMENAME":"Grant Avenue","ELEVTYP_F":0,"ELEVTYP_T":0},"geometry":{"type":"LineString","coordinates":[[-74.8239574133363,39.2381987747488],[-74.8242604749917,39.2378780716454]]}},{"type":"Feature","id":4690,"properties":{"OBJECTID":4690,"PRIMENAME":"Unnamed Segment","ELEVTYP_F":0,"ELEVTYP_T":0},"geometry":{"type":"LineString","coordinates":[[-74.7528775444844,39.1717965026359],[-74.752810308356,39.1719347018108],[-74.7527611227058,39.1720357986524],[-74.7526993990838,39.1720920645779],[-74.752627185873,39.1721180175226],[-74.7525277229579,39.172106508712],[-74.7523950526901,39.1720763100113],[-74.752289572204,39.172067156207],[-74.752054553681,39.1720606310514],[-74.7518949105124,39.172070355765],[-74.751693055074,39.1720707919255],[-74.7515513646188,39.1720453015039],[-74.7513494174144,39.1720199408956],[-74.751198772148,39.1720179199514],[-74.7510721691775,39.1719994328611],[-74.7508731358687,39.1719459220958],[-74.7506530967795,39.1719159094694],[-74.7505175566854,39.1719255831513],[-74.7504682926201,39.1719487342646]]}},{"type":"Feature","id":4981,"properties":{"OBJECTID":4981,"PRIMENAME":"Unnamed Segment","ELEVTYP_F":0,"ELEVTYP_T":0},"geometry":{"type":"LineString","coordinates":[[-74.7757492363663,39.1527758370735],[-74.7755863145393,39.1528483517697],[-74.7753876551489,39.1528816524557],[-74.7751347738646,39.1529127368342],[-74.7747886562739,39.1529792183218],[-74.7745387563318,39.1530032570182],[-74.7743948445112,39.153017102221]]}},{"type":"Feature","id":4988,"properties":{"OBJECTID":4988,"PRIMENAME":"Unnamed Segment","ELEVTYP_F":0,"ELEVTYP_T":0},"geometry":{"type":"LineString","coordinates":[[-74.7730602032091,39.1527370398478],[-74.773468684145,39.1515221346076]]}},{"type":"Feature","id":4999,"properties":{"OBJECTID":4999,"PRIMENAME":"Sunset Road","ELEVTYP_F":0,"ELEVTYP_T":0},"geometry":{"type":"LineString","coordinates":[[-74.7614268276267,39.3079732715323],[-74.7618859520194,39.3076376495708],[-74.762211207137,39.3073835179198],[-74.7623301155545,39.3072906101249],[-74.7627631387223,39.3069522698727],[-74.7629579502629,39.3068119648089]]}},{"type":"Feature","id":5126,"properties":{"OBJECTID":5126,"PRIMENAME":"Unnamed Segment","ELEVTYP_F":0,"ELEVTYP_T":0},"geometry":{"type":"LineString","coordinates":[[-74.7555871221655,39.1724020577766],[-74.7559703911563,39.1723993166522],[-74.7560969223029,39.1723984107616],[-74.7562595389278,39.1723775745403],[-74.7564100317719,39.1723373769558],[-74.7568315736469,39.1722684399549],[-74.7568437181456,39.1722664529666]]}},{"type":"Feature","id":5231,"properties":{"OBJECTID":5231,"PRIMENAME":"Unnamed Segment","ELEVTYP_F":0,"ELEVTYP_T":0},"geometry":{"type":"LineString","coordinates":[[-74.7673833108474,39.149555884384],[-74.7675491096453,39.1495887773347],[-74.7678431651987,39.149650008581]]}},{"type":"Feature","id":5327,"properties":{"OBJECTID":5327,"PRIMENAME":"Fidler Road","ELEVTYP_F":0,"ELEVTYP_T":0},"geometry":{"type":"LineString","coordinates":[[-74.8146486332385,39.2087476396902],[-74.8141766880928,39.2095520766346],[-74.8138149771069,39.2101492885779],[-74.8135239688554,39.2106388130275],[-74.8131953059082,39.2111382128593],[-74.8128998940861,39.2115756335993],[-74.8124671892792,39.2122219324923],[-74.8120594131317,39.2128323045107],[-74.8115184787655,39.2136385544919],[-74.8111564801627,39.2141804044099],[-74.8105615013227,39.2150780076227],[-74.8100039379269,39.2159070838194],[-74.8095586738005,39.2165827296183],[-74.809086557694,39.2172787090499],[-74.8090534920066,39.2173288873852],[-74.8088878212458,39.2175803086094]]}},{"type":"Feature","id":5444,"properties":{"OBJECTID":5444,"PRIMENAME":"Unnamed Segment","ELEVTYP_F":0,"ELEVTYP_T":0},"geometry":{"type":"LineString","coordinates":[[-74.7504062832206,39.1723931793078],[-74.7503572449741,39.1725966333246],[-74.7503622324159,39.1726300869036]]}},{"type":"Feature","id":5922,"properties":{"OBJECTID":5922,"PRIMENAME":"Indian Road","ELEVTYP_F":0,"ELEVTYP_T":0},"geometry":{"type":"LineString","coordinates":[[-74.8240026206003,39.2062549285412],[-74.8238076193308,39.2063639289021],[-74.8236796202367,39.2065449281601],[-74.8235852724273,39.2067147310738],[-74.8237216190111,39.2068709274528],[-74.8237618924319,39.206895194716]]}},{"type":"Feature","id":5997,"properties":{"OBJECTID":5997,"PRIMENAME":"Hagen Road","ELEVTYP_F":0,"ELEVTYP_T":0},"geometry":{"type":"LineString","coordinates":[[-74.7700712126635,39.1634770543085],[-74.7697006287662,39.1633391420151],[-74.7680353541705,39.1627201903954],[-74.7668993557049,39.1623039041911],[-74.7668075461043,39.1622565582597]]}},{"type":"Feature","id":6065,"properties":{"OBJECTID":6065,"PRIMENAME":"Dehirsch Avenue","ELEVTYP_F":0,"ELEVTYP_T":0},"geometry":{"type":"LineString","coordinates":[[-74.8157648671254,39.2415326112745],[-74.8146744054922,39.240908193419]]}},{"type":"Feature","id":6074,"properties":{"OBJECTID":6074,"PRIMENAME":"Garfield Avenue","ELEVTYP_F":0,"ELEVTYP_T":0},"geometry":{"type":"LineString","coordinates":[[-74.7940638147957,39.1724444225878],[-74.7938768533149,39.1719518943793]]}},{"type":"Feature","id":6765,"properties":{"OBJECTID":6765,"PRIMENAME":"Dehirsch Avenue","ELEVTYP_F":0,"ELEVTYP_T":0},"geometry":{"type":"LineString","coordinates":[[-74.8092187431446,39.2377842244174],[-74.8092150248193,39.2377821317607],[-74.8082430525606,39.2372350843157],[-74.8061494670127,39.2360559086048],[-74.8057529612193,39.2358250107317]]}},{"type":"Feature","id":6822,"properties":{"OBJECTID":6822,"PRIMENAME":"Cove Road","ELEVTYP_F":0,"ELEVTYP_T":0},"geometry":{"type":"LineString","coordinates":[[-74.8275715089819,39.1950447722899],[-74.8275608819421,39.1950506053291],[-74.8275449255569,39.1950947198057],[-74.827533138254,39.1951703156571],[-74.8275189760666,39.1952754880021]]}},{"type":"Feature","id":7003,"properties":{"OBJECTID":7003,"PRIMENAME":"Camp Road","ELEVTYP_F":0,"ELEVTYP_T":0},"geometry":{"type":"LineString","coordinates":[[-74.8576961690248,39.2441121137557],[-74.8578131438405,39.2441579991622],[-74.8580449648315,39.244263481303],[-74.8580930078094,39.2442918320754],[-74.8581223623277,39.2443231904913]]}},{"type":"Feature","id":7116,"properties":{"OBJECTID":7116,"PRIMENAME":"School House Road","ELEVTYP_F":0,"ELEVTYP_T":0},"geometry":{"type":"LineString","coordinates":[[-74.8116973297385,39.1730921132436],[-74.8113626725548,39.1730596463562],[-74.8110890766623,39.1730273731448],[-74.8106952980979,39.1729787804456]]}},{"type":"Feature","id":7357,"properties":{"OBJECTID":7357,"PRIMENAME":"Mt Pleasant Tuckahoe Road","ELEVTYP_F":0,"ELEVTYP_T":0},"geometry":{"type":"LineString","coordinates":[[-74.7550467286236,39.2840313154927],[-74.7550172723199,39.2842189117561],[-74.7549181089579,39.2848067921073]]}},{"type":"Feature","id":7584,"properties":{"OBJECTID":7584,"PRIMENAME":"Farm Road","ELEVTYP_F":0,"ELEVTYP_T":0},"geometry":{"type":"LineString","coordinates":[[-74.7427988701674,39.2699137807335],[-74.742647969473,39.2699726117646],[-74.7424333015061,39.2700563038383],[-74.7421477756101,39.2702089827999],[-74.7419479153327,39.2703534378615]]}},{"type":"Feature","id":7977,"properties":{"OBJECTID":7977,"PRIMENAME":"Unnamed Segment","ELEVTYP_F":0,"ELEVTYP_T":0},"geometry":{"type":"LineString","coordinates":[[-74.771113591001,39.1502973811488],[-74.7714497342151,39.1495894319399]]}},{"type":"Feature","id":8076,"properties":{"OBJECTID":8076,"PRIMENAME":"Unnamed Segment","ELEVTYP_F":0,"ELEVTYP_T":0},"geometry":{"type":"LineString","coordinates":[[-74.7545314603038,39.1667921231826],[-74.7546001125177,39.1668207675963]]}},{"type":"Feature","id":8289,"properties":{"OBJECTID":8289,"PRIMENAME":"Unnamed Segment","ELEVTYP_F":0,"ELEVTYP_T":0},"geometry":{"type":"LineString","coordinates":[[-74.7541927918284,39.1666508101721],[-74.7542714293435,39.1666836218958]]}},{"type":"Feature","id":8394,"properties":{"OBJECTID":8394,"PRIMENAME":"Unnamed Segment","ELEVTYP_F":0,"ELEVTYP_T":0},"geometry":{"type":"LineString","coordinates":[[-74.7551174320704,39.1925484385135],[-74.7538246118748,39.1920489480782]]}},{"type":"Feature","id":8612,"properties":{"OBJECTID":8612,"PRIMENAME":"Killdeer Hill Road","ELEVTYP_F":0,"ELEVTYP_T":0},"geometry":{"type":"LineString","coordinates":[[-74.7287119379982,39.2448666224028],[-74.7287540310821,39.2448887793334],[-74.7288069378116,39.2449031453803],[-74.7288944750338,39.2449141211038],[-74.7289844604936,39.2449180628018],[-74.7290861868078,39.2449164899018],[-74.7291932610258,39.2449089483253],[-74.7293098168066,39.244896198324],[-74.7294742325547,39.2448763527001],[-74.729689577022,39.2448494042982],[-74.7298481237701,39.2448274825063],[-74.7299867596436,39.2448074402047],[-74.7301986800905,39.2447804156476],[-74.7303318320111,39.2447676318211],[-74.7304521854008,39.2447610510321],[-74.7305658173963,39.2447612648439],[-74.7306847684114,39.244768306181],[-74.7307925036005,39.2447794593726],[-74.7309493941737,39.2448019933313],[-74.7310855013079,39.2448290976697],[-74.7311834363988,39.244855976747],[-74.7312851798715,39.2448917708619],[-74.7313967841136,39.2449411648869],[-74.7314892808738,39.2449893599485],[-74.7316180352398,39.2450674398096],[-74.7317650868172,39.2451686019188],[-74.7319777842268,39.2453238610352],[-74.7321415382865,39.2454465704841],[-74.7323818877766,39.2456236575012],[-74.7325427984583,39.245750737454],[-74.7326266299588,39.2458367304453],[-74.7326781832164,39.2459112014403],[-74.7327142974853,39.2459935287351],[-74.7327311952191,39.2460635107642],[-74.7327304551047,39.2461385807677],[-74.7327172110977,39.2462234776412],[-74.732695106519,39.246309380421],[-74.7326570358803,39.2464253261031],[-74.7326565457171,39.2464266963375],[-74.7326004575029,39.2465833178455],[-74.7323871465909,39.2472705584465]]}},{"type":"Feature","id":8842,"properties":{"OBJECTID":8842,"PRIMENAME":"Unnamed Segment","ELEVTYP_F":0,"ELEVTYP_T":0},"geometry":{"type":"LineString","coordinates":[[-74.7521920238778,39.1650356016994],[-74.7518168267024,39.1654985277051]]}},{"type":"Feature","id":8902,"properties":{"OBJECTID":8902,"PRIMENAME":"Thicket Street","ELEVTYP_F":0,"ELEVTYP_T":0},"geometry":{"type":"LineString","coordinates":[[-74.7299853815947,39.2067318478717],[-74.7306065555693,39.206968868407],[-74.7306673034759,39.2069942222907],[-74.7307255147008,39.2070229533496],[-74.7307808796171,39.2070549087638],[-74.7308331037358,39.2070899185631],[-74.7313413870715,39.2075003599329],[-74.7313757392274,39.207525415014],[-74.7314267914187,39.207554566291],[-74.7314824941257,39.2075780034052],[-74.7316429653811,39.2076332477558],[-74.7317988962987,39.2076869289669]]}},{"type":"Feature","id":9071,"properties":{"OBJECTID":9071,"PRIMENAME":"Stipson Island Road","ELEVTYP_F":0,"ELEVTYP_T":0},"geometry":{"type":"LineString","coordinates":[[-74.9073070809677,39.2157179455876],[-74.907341984323,39.2156254842241],[-74.9074591511161,39.2153353728421],[-74.9075865631307,39.2150410798759]]}},{"type":"Feature","id":9398,"properties":{"OBJECTID":9398,"PRIMENAME":"Kimberely Court","ELEVTYP_F":0,"ELEVTYP_T":0},"geometry":{"type":"LineString","coordinates":[[-74.754863950528,39.1600351976969],[-74.754826734139,39.159915782796],[-74.754805200343,39.1598224191868],[-74.7547943422585,39.1597454797499],[-74.7548011381798,39.1596740193529],[-74.7548149678084,39.1595970259369],[-74.7548429604198,39.1595255200883],[-74.7548779855123,39.1594484794115],[-74.7549305960456,39.159357644445],[-74.7550255094538,39.1592420320988],[-74.755116968979,39.1591566314669],[-74.7551943311572,39.1590740344152],[-74.7552646494126,39.1589941705714],[-74.7553629891048,39.1588510379129],[-74.7554893326362,39.1586501279183]]}},{"type":"Feature","id":9686,"properties":{"OBJECTID":9686,"PRIMENAME":"Unnamed Segment","ELEVTYP_F":0,"ELEVTYP_T":0},"geometry":{"type":"LineString","coordinates":[[-74.7550353301811,39.166364659481],[-74.7545314603038,39.1667921231826]]}},{"type":"Feature","id":9793,"properties":{"OBJECTID":9793,"PRIMENAME":"Jonathan Drive","ELEVTYP_F":0,"ELEVTYP_T":0},"geometry":{"type":"LineString","coordinates":[[-74.7359542130578,39.2534212690699],[-74.7361568650241,39.2535093256159],[-74.7362619538023,39.253548321773],[-74.7364215090713,39.2535903367454],[-74.7365642243816,39.2536129188843],[-74.7366902118563,39.2536387742111],[-74.7367994094969,39.2536711719987],[-74.7369086302922,39.2537100762932],[-74.7370262902224,39.2537587931085],[-74.7371691586388,39.2538270072675],[-74.7373541177405,39.2539244879461],[-74.7374927745546,39.2539894438987],[-74.7376314363114,39.2540348499796],[-74.7377615994473,39.254073710738],[-74.7378960040264,39.2541028157647],[-74.7380471034544,39.2541188164496],[-74.7381771687333,39.2541282974497],[-74.7383198789366,39.2541280055078],[-74.7384499460129,39.2541277392776],[-74.7386135075987,39.254111121878],[-74.7391671301842,39.2540317064285],[-74.7396912156584,39.2539588828219]]}},{"type":"Feature","id":9897,"properties":{"OBJECTID":9897,"PRIMENAME":"Unnamed Segment","ELEVTYP_F":0,"ELEVTYP_T":0},"geometry":{"type":"LineString","coordinates":[[-74.7535101408571,39.1935266786769],[-74.7532822108233,39.1932989373398],[-74.7531474281689,39.1932155103694],[-74.752965966957,39.1931107375447]]}},{"type":"Feature","id":10081,"properties":{"OBJECTID":10081,"PRIMENAME":"Unnamed Segment","ELEVTYP_F":0,"ELEVTYP_T":0},"geometry":{"type":"LineString","coordinates":[[-74.7721913151053,39.1486647301973],[-74.772253446941,39.1487117260565],[-74.772307962464,39.1487907474377],[-74.7723307827899,39.1488504946058],[-74.7723400599909,39.1489137902964],[-74.7723380321675,39.1489735964224],[-74.7723135172267,39.1490598380018],[-74.7722731906273,39.149146115613],[-74.7721518376735,39.1493082133909]]}},{"type":"Feature","id":10090,"properties":{"OBJECTID":10090,"PRIMENAME":"Unnamed Segment","ELEVTYP_F":0,"ELEVTYP_T":0},"geometry":{"type":"LineString","coordinates":[[-74.8444036946202,39.2016659278511],[-74.8443090085512,39.2016514854342],[-74.8439676674723,39.2016645684369],[-74.843954113938,39.2016639967868]]}},{"type":"Feature","id":11146,"properties":{"OBJECTID":11146,"PRIMENAME":"Dehirsch Avenue","ELEVTYP_F":0,"ELEVTYP_T":0},"geometry":{"type":"LineString","coordinates":[[-74.8176386989684,39.2431055645997],[-74.8171828069716,39.2428463757643],[-74.8165539549212,39.2424896320441]]}},{"type":"Feature","id":11315,"properties":{"OBJECTID":11315,"PRIMENAME":"Whippoorwill Drive","ELEVTYP_F":0,"ELEVTYP_T":0},"geometry":{"type":"LineString","coordinates":[[-74.7339839347469,39.2476529986353],[-74.7325431863486,39.2473009444379],[-74.7323871465909,39.2472705584465]]}},{"type":"Feature","id":11352,"properties":{"OBJECTID":11352,"PRIMENAME":"North Sunset Drive","ELEVTYP_F":0,"ELEVTYP_T":0},"geometry":{"type":"LineString","coordinates":[[-74.7516253408434,39.2553114018527],[-74.7516669805123,39.2553368196182],[-74.7517086213699,39.255362237366],[-74.7518855162781,39.2554990035928],[-74.7520554564816,39.2556659045556],[-74.7521688150601,39.2557918799385],[-74.7522291850114,39.255904213496],[-74.7522720791277,39.2560577165044],[-74.7522902485486,39.2562003172341],[-74.7522907696111,39.2563457019022],[-74.7522700415641,39.2564746304015],[-74.7522175502182,39.2565899820056],[-74.7521368640284,39.2567217860222],[-74.7520244372037,39.2568564602347],[-74.7518697210876,39.2569966893],[-74.7516761544537,39.2571369741954],[-74.7514227223057,39.257296635928],[-74.7511410494424,39.2574700595405],[-74.7509158435644,39.2576323770772],[-74.7507470051528,39.2577753537488],[-74.7506098322979,39.2579045875304],[-74.7504868608077,39.2580447464234],[-74.7503744675856,39.2581903459385],[-74.7502587048755,39.2583716197989],[-74.7501675251385,39.2585336757099],[-74.7500710114229,39.2587257539412],[-74.749973421958,39.2589031716887],[-74.7498687957267,39.2590683865761],[-74.7497500329564,39.2592010948334],[-74.7496093973092,39.2593412906529],[-74.7495345636015,39.2594027079288],[-74.7494721482886,39.2594403474394],[-74.7493911580887,39.2594789067997],[-74.7492552739631,39.2595345785433],[-74.7491163929236,39.2595721896208],[-74.7489856819097,39.2595930619781],[-74.7488499958207,39.2596049392861],[-74.7486894234952,39.2596011087719],[-74.7484282741609,39.259579727487],[-74.7480823437954,39.2595338157565],[-74.7478581523297,39.2595066711621]]}},{"type":"Feature","id":11421,"properties":{"OBJECTID":11421,"PRIMENAME":"Unnamed Segment","ELEVTYP_F":0,"ELEVTYP_T":0},"geometry":{"type":"LineString","coordinates":[[-74.7682291663576,39.150134220661],[-74.7684400566927,39.1501778168361],[-74.7698607893909,39.1504714996523]]}},{"type":"Feature","id":12044,"properties":{"OBJECTID":12044,"PRIMENAME":"Tuckahoe Road","ELEVTYP_F":0,"ELEVTYP_T":0},"geometry":{"type":"LineString","coordinates":[[-74.7405851478385,39.2668498780222],[-74.740457015397,39.2668544531022],[-74.7403083101548,39.2668547600604],[-74.7401865419884,39.2668409530362],[-74.7401570926867,39.2668330514014]]}},{"type":"Feature","id":12221,"properties":{"OBJECTID":12221,"PRIMENAME":"Hoffman Mill Road","ELEVTYP_F":0,"ELEVTYP_T":0},"geometry":{"type":"LineString","coordinates":[[-74.8873966269961,39.2627958446402],[-74.8866965820428,39.2629176642404],[-74.8857873527951,39.2630752903892],[-74.8837056368602,39.263441718847],[-74.8824684973529,39.2636545446825],[-74.8798253432642,39.2641214961165],[-74.8797706426276,39.2641311592543],[-74.8788713568528,39.2642848551943],[-74.8755970801136,39.2648598969511],[-74.874111459232,39.2651159665354],[-74.873857909347,39.265159777864]]}},{"type":"Feature","id":12245,"properties":{"OBJECTID":12245,"PRIMENAME":"Unnamed Segment","ELEVTYP_F":0,"ELEVTYP_T":0},"geometry":{"type":"LineString","coordinates":[[-74.75691137215,39.1718437959495],[-74.7569402636345,39.1715036887694],[-74.7569419311696,39.1714985656353]]}},{"type":"Feature","id":12622,"properties":{"OBJECTID":12622,"PRIMENAME":"Unnamed Segment","ELEVTYP_F":0,"ELEVTYP_T":0},"geometry":{"type":"LineString","coordinates":[[-74.8425999778887,39.2021246566252],[-74.8426623471493,39.202223074554],[-74.8430098125891,39.2034436498458]]}},{"type":"Feature","id":12643,"properties":{"OBJECTID":12643,"PRIMENAME":"Unnamed Segment","ELEVTYP_F":0,"ELEVTYP_T":0},"geometry":{"type":"LineString","coordinates":[[-74.8399493954099,39.2350833228727],[-74.8399871606964,39.2350442077854],[-74.8399975561295,39.2349156746251],[-74.8398976407175,39.2347553390583],[-74.8396959345969,39.234616716542],[-74.8391590182323,39.2343184700435]]}},{"type":"Feature","id":12828,"properties":{"OBJECTID":12828,"PRIMENAME":"Unnamed Segment","ELEVTYP_F":0,"ELEVTYP_T":0},"geometry":{"type":"LineString","coordinates":[[-74.7543535005959,39.1660482025005],[-74.7538898592125,39.1665181231187]]}},{"type":"Feature","id":13126,"properties":{"OBJECTID":13126,"PRIMENAME":"Unnamed Segment","ELEVTYP_F":0,"ELEVTYP_T":0},"geometry":{"type":"LineString","coordinates":[[-74.7493301365321,39.1910871714319],[-74.7490573691004,39.1912817827799],[-74.7489693586768,39.1913506468678]]}},{"type":"Feature","id":13277,"properties":{"OBJECTID":13277,"PRIMENAME":"FR CO 550 WB TO CO 550 WB","ELEVTYP_F":0,"ELEVTYP_T":0},"geometry":{"type":"LineString","coordinates":[[-74.8728757480942,39.2653962024076],[-74.8730791067341,39.2653254807625],[-74.8731905364989,39.2652972550387],[-74.8733417194837,39.2652720032944],[-74.8734929206617,39.2652436497703],[-74.8736162188246,39.2652154125986],[-74.873857909347,39.265159777864]]}},{"type":"Feature","id":13389,"properties":{"OBJECTID":13389,"PRIMENAME":"Gracetown Road","ELEVTYP_F":0,"ELEVTYP_T":0},"geometry":{"type":"LineString","coordinates":[[-74.7686328525698,39.174335182316],[-74.7688341782152,39.1748464994362],[-74.7690615692251,39.1753927093293],[-74.7692977522721,39.1759903523694]]}},{"type":"Feature","id":13473,"properties":{"OBJECTID":13473,"PRIMENAME":"Tressler Lane","ELEVTYP_F":0,"ELEVTYP_T":0},"geometry":{"type":"LineString","coordinates":[[-74.8175416964753,39.1683648657228],[-74.8169341444687,39.1673010298076],[-74.8161614618169,39.1659519687982],[-74.8154582107511,39.1647267416552],[-74.8152088671089,39.1643000384339],[-74.8150806789713,39.1640806699657],[-74.8150689253063,39.1640471482554],[-74.8150673909263,39.1640035770999],[-74.815074171855,39.1639848808055]]}},{"type":"Feature","id":13498,"properties":{"OBJECTID":13498,"PRIMENAME":"Hoffman Drive","ELEVTYP_F":0,"ELEVTYP_T":0},"geometry":{"type":"LineString","coordinates":[[-74.8150902472236,39.1686126252195],[-74.8151889108174,39.1690324311204],[-74.8153910504383,39.1699304325783],[-74.8155143665242,39.1705302386545],[-74.8155497079953,39.1707346742412],[-74.8155588689945,39.1708587026979],[-74.815546422943,39.1709626631779],[-74.815514122763,39.171107095232],[-74.8154660478255,39.1712422886639],[-74.8154239228622,39.1713431441087]]}},{"type":"Feature","id":14130,"properties":{"OBJECTID":14130,"PRIMENAME":"Madison Avenue","ELEVTYP_F":0,"ELEVTYP_T":0},"geometry":{"type":"LineString","coordinates":[[-74.8121989613599,39.2400019024758],[-74.8123590808695,39.2398332971387],[-74.8125126183671,39.2396698448452]]}},{"type":"Feature","id":14968,"properties":{"OBJECTID":14968,"PRIMENAME":"Unnamed Segment","ELEVTYP_F":0,"ELEVTYP_T":0},"geometry":{"type":"LineString","coordinates":[[-74.7361056922196,39.1965405238984],[-74.7357387429436,39.1969879587383],[-74.7354558505041,39.1973328923808],[-74.7352822916439,39.197483701095],[-74.735207250287,39.1975753115225],[-74.7351863811461,39.1976433620666],[-74.7350362574311,39.1978148593817],[-74.7348433183504,39.198054670122]]}},{"type":"Feature","id":15040,"properties":{"OBJECTID":15040,"PRIMENAME":"Unnamed Segment","ELEVTYP_F":0,"ELEVTYP_T":0},"geometry":{"type":"LineString","coordinates":[[-74.7370325679341,39.1999425232403],[-74.7370163480907,39.2013941835601]]}},{"type":"Feature","id":15677,"properties":{"OBJECTID":15677,"PRIMENAME":"Unnamed Segment","ELEVTYP_F":0,"ELEVTYP_T":0},"geometry":{"type":"LineString","coordinates":[[-74.752965966957,39.1931107375447],[-74.7517309778,39.192397668267]]}},{"type":"Feature","id":15905,"properties":{"OBJECTID":15905,"PRIMENAME":"Atlantic Boulevard","ELEVTYP_F":0,"ELEVTYP_T":0},"geometry":{"type":"LineString","coordinates":[[-74.7953075078958,39.2376570825725],[-74.7956277133058,39.2379645997103]]}},{"type":"Feature","id":15931,"properties":{"OBJECTID":15931,"PRIMENAME":"Unnamed Segment","ELEVTYP_F":0,"ELEVTYP_T":0},"geometry":{"type":"LineString","coordinates":[[-74.7683695043559,39.1497012168012],[-74.7687713995625,39.1497911053029]]}},{"type":"Feature","id":16549,"properties":{"OBJECTID":16549,"PRIMENAME":"Chestnut Street","ELEVTYP_F":0,"ELEVTYP_T":0},"geometry":{"type":"LineString","coordinates":[[-74.8636855580006,39.269032739492],[-74.8638753919443,39.2688292664454],[-74.8644743075657,39.2681836898302],[-74.8647777271547,39.267856248262],[-74.8650640209785,39.2675574966582]]}},{"type":"Feature","id":16699,"properties":{"OBJECTID":16699,"PRIMENAME":"Gatzmer Avenue","ELEVTYP_F":0,"ELEVTYP_T":0},"geometry":{"type":"LineString","coordinates":[[-74.8209618654767,39.1908361325991],[-74.8202702497382,39.1910740323803],[-74.8196140267559,39.1913136704724],[-74.8192855114525,39.1914342864749]]}},{"type":"Feature","id":17100,"properties":{"OBJECTID":17100,"PRIMENAME":"Pacific Avenue","ELEVTYP_F":0,"ELEVTYP_T":0},"geometry":{"type":"LineString","coordinates":[[-74.7959207663973,39.2371796186955],[-74.7955357286918,39.2369663383343]]}},{"type":"Feature","id":17176,"properties":{"OBJECTID":17176,"PRIMENAME":"Unnamed Segment","ELEVTYP_F":0,"ELEVTYP_T":0},"geometry":{"type":"LineString","coordinates":[[-74.7306967030467,39.1991944587702],[-74.7308246602091,39.1990003424248],[-74.730948856423,39.1988844040934],[-74.7309551244809,39.1988755734119],[-74.7310488604677,39.1987435001691],[-74.7310969401647,39.1986996288199],[-74.7311531057016,39.1986713753698],[-74.7312334983634,39.1986774694274],[-74.7312738051564,39.1987149118316],[-74.7313718984569,39.1988060282318],[-74.7314550706544,39.1988458789452],[-74.7315113513674,39.1988520207089]]}},{"type":"Feature","id":17333,"properties":{"OBJECTID":17333,"PRIMENAME":"Unnamed Segment","ELEVTYP_F":0,"ELEVTYP_T":0},"geometry":{"type":"LineString","coordinates":[[-74.7310523274726,39.1902036562489],[-74.7309965111142,39.1903464275862],[-74.730945032052,39.1904495778997],[-74.7308760835316,39.1904922771723],[-74.7308037060931,39.1905370992566]]}},{"type":"Feature","id":17610,"properties":{"OBJECTID":17610,"PRIMENAME":"Captain Drive","ELEVTYP_F":0,"ELEVTYP_T":0},"geometry":{"type":"LineString","coordinates":[[-74.8074886145315,39.2310009330839],[-74.8076836171553,39.2311109334239],[-74.8080796175232,39.2313339332287],[-74.8083537481391,39.2314954414085],[-74.8089096160527,39.2318229334704]]}},{"type":"Feature","id":19881,"properties":{"OBJECTID":19881,"PRIMENAME":"Chestnut Street","ELEVTYP_F":0,"ELEVTYP_T":0},"geometry":{"type":"LineString","coordinates":[[-74.8606521364465,39.2723319673511],[-74.8606480220751,39.2723012008846],[-74.8606598034471,39.2722703572616],[-74.860734555148,39.2721746577415],[-74.8610892588649,39.271797781421],[-74.8616528044881,39.2711954370736],[-74.8619188989986,39.2709132581826]]}},{"type":"Feature","id":20027,"properties":{"OBJECTID":20027,"PRIMENAME":"Unnamed Segment","ELEVTYP_F":0,"ELEVTYP_T":0},"geometry":{"type":"LineString","coordinates":[[-74.7339993806988,39.182981133614],[-74.7338581180978,39.1832075386695],[-74.7336191551734,39.1835905236267],[-74.7336147580357,39.1835975715718]]}},{"type":"Feature","id":20178,"properties":{"OBJECTID":20178,"PRIMENAME":"Unnamed Segment","ELEVTYP_F":0,"ELEVTYP_T":0},"geometry":{"type":"LineString","coordinates":[[-74.7348433183504,39.198054670122],[-74.7350647494157,39.1981905187576],[-74.7352366579468,39.1982600260094],[-74.7352484091791,39.1982614841533]]}},{"type":"Feature","id":20578,"properties":{"OBJECTID":20578,"PRIMENAME":"Unnamed Segment","ELEVTYP_F":0,"ELEVTYP_T":0},"geometry":{"type":"LineString","coordinates":[[-74.7535408766995,39.1663638892362],[-74.7538898592125,39.1665181231187]]}},{"type":"Feature","id":20716,"properties":{"OBJECTID":20716,"PRIMENAME":"Unnamed Segment","ELEVTYP_F":0,"ELEVTYP_T":0},"geometry":{"type":"LineString","coordinates":[[-74.7542714293435,39.1666836218958],[-74.7538044070084,39.1670912232374]]}},{"type":"Feature","id":21063,"properties":{"OBJECTID":21063,"PRIMENAME":"Unnamed Segment","ELEVTYP_F":0,"ELEVTYP_T":0},"geometry":{"type":"LineString","coordinates":[[-74.7382953615534,39.1975151187937],[-74.7386382412318,39.1977025209102]]}},{"type":"Feature","id":21132,"properties":{"OBJECTID":21132,"PRIMENAME":"Unnamed Segment","ELEVTYP_F":0,"ELEVTYP_T":0},"geometry":{"type":"LineString","coordinates":[[-74.752841760729,39.1660765787983],[-74.7528494243502,39.166080625851],[-74.7531571081581,39.1661942823062],[-74.7531728757937,39.1662012502658]]}},{"type":"Feature","id":21258,"properties":{"OBJECTID":21258,"PRIMENAME":"Unnamed Segment","ELEVTYP_F":0,"ELEVTYP_T":0},"geometry":{"type":"LineString","coordinates":[[-74.7293581294255,39.1797491269532],[-74.729439029068,39.1798071319794],[-74.7318652680093,39.1815466713644]]}},{"type":"Feature","id":21412,"properties":{"OBJECTID":21412,"PRIMENAME":"Rising Sun Lane","ELEVTYP_F":0,"ELEVTYP_T":0},"geometry":{"type":"LineString","coordinates":[[-74.7312311944393,39.1879588040808],[-74.7300590876111,39.187142039133]]}},{"type":"Feature","id":22117,"properties":{"OBJECTID":22117,"PRIMENAME":"Eddy Lane","ELEVTYP_F":0,"ELEVTYP_T":0},"geometry":{"type":"LineString","coordinates":[[-74.7324828980354,39.186871219746],[-74.7315458365067,39.1876874206899],[-74.7312311944393,39.1879588040808]]}},{"type":"Feature","id":22904,"properties":{"OBJECTID":22904,"PRIMENAME":"Unnamed Segment","ELEVTYP_F":0,"ELEVTYP_T":0},"geometry":{"type":"LineString","coordinates":[[-74.7519136106085,39.1649063255239],[-74.7515086739131,39.1653514818407]]}},{"type":"Feature","id":25009,"properties":{"OBJECTID":25009,"PRIMENAME":"Unnamed Segment","ELEVTYP_F":0,"ELEVTYP_T":0},"geometry":{"type":"LineString","coordinates":[[-74.7356567329391,39.1983121469987],[-74.7361775838461,39.1983767729878]]}},{"type":"Feature","id":25641,"properties":{"OBJECTID":25641,"PRIMENAME":"Unnamed Segment","ELEVTYP_F":0,"ELEVTYP_T":0},"geometry":{"type":"LineString","coordinates":[[-74.7535443787989,39.1656574696695],[-74.7533491339299,39.1659255440911],[-74.7531728757937,39.1662012502658]]}},{"type":"Feature","id":25681,"properties":{"OBJECTID":25681,"PRIMENAME":"Clover Avenue","ELEVTYP_F":0,"ELEVTYP_T":0},"geometry":{"type":"LineString","coordinates":[[-74.7674052401868,39.296418494021],[-74.7676372586799,39.29523868422]]}},{"type":"Feature","id":25901,"properties":{"OBJECTID":25901,"PRIMENAME":"Killdeer Hill Road","ELEVTYP_F":0,"ELEVTYP_T":0},"geometry":{"type":"LineString","coordinates":[[-74.7316350793497,39.2496906803992],[-74.7313765990326,39.2505011820669],[-74.7312899022123,39.2508339704665],[-74.7312465655689,39.2509932809733],[-74.7312311890213,39.2510964136441]]}},{"type":"Feature","id":26049,"properties":{"OBJECTID":26049,"PRIMENAME":"Unnamed Segment","ELEVTYP_F":0,"ELEVTYP_T":0},"geometry":{"type":"LineString","coordinates":[[-74.7665481700703,39.1493901923901],[-74.7667727227083,39.1486838710324]]}},{"type":"Feature","id":26384,"properties":{"OBJECTID":26384,"PRIMENAME":"Pats Lane","ELEVTYP_F":0,"ELEVTYP_T":0},"geometry":{"type":"LineString","coordinates":[[-74.7578228726444,39.1633838995925],[-74.7581283675257,39.163080146165],[-74.7584976713979,39.1626917913944],[-74.7586067203431,39.1625844091361],[-74.7586488984462,39.1625348099538],[-74.7586804744536,39.1624797698037],[-74.7587014662683,39.162433017433],[-74.7587118502189,39.1623697600231],[-74.758710263308,39.1622350557579]]}},{"type":"Feature","id":27515,"properties":{"OBJECTID":27515,"PRIMENAME":"Unnamed Segment","ELEVTYP_F":0,"ELEVTYP_T":0},"geometry":{"type":"LineString","coordinates":[[-74.7288765357672,39.1974147184144],[-74.7292816380416,39.1972034223443]]}},{"type":"Feature","id":27956,"properties":{"OBJECTID":27956,"PRIMENAME":"Unnamed Segment","ELEVTYP_F":0,"ELEVTYP_T":0},"geometry":{"type":"LineString","coordinates":[[-74.7504682926201,39.1719487342646],[-74.750451974955,39.1721227128777],[-74.7504166278162,39.1723502664235],[-74.7504062832206,39.1723931793078]]}},{"type":"Feature","id":28149,"properties":{"OBJECTID":28149,"PRIMENAME":"Unnamed Segment","ELEVTYP_F":0,"ELEVTYP_T":0},"geometry":{"type":"LineString","coordinates":[[-74.7346112140897,39.1979122700743],[-74.7348433183504,39.198054670122]]}},{"type":"Feature","id":28811,"properties":{"OBJECTID":28811,"PRIMENAME":"Sunset Road","ELEVTYP_F":0,"ELEVTYP_T":0},"geometry":{"type":"LineString","coordinates":[[-74.8558518182473,39.2326144188996],[-74.8560460748483,39.2326510843392],[-74.856582844159,39.2327544660499],[-74.8569249009028,39.2328214028353],[-74.8572509680081,39.232882181867],[-74.8575213494289,39.2329338785354],[-74.8577400530554,39.2329733766738],[-74.857954720642,39.2330036064959],[-74.8581216802814,39.2330247293282],[-74.8583243874389,39.2330426395129],[-74.8585747558051,39.233060402633],[-74.8588647990594,39.2330625848149],[-74.859222391157,39.2330738662078],[-74.8595402352492,39.2330790634111],[-74.8597746066396,39.2330752643184],[-74.8600049539812,39.2330714501666],[-74.8601440218513,39.2330648144769],[-74.8603187678083,39.2330550207664],[-74.8604815483046,39.2330390868624],[-74.860644329598,39.2330230968773],[-74.8608864574665,39.2329760264878],[-74.8611721788015,39.2329133622609],[-74.861438038134,39.2328538334854],[-74.8617039287346,39.2328004827704],[-74.8618825835167,39.2327752164054],[-74.8620135742845,39.2327562757767],[-74.8621565916842,39.2327558311991],[-74.8622917143419,39.2327646642844],[-74.8623950790613,39.2327766984671],[-74.862514358309,39.2328010108304],[-74.8626337533983,39.2328408367329],[-74.8627731319039,39.2329083871488],[-74.8630878490078,39.2330742367785],[-74.8634107940285,39.2333018655331],[-74.8641443332472,39.2337939144125],[-74.8652406054082,39.2345227108648],[-74.8665203364598,39.2353776082013],[-74.8666746217396,39.2354855504509]]}},{"type":"Feature","id":29283,"properties":{"OBJECTID":29283,"PRIMENAME":"Unnamed Segment","ELEVTYP_F":0,"ELEVTYP_T":0},"geometry":{"type":"LineString","coordinates":[[-74.7739420837594,39.1529505935263],[-74.7742780326437,39.1518965468945]]}},{"type":"Feature","id":29458,"properties":{"OBJECTID":29458,"PRIMENAME":"Townsends Creek Drive","ELEVTYP_F":0,"ELEVTYP_T":0},"geometry":{"type":"LineString","coordinates":[[-74.824977619925,39.2022939275194],[-74.8263176211272,39.2028039269647]]}},{"type":"Feature","id":29865,"properties":{"OBJECTID":29865,"PRIMENAME":"Unnamed Segment","ELEVTYP_F":0,"ELEVTYP_T":0},"geometry":{"type":"LineString","coordinates":[[-74.7380031081895,39.199954616562],[-74.7384612686825,39.1999654040656]]}},{"type":"Feature","id":30865,"properties":{"OBJECTID":30865,"PRIMENAME":"Unnamed Segment","ELEVTYP_F":0,"ELEVTYP_T":0},"geometry":{"type":"LineString","coordinates":[[-74.7369970194158,39.1855266392481],[-74.7371417643842,39.1855565875911],[-74.7373643530281,39.1856233375702],[-74.7375999388408,39.1857035037841],[-74.7380667616524,39.1858537615161],[-74.7382060837135,39.1858895867531]]}},{"type":"Feature","id":31411,"properties":{"OBJECTID":31411,"PRIMENAME":"Kelly Court","ELEVTYP_F":0,"ELEVTYP_T":0},"geometry":{"type":"LineString","coordinates":[[-74.7574700819736,39.1617250593976],[-74.7583750524226,39.1607801477804],[-74.7584972620306,39.160652542311]]}},{"type":"Feature","id":33351,"properties":{"OBJECTID":33351,"PRIMENAME":"Unnamed Segment","ELEVTYP_F":0,"ELEVTYP_T":0},"geometry":{"type":"LineString","coordinates":[[-74.8008592980152,39.1717721553999],[-74.8008518978533,39.1718250247743],[-74.8007906095502,39.1722629218903],[-74.8007001284786,39.1728149590617]]}},{"type":"Feature","id":35045,"properties":{"OBJECTID":35045,"PRIMENAME":"Unnamed Segment","ELEVTYP_F":0,"ELEVTYP_T":0},"geometry":{"type":"LineString","coordinates":[[-74.8263676201532,39.2027219256832],[-74.8267706189931,39.2028929268707]]}},{"type":"Feature","id":36207,"properties":{"OBJECTID":36207,"PRIMENAME":"Unnamed Segment","ELEVTYP_F":0,"ELEVTYP_T":0},"geometry":{"type":"LineString","coordinates":[[-74.7375403047317,39.1985458392541],[-74.7375910035306,39.1984053356167],[-74.7376689602479,39.1982855756918],[-74.7378263467805,39.1981202561099],[-74.737993177897,39.1979050054502],[-74.7382953615534,39.1975151187937]]}},{"type":"Feature","id":40834,"properties":{"OBJECTID":40834,"PRIMENAME":"Unnamed Segment","ELEVTYP_F":0,"ELEVTYP_T":0},"geometry":{"type":"LineString","coordinates":[[-74.7546612885231,39.1662055057599],[-74.7546571921444,39.1662036184476],[-74.7544415886429,39.1660932827179],[-74.7543535005959,39.1660482025005]]}},{"type":"Feature","id":41707,"properties":{"OBJECTID":41707,"PRIMENAME":"Unnamed Segment","ELEVTYP_F":0,"ELEVTYP_T":0},"geometry":{"type":"LineString","coordinates":[[-74.7384612686825,39.1999654040656],[-74.7384684104724,39.1997532982313]]}},{"type":"Feature","id":42845,"properties":{"OBJECTID":42845,"PRIMENAME":"Heilprin Avenue","ELEVTYP_F":0,"ELEVTYP_T":0},"geometry":{"type":"LineString","coordinates":[[-74.8092187431446,39.2377842244174],[-74.809102415894,39.2379063951258],[-74.8089834788285,39.2380313048445],[-74.8089061235081,39.2381127834464]]}},{"type":"Feature","id":42949,"properties":{"OBJECTID":42949,"PRIMENAME":"Mount Pleasant Tuckahoe Road","ELEVTYP_F":0,"ELEVTYP_T":0},"geometry":{"type":"LineString","coordinates":[[-74.7539860597899,39.2900949369206],[-74.7539751325781,39.2902001484659],[-74.7539381177981,39.2903609352685],[-74.7538600479368,39.2906006953699],[-74.7536812772152,39.2910861407377],[-74.7535100415089,39.2915744520069],[-74.7534169927632,39.2918259415057],[-74.7533359600808,39.2920290794663]]}},{"type":"Feature","id":43399,"properties":{"OBJECTID":43399,"PRIMENAME":"Unnamed Segment","ELEVTYP_F":0,"ELEVTYP_T":0},"geometry":{"type":"LineString","coordinates":[[-74.7379909196815,39.1986017433162],[-74.7384698435364,39.1986611549942]]}},{"type":"Feature","id":43476,"properties":{"OBJECTID":43476,"PRIMENAME":"Fidler Hill Road","ELEVTYP_F":0,"ELEVTYP_T":0},"geometry":{"type":"LineString","coordinates":[[-74.8062439038117,39.2218393266515],[-74.8061297136341,39.221889021927],[-74.8060411086904,39.2219451583616],[-74.8059821048272,39.2219980037238],[-74.8058682695094,39.222097011866],[-74.8057081948343,39.2222454814319],[-74.8054090160819,39.2225194397329],[-74.8045283819618,39.2233510100423],[-74.8039511059313,39.2238888961549],[-74.8030577150553,39.2247172220787],[-74.802611100217,39.225139577962],[-74.8014648185803,39.2261922976808],[-74.8005204924782,39.2270604387904]]}},{"type":"Feature","id":44288,"properties":{"OBJECTID":44288,"PRIMENAME":"Church Avenue","ELEVTYP_F":0,"ELEVTYP_T":0},"geometry":{"type":"LineString","coordinates":[[-74.8213411675919,39.1916259986973],[-74.8207218125856,39.1918417359105],[-74.8201281512142,39.1920519356852],[-74.819685183255,39.1921989508289]]}},{"type":"Feature","id":45054,"properties":{"OBJECTID":45054,"PRIMENAME":"Joe Mason Road","ELEVTYP_F":0,"ELEVTYP_T":0},"geometry":{"type":"LineString","coordinates":[[-74.864124529301,39.2721470012235],[-74.8645656565628,39.2723907574706],[-74.8654779251614,39.2729015920178],[-74.8664438520135,39.2734840494228],[-74.8667646989136,39.2736846562166],[-74.8669572057128,39.2737965071248],[-74.867764352223,39.2742654739399],[-74.8679087654552,39.2743493794868],[-74.8689957979826,39.2749728659982],[-74.869865327753,39.2754589521726],[-74.8707187807444,39.2759491015314],[-74.8709987121372,39.2761098673622],[-74.8711198920782,39.2761785352919],[-74.8712446105153,39.2762416733963],[-74.8713834954241,39.2763047382596],[-74.8715437524725,39.2763677356663],[-74.8717395573213,39.2764389375348],[-74.8720457426474,39.276553938289],[-74.8724231230246,39.2766908409697],[-74.8730104907895,39.2768878319795],[-74.8734234864593,39.2770383728133],[-74.8736015756648,39.2771123749436],[-74.8737832499512,39.2772029214394],[-74.8740041789217,39.2773209642794],[-74.8742322823668,39.2774528211149],[-74.8744069958727,39.2775627187669],[-74.8745247023319,39.2776479513418],[-74.8746105017217,39.2777388048634],[-74.8746712572831,39.2778103821142],[-74.8747071643012,39.2778793485506],[-74.8747324237491,39.2779455756205],[-74.8747364124003,39.2780311468555],[-74.8747406125358,39.278149884647],[-74.8747447191103,39.2782575850074],[-74.8747558000471,39.2783348963274],[-74.8747810382589,39.2784038412191],[-74.8748276730922,39.278483755861],[-74.8748955081585,39.2785443003916],[-74.8749810524602,39.2785937492243],[-74.8751128211622,39.278645822714],[-74.8753477816973,39.278730676651],[-74.8756468680769,39.278842972078],[-74.8760457972993,39.2790156522918],[-74.8762173095813,39.2791134766501],[-74.8764000704931,39.279233723596],[-74.8765918440476,39.2793745896613],[-74.876621279585,39.2794001173351],[-74.8768060457905,39.2795603570853],[-74.8769801095938,39.2797185782213],[-74.877078527978,39.2798425571562],[-74.8772128036736,39.2800319868056],[-74.8773337081714,39.280218028407],[-74.8775127051358,39.2804590971981],[-74.8776065286273,39.2805623609381],[-74.8777091798506,39.2806517846221],[-74.8778162287993,39.2807377348032],[-74.8779454464575,39.2808201808138],[-74.8781105144496,39.2809404554298],[-74.8782310329272,39.2810539832678],[-74.8783161178651,39.2811745452904],[-74.8783610455664,39.2812710751001],[-74.87838822204,39.2813710946935],[-74.8784065316361,39.2814711430944],[-74.8784025256074,39.281554049382],[-74.8783853126553,39.281657618309],[-74.8782977399291,39.281889227491],[-74.8781399959613,39.2822970915185],[-74.8780699318295,39.2824802922493],[-74.878044109977,39.2826322683835],[-74.8780404023991,39.2827772535311],[-74.8780588789705,39.2829083832366],[-74.878072864014,39.2830257161824],[-74.8781359723582,39.2831981331535],[-74.8783607295671,39.2836945111582],[-74.8785322700919,39.2840448698176],[-74.8789581372425,39.284914651662],[-74.8790018736691,39.2850009517486],[-74.8790524501343,39.2851007499186],[-74.8791464324186,39.2852385518454],[-74.8792493717429,39.2853797575337],[-74.879347785856,39.2855071665387],[-74.8794639525538,39.2856310584651],[-74.8795889683727,39.2857445701328],[-74.8798209868815,39.2859336778666],[-74.8805706481381,39.2865526092237],[-74.8810928600755,39.287010090921],[-74.8815706467109,39.2874573104866],[-74.8819726389833,39.2878633436464],[-74.8822853012483,39.2881695879581],[-74.8824549446257,39.2883208959602],[-74.8825842539601,39.2884102276314],[-74.8827446943604,39.2885063760009],[-74.8829319404654,39.2886196794257],[-74.8831369099066,39.2887433025373],[-74.8834266224935,39.2889149435384],[-74.8838411409757,39.2891655776268],[-74.8843492436536,39.2894711448191],[-74.8846300595806,39.2896428391865],[-74.8848617454664,39.2897663439468],[-74.8850710923063,39.2898622994862],[-74.8852802537357,39.2899306623494],[-74.8854627178008,39.2899887889644],[-74.8856362367735,39.2900330516267],[-74.8857126512477,39.2900517967311]]}},{"type":"Feature","id":45135,"properties":{"OBJECTID":45135,"PRIMENAME":"Adams Avenue","ELEVTYP_F":0,"ELEVTYP_T":0},"geometry":{"type":"LineString","coordinates":[[-74.8129371141548,39.2427333420969],[-74.8125055257305,39.2431801580204],[-74.8116077529852,39.2441277504916],[-74.8115298371746,39.2442108798641]]}},{"type":"Feature","id":45440,"properties":{"OBJECTID":45440,"PRIMENAME":"Monroe Avenue","ELEVTYP_F":0,"ELEVTYP_T":0},"geometry":{"type":"LineString","coordinates":[[-74.8111100745245,39.2393776647889],[-74.8101898152898,39.2403598203018],[-74.8096966574224,39.2408818863782]]}},{"type":"Feature","id":46274,"properties":{"OBJECTID":46274,"PRIMENAME":"Meisle Road","ELEVTYP_F":0,"ELEVTYP_T":0},"geometry":{"type":"LineString","coordinates":[[-74.8577463037947,39.2453096296962],[-74.85798646234,39.245381068502],[-74.8580882462152,39.2454113457904],[-74.8581513938217,39.24544819801],[-74.8581904274198,39.2454709796201],[-74.8582568561821,39.245539287471],[-74.8582984722559,39.2456012469414],[-74.8583236021536,39.2456696817937],[-74.8585986328115,39.246832935709],[-74.8586586321637,39.2470479343218],[-74.8587376321638,39.2473289344729],[-74.8588156677251,39.2476742734475],[-74.8588132411982,39.2477385096447],[-74.8587777189259,39.2477921433103]]}},{"type":"Feature","id":46981,"properties":{"OBJECTID":46981,"PRIMENAME":"Head Of The River Road","ELEVTYP_F":0,"ELEVTYP_T":0},"geometry":{"type":"LineString","coordinates":[[-74.8616950946593,39.2729557138275],[-74.8616178426819,39.2730390660732],[-74.8605093813874,39.2742262312604],[-74.8593585679615,39.2754631308451],[-74.8591474896422,39.2756874329603],[-74.8581695900791,39.2767265770947],[-74.8576491063067,39.277280364562],[-74.8568535850632,39.2781259835118],[-74.8564516030888,39.2785537317655],[-74.8563457688462,39.2786598748851],[-74.8562611525143,39.2787494238672],[-74.8561467362399,39.2788423312053],[-74.8559517907378,39.2789950395595],[-74.8556983040877,39.279168230881],[-74.855587191902,39.2792441453362],[-74.8552649904315,39.2794666518609],[-74.8546883082822,39.2798486616883],[-74.8540014054772,39.2803103830233],[-74.8535477105108,39.2806192522808],[-74.8529413763632,39.2810310794578],[-74.8522332664459,39.2815093827996],[-74.8515845117882,39.2819477999343],[-74.8509484720245,39.2823795856252],[-74.849968936673,39.2830372188607],[-74.848723711157,39.2838741369573]]}},{"type":"Feature","id":47015,"properties":{"OBJECTID":47015,"PRIMENAME":"Sherman Avenue","ELEVTYP_F":0,"ELEVTYP_T":0},"geometry":{"type":"LineString","coordinates":[[-74.8005204924782,39.2270604387904],[-74.8015322831097,39.2276200387998],[-74.8021769936116,39.2279780316847],[-74.8030956689444,39.228502028192],[-74.8035527481066,39.2287948419448],[-74.8036141464807,39.2288341742049],[-74.8038797057723,39.2290002293974],[-74.804301142918,39.2292345478443],[-74.8049795408006,39.2296120408756],[-74.8052745496648,39.2297779887232],[-74.8057256004048,39.2300097479843],[-74.8057746135034,39.2300349316783]]}},{"type":"Feature","id":47346,"properties":{"OBJECTID":47346,"PRIMENAME":"Sunny Lane","ELEVTYP_F":0,"ELEVTYP_T":0},"geometry":{"type":"LineString","coordinates":[[-74.7815338347828,39.1726671321581],[-74.7810306689877,39.1720813867936]]}},{"type":"Feature","id":47436,"properties":{"OBJECTID":47436,"PRIMENAME":"Petersburg Road","ELEVTYP_F":0,"ELEVTYP_T":0},"geometry":{"type":"LineString","coordinates":[[-74.8244151649512,39.1922436202793],[-74.824249329329,39.1922751083902],[-74.8241447310086,39.1922949493069],[-74.8240526388999,39.1922952054739],[-74.8239270267573,39.1922955547643],[-74.8238056084364,39.1923023998804],[-74.8236842696599,39.192319018685],[-74.8235378829437,39.1923520173987],[-74.8233748256541,39.1924046120711],[-74.8231282037151,39.1924932698215],[-74.8227227451877,39.1926475234433],[-74.8219543721024,39.1929319395397]]}},{"type":"Feature","id":47474,"properties":{"OBJECTID":47474,"PRIMENAME":"Tyler Road","ELEVTYP_F":0,"ELEVTYP_T":0},"geometry":{"type":"LineString","coordinates":[[-74.8233482235212,39.2285687660462],[-74.8231123086354,39.2294649942095],[-74.8227860562125,39.230702765729],[-74.8224509261068,39.232008682981],[-74.822219688246,39.2328518209923],[-74.8220838753481,39.2333935438128],[-74.8220404257147,39.233558187294]]}},{"type":"Feature","id":47674,"properties":{"OBJECTID":47674,"PRIMENAME":"Court House South Dennis Road","ELEVTYP_F":0,"ELEVTYP_T":0},"geometry":{"type":"LineString","coordinates":[[-74.8195516493276,39.1679289472243],[-74.8196852246435,39.1679208381744],[-74.8199014559921,39.1679154118006]]}},{"type":"Feature","id":47830,"properties":{"OBJECTID":47830,"PRIMENAME":"Ocean Road","ELEVTYP_F":0,"ELEVTYP_T":0},"geometry":{"type":"LineString","coordinates":[[-74.765413804618,39.3074836992256],[-74.7655894400669,39.3073668538056],[-74.7658782214086,39.3071767215229],[-74.7661300338746,39.3070109311082],[-74.7663909084887,39.3068413026525],[-74.766548409577,39.3067388914093]]}},{"type":"Feature","id":48040,"properties":{"OBJECTID":48040,"PRIMENAME":"Webster Street","ELEVTYP_F":0,"ELEVTYP_T":0},"geometry":{"type":"LineString","coordinates":[[-74.816736028385,39.2351984480428],[-74.816965576545,39.235328987525],[-74.8178378851243,39.2358288301269]]}},{"type":"Feature","id":48117,"properties":{"OBJECTID":48117,"PRIMENAME":"Dehirsch Avenue","ELEVTYP_F":0,"ELEVTYP_T":0},"geometry":{"type":"LineString","coordinates":[[-74.8179432316294,39.24278071141],[-74.8179193703416,39.2427670200432],[-74.8168583230622,39.2421590987943]]}},{"type":"Feature","id":48122,"properties":{"OBJECTID":48122,"PRIMENAME":"Cedar Avenue","ELEVTYP_F":0,"ELEVTYP_T":0},"geometry":{"type":"LineString","coordinates":[[-74.7649307293686,39.2949088277546],[-74.7647028590729,39.2960665753349]]}},{"type":"Feature","id":48513,"properties":{"OBJECTID":48513,"PRIMENAME":"Champion Road","ELEVTYP_F":0,"ELEVTYP_T":0},"geometry":{"type":"LineString","coordinates":[[-74.8587777189259,39.2477921433103],[-74.8587311061263,39.2478308250242],[-74.8586487079689,39.247871758179],[-74.8582916277682,39.2480441371053],[-74.8580032856276,39.2481970332478],[-74.8577376323745,39.248346934913],[-74.8572686323376,39.2485819337443],[-74.8569546328893,39.2487549348943],[-74.8567526337174,39.2488769343722],[-74.8564596327374,39.249070934715],[-74.8561693591754,39.2492710083355],[-74.8559552748989,39.2494086861791],[-74.8557850008631,39.2494969871944],[-74.8556201777932,39.2495745659314],[-74.8554498357637,39.2496500200213],[-74.8552600347762,39.2496891372537],[-74.8549684084515,39.2497392690503],[-74.8547152765645,39.2497785783991],[-74.854572231404,39.2498068467152],[-74.8544457838157,39.2498500513427],[-74.8542891962829,39.2499233215178],[-74.8541491103277,39.249992259692],[-74.8540528655306,39.2500182437936],[-74.8539706761879,39.250101992732],[-74.8539104437813,39.2501706860933],[-74.8538200280977,39.2502608836921],[-74.8537806316824,39.2503259356137],[-74.8537426313256,39.2503649359761]]}},{"type":"Feature","id":48616,"properties":{"OBJECTID":48616,"PRIMENAME":"Belleplain Road","ELEVTYP_F":0,"ELEVTYP_T":0},"geometry":{"type":"LineString","coordinates":[[-74.8442404732258,39.2869076105626],[-74.8438557161517,39.2871638761651],[-74.8433889423912,39.2874826838546],[-74.8417884742687,39.2885628007648],[-74.8404245621224,39.2894864501131],[-74.8402300947548,39.2896181433179],[-74.839336930892,39.2902147361956],[-74.8392468569149,39.2902748994274]]}},{"type":"Feature","id":48680,"properties":{"OBJECTID":48680,"PRIMENAME":"Savage Bridge Road","ELEVTYP_F":0,"ELEVTYP_T":0},"geometry":{"type":"LineString","coordinates":[[-74.8581223623277,39.2443231904913],[-74.8581269509032,39.2443591453885],[-74.8581095895313,39.2444105817777],[-74.857933633206,39.2448039351012],[-74.8578657346424,39.2449709871673],[-74.8578169569108,39.2451252869375],[-74.8577463037947,39.2453096296962]]}},{"type":"Feature","id":49023,"properties":{"OBJECTID":49023,"PRIMENAME":"Stipson Island Road","ELEVTYP_F":0,"ELEVTYP_T":0},"geometry":{"type":"LineString","coordinates":[[-74.9066612558256,39.2168181357172],[-74.9067341341418,39.2167062949019],[-74.9068442876448,39.2165702987982],[-74.9069936519516,39.2163663738377],[-74.9070997087756,39.2162057622764],[-74.9072132263572,39.2159742023905],[-74.9072639394279,39.2158322636911],[-74.9073070809677,39.2157179455876]]}},{"type":"Feature","id":49321,"properties":{"OBJECTID":49321,"PRIMENAME":"Christophers Way","ELEVTYP_F":0,"ELEVTYP_T":0},"geometry":{"type":"LineString","coordinates":[[-74.7700712126635,39.1634770543085],[-74.7701034043541,39.1634284893843],[-74.7701783530469,39.1633082159028],[-74.7704406701382,39.1628967324447],[-74.770539395305,39.1627231081493],[-74.7705699251104,39.1626456615691],[-74.770586687543,39.1625468853683],[-74.7705828991948,39.16245087471],[-74.7705516642703,39.162344219507],[-74.7704998835894,39.162250956103],[-74.7704207141906,39.162152430475],[-74.7703553668688,39.1620992038145],[-74.7702454597179,39.1620327642635],[-74.7701116045158,39.1619850517942],[-74.7699195103425,39.1619348102952],[-74.7696039327081,39.161855501295],[-74.7692682453833,39.161777566641],[-74.7691373964989,39.1617471890448]]}},{"type":"Feature","id":49495,"properties":{"OBJECTID":49495,"PRIMENAME":"Clermont Southseaville Road","ELEVTYP_F":0,"ELEVTYP_T":0},"geometry":{"type":"LineString","coordinates":[[-74.7649249116235,39.1683672851069],[-74.7648430286433,39.1685700254352],[-74.7646169279151,39.1690498665543],[-74.76442944064,39.1694805248527],[-74.764243576732,39.1698863574695],[-74.7640591306336,39.1702890840679],[-74.7637946910603,39.1708860065527],[-74.7635735290133,39.1713884588157],[-74.7635309810391,39.1714811412726]]}},{"type":"Feature","id":50073,"properties":{"OBJECTID":50073,"PRIMENAME":"Dennisville Road","ELEVTYP_F":0,"ELEVTYP_T":0},"geometry":{"type":"LineString","coordinates":[[-74.7981212435772,39.1715024508953],[-74.7978834389693,39.1715478972639],[-74.7974871385175,39.1716418534417],[-74.7968330363062,39.171799425604],[-74.7955748250276,39.1720934264136],[-74.7940638147957,39.1724444225878]]}},{"type":"Feature","id":50077,"properties":{"OBJECTID":50077,"PRIMENAME":"Hunters Mill Road","ELEVTYP_F":0,"ELEVTYP_T":0},"geometry":{"type":"LineString","coordinates":[[-74.9484936932092,39.2802699650815],[-74.9479555784414,39.2804495459932],[-74.9472554921314,39.2806869665391],[-74.9464048070687,39.280993135927],[-74.9454276531769,39.2813301224569],[-74.9450824836361,39.2814526102731],[-74.9446790230301,39.2815980256711],[-74.9441101679072,39.2817857504912],[-74.9434489757594,39.2820154491504],[-74.9429239335004,39.2821992124749],[-74.9425204652566,39.2823446213211],[-74.9421071843575,39.2824863042176],[-74.9417620868155,39.282616359582],[-74.9410376870911,39.2828652294021],[-74.9405903549336,39.2830145865277],[-74.9403132484225,39.2831140678372],[-74.9395353859313,39.2833858652683],[-74.9390200736425,39.2835696012796],[-74.938548438488,39.2837265928306],[-74.9380378905643,39.2838989121245],[-74.9376295025418,39.2840405607171],[-74.937206532929,39.2841898132711],[-74.9369488003829,39.2842702957816],[-74.9364820190064,39.2844197101047],[-74.9357818897545,39.2846684562349],[-74.9354610297811,39.2847908515612],[-74.9351450687793,39.2849056221036],[-74.9349311295623,39.2849783588106],[-74.9340558773617,39.285265611674],[-74.9334675312407,39.28546469662],[-74.9328014872252,39.285709509094],[-74.9320429528486,39.2859622395486],[-74.9315373420876,39.2861496682427],[-74.9312684707901,39.2862416072123],[-74.9310559673784,39.2863142711243],[-74.9306378453627,39.2864634818629],[-74.9294611808679,39.2868730094489],[-74.9290284605542,39.2870222682495],[-74.9277787673352,39.2874471770977],[-74.9269667358623,39.2877227769747],[-74.926354130822,39.2879484115208],[-74.9260186363716,39.2880632558377],[-74.9254498727837,39.2882887531307],[-74.9241037066739,39.2888767668261],[-74.9237003747921,39.2890637888816],[-74.9230832268357,39.2893424420514],[-74.9227187373563,39.2895027959347],[-74.9218968226177,39.2898527604552],[-74.9218487201176,39.2898732427344],[-74.9213238116335,39.290098560052],[-74.9207261704887,39.2903809189538],[-74.9201898865779,39.2906292439567],[-74.9196959267671,39.2908579671233],[-74.9191516474583,39.2911022624868],[-74.9177812868883,39.2917395205568],[-74.9169696828894,39.2921021706031],[-74.9162990220333,39.2924112639085],[-74.9155506105418,39.2927547321367],[-74.9143793988736,39.293289017328],[-74.9137866326849,39.2935864514945],[-74.9134627689599,39.2937350961322],[-74.9134124150023,39.2937582060909],[-74.9120419724583,39.2943991856231],[-74.9112060597957,39.2947846162326],[-74.9101128439151,39.2952871940392],[-74.9093883612724,39.2956202473913],[-74.9092739229308,39.2956742887603],[-74.9081442524952,39.2962077444337],[-74.9074736371791,39.2965319437752],[-74.906190514333,39.2971309238231],[-74.9051651292752,39.2976267163459],[-74.9035174446419,39.2983897545722],[-74.9026911475649,39.2987674841396],[-74.9015278166817,39.2993141582301],[-74.9011435623855,39.2994947233143]]}},{"type":"Feature","id":50195,"properties":{"OBJECTID":50195,"PRIMENAME":"Mill Creek Lane","ELEVTYP_F":0,"ELEVTYP_T":0},"geometry":{"type":"LineString","coordinates":[[-74.8260466193942,39.2031879271794],[-74.8264436202271,39.2033929256148]]}},{"type":"Feature","id":50222,"properties":{"OBJECTID":50222,"PRIMENAME":"Bay Drive","ELEVTYP_F":0,"ELEVTYP_T":0},"geometry":{"type":"LineString","coordinates":[[-74.8044176149871,39.2315479336586],[-74.8042972692552,39.2316744008375],[-74.8042246143599,39.2318309336588],[-74.8042456154409,39.2319479331719],[-74.8043206133062,39.2320439338698],[-74.8046006152362,39.2322839335933],[-74.8047706156335,39.2323999334089],[-74.8048496151538,39.2324439338621],[-74.8051506152672,39.2326089329907],[-74.8053556155822,39.2327009332025],[-74.8055206166034,39.2327469327535],[-74.8056856141706,39.2327739336405]]}},{"type":"Feature","id":50326,"properties":{"OBJECTID":50326,"PRIMENAME":"7th Street","ELEVTYP_F":0,"ELEVTYP_T":0},"geometry":{"type":"LineString","coordinates":[[-74.8636855580006,39.269032739492],[-74.8648366840518,39.2696961527924]]}},{"type":"Feature","id":50419,"properties":{"OBJECTID":50419,"PRIMENAME":"Gracetown Road","ELEVTYP_F":0,"ELEVTYP_T":0},"geometry":{"type":"LineString","coordinates":[[-74.7694023386675,39.1856539323413],[-74.7693051104267,39.1859689213635],[-74.7692745181694,39.1860514742918],[-74.7692261634515,39.1861203674595],[-74.7691733280419,39.1861617027142],[-74.7691115757574,39.1861962770561]]}},{"type":"Feature","id":50715,"properties":{"OBJECTID":50715,"PRIMENAME":"Unnamed Segment","ELEVTYP_F":0,"ELEVTYP_T":0},"geometry":{"type":"LineString","coordinates":[[-74.7313650245084,39.1995714807366],[-74.7313757319193,39.1995899824036],[-74.7314054218371,39.1996412826361],[-74.7314154597625,39.1996586271576],[-74.7314461080145,39.199711585711],[-74.7314584190257,39.1997897328474],[-74.7314477456926,39.1998257369277],[-74.731431866796,39.1998793040796],[-74.7314305957473,39.1998835909666],[-74.7313986330569,39.1999399376021],[-74.7313343963988,39.1999588268167],[-74.7313095413565,39.1999577041818],[-74.7312363680707,39.1999543992437],[-74.7312257301365,39.1999539185926],[-74.7312017620762,39.1999528365135],[-74.7310461811261,39.1998917659881]]}},{"type":"Feature","id":50829,"properties":{"OBJECTID":50829,"PRIMENAME":"Dehirsch Avenue","ELEVTYP_F":0,"ELEVTYP_T":0},"geometry":{"type":"LineString","coordinates":[[-74.7949538850706,39.2300669617829],[-74.7946278875381,39.229880638095],[-74.7939552349197,39.2294966995722],[-74.7933872342484,39.2291733949435],[-74.7926772191644,39.2287663692827],[-74.7920382091698,39.2284026261995],[-74.7913576573121,39.228013778331]]}},{"type":"Feature","id":50886,"properties":{"OBJECTID":50886,"PRIMENAME":"Dennisville Road","ELEVTYP_F":0,"ELEVTYP_T":0},"geometry":{"type":"LineString","coordinates":[[-74.7686328525698,39.174335182316],[-74.7684802570027,39.1743835296622],[-74.7682918163478,39.1744679018178],[-74.7680649684708,39.1745823724938],[-74.7677113410399,39.1747720386098],[-74.7675328144624,39.1748643150193]]}},{"type":"Feature","id":51084,"properties":{"OBJECTID":51084,"PRIMENAME":"Petersburg Road","ELEVTYP_F":0,"ELEVTYP_T":0},"geometry":{"type":"LineString","coordinates":[[-74.7826950452645,39.2099871151964],[-74.7826624794705,39.210112977215],[-74.7825407721752,39.2105586035227],[-74.7824082728163,39.2110945082506],[-74.7822351183655,39.211773097438],[-74.7821650608986,39.2120294444153],[-74.7819633362851,39.2127851494109],[-74.7819364936524,39.2128857065055],[-74.7817778062361,39.2134333160189],[-74.7816115310831,39.2139547213446],[-74.7813861919086,39.2146858507911],[-74.7813241559726,39.2149018980521],[-74.7813150655238,39.214930022298]]}},{"type":"Feature","id":51429,"properties":{"OBJECTID":51429,"PRIMENAME":"Old Tuckahoe Road","ELEVTYP_F":0,"ELEVTYP_T":0},"geometry":{"type":"LineString","coordinates":[[-74.7360268597429,39.2604977011081],[-74.7360205625043,39.2605075571704],[-74.7359887812916,39.2605200051981],[-74.7359052528276,39.2605201744289],[-74.7354154473678,39.2604828076108],[-74.7353523334821,39.2604779932575]]}},{"type":"Feature","id":51450,"properties":{"OBJECTID":51450,"PRIMENAME":"Jackson Avenue","ELEVTYP_F":0,"ELEVTYP_T":0},"geometry":{"type":"LineString","coordinates":[[-74.8151217651435,39.2439924319041],[-74.8153494240599,39.2437504126528],[-74.8165539549212,39.2424896320441]]}},{"type":"Feature","id":51454,"properties":{"OBJECTID":51454,"PRIMENAME":"Carl Mason Street","ELEVTYP_F":0,"ELEVTYP_T":0},"geometry":{"type":"LineString","coordinates":[[-74.8632331698334,39.2695176982124],[-74.8640913352302,39.2699922763268],[-74.864346349226,39.2701447442404]]}},{"type":"Feature","id":51545,"properties":{"OBJECTID":51545,"PRIMENAME":"Seneca Trail","ELEVTYP_F":0,"ELEVTYP_T":0},"geometry":{"type":"LineString","coordinates":[[-74.8049618960635,39.2622984634285],[-74.8061085523533,39.2626834121856],[-74.806500535404,39.2628134616291]]}},{"type":"Feature","id":51629,"properties":{"OBJECTID":51629,"PRIMENAME":"Grant Avenue","ELEVTYP_F":0,"ELEVTYP_T":0},"geometry":{"type":"LineString","coordinates":[[-74.8232453731328,39.2389230413155],[-74.8233151435675,39.2388561604462],[-74.8235386225836,39.238641935218],[-74.8239574133363,39.2381987747488]]}},{"type":"Feature","id":51839,"properties":{"OBJECTID":51839,"PRIMENAME":"Bay Drive","ELEVTYP_F":0,"ELEVTYP_T":0},"geometry":{"type":"LineString","coordinates":[[-74.8057746135034,39.2300349316783],[-74.8057082180851,39.2301089620786],[-74.8044176149871,39.2315479336586]]}},{"type":"Feature","id":52197,"properties":{"OBJECTID":52197,"PRIMENAME":"State Highway 50","ELEVTYP_F":0,"ELEVTYP_T":0},"geometry":{"type":"LineString","coordinates":[[-74.7522822253403,39.2950333615043],[-74.7522768104017,39.2950550811509],[-74.7522477518137,39.2951778292226],[-74.7521330238845,39.2956624376564],[-74.7520709221154,39.2959247434758]]}},{"type":"Feature","id":52235,"properties":{"OBJECTID":52235,"PRIMENAME":"Pine Street","ELEVTYP_F":0,"ELEVTYP_T":0},"geometry":{"type":"LineString","coordinates":[[-74.7521240077281,39.1755884676981],[-74.7533132155335,39.1758155442674],[-74.7557652513817,39.1762917383265]]}},{"type":"Feature","id":52271,"properties":{"OBJECTID":52271,"PRIMENAME":"Sea Isle Boulevard","ELEVTYP_F":0,"ELEVTYP_T":0},"geometry":{"type":"LineString","coordinates":[[-74.7297590402975,39.1715977897047],[-74.7296601519943,39.1714306856029],[-74.7295257113304,39.1712323500414],[-74.7294475784859,39.1711235241873],[-74.7293382707013,39.1709954033393],[-74.7292321298849,39.1708866054279],[-74.729154106772,39.1708116893838],[-74.7291125462083,39.1707766807762]]}},{"type":"Feature","id":52371,"properties":{"OBJECTID":52371,"PRIMENAME":"North Delsea Drive","ELEVTYP_F":0,"ELEVTYP_T":0},"geometry":{"type":"LineString","coordinates":[[-74.8298188461532,39.1934060158075],[-74.8300061969498,39.1934106750085],[-74.8303449120368,39.1934205332491],[-74.8306047656034,39.1934306413263],[-74.8308691529222,39.1934371128007],[-74.8310965967823,39.1934508818116],[-74.8313240390107,39.1934719264071],[-74.8314910910573,39.1934894904158],[-74.8316581950709,39.1935178451092],[-74.8318996481363,39.1935618856856]]}},{"type":"Feature","id":52405,"properties":{"OBJECTID":52405,"PRIMENAME":"Woodbine Avenue","ELEVTYP_F":0,"ELEVTYP_T":0},"geometry":{"type":"LineString","coordinates":[[-74.8650640209785,39.2675574966582],[-74.8650110629538,39.2675079103534],[-74.8649173023681,39.267409606706],[-74.8648309947299,39.2673113057558],[-74.8647296757817,39.2671927337509],[-74.8645983610644,39.2670452887887],[-74.8644632366095,39.2668920344952],[-74.8643056747003,39.2667098564249],[-74.864106825241,39.2664872243658],[-74.8638891929566,39.2662385394639],[-74.8636603405243,39.2659783028258],[-74.8633714683664,39.2656544695082],[-74.863037512663,39.2652727874698],[-74.8624597664132,39.2646222063631],[-74.8619656518984,39.2640642235188]]}},{"type":"Feature","id":52607,"properties":{"OBJECTID":52607,"PRIMENAME":"Landing Road","ELEVTYP_F":0,"ELEVTYP_T":0},"geometry":{"type":"LineString","coordinates":[[-74.7536148021232,39.1552409904002],[-74.7531304481789,39.1553178814965],[-74.7522480670977,39.1554610643373],[-74.7516602428414,39.1555591790083]]}},{"type":"Feature","id":52926,"properties":{"OBJECTID":52926,"PRIMENAME":"Head Of River Road","ELEVTYP_F":0,"ELEVTYP_T":0},"geometry":{"type":"LineString","coordinates":[[-74.8227888498357,39.3039918983672],[-74.8228119210932,39.3039828289452],[-74.8228753150239,39.3039658763629],[-74.8229546646342,39.3039525043681],[-74.8230339034316,39.3039458049676],[-74.8231677246977,39.3039427158209],[-74.8233508321215,39.303936716033],[-74.8234952301407,39.3039281048612],[-74.8242770592195,39.3039095106593],[-74.8244742425213,39.3038980055506],[-74.8245974585496,39.3038867622098],[-74.8247241713967,39.3038672160775],[-74.8248461873081,39.3038409294988]]}},{"type":"Feature","id":53419,"properties":{"OBJECTID":53419,"PRIMENAME":"Savage Bridge Road","ELEVTYP_F":0,"ELEVTYP_T":0},"geometry":{"type":"LineString","coordinates":[[-74.8666746217396,39.2354855504509],[-74.8662647770713,39.2359387308266],[-74.8659486949082,39.2363091608556],[-74.8653241421207,39.2370286880972],[-74.8649651233526,39.2374481243277],[-74.8645045101365,39.2379747683978],[-74.8639853612618,39.2385718281627],[-74.8635559676839,39.2390617153746],[-74.8632283628984,39.239450644344],[-74.863114984889,39.2395852441713],[-74.8627402904087,39.2400169410564],[-74.8625958269581,39.240185346034]]}},{"type":"Feature","id":53540,"properties":{"OBJECTID":53540,"PRIMENAME":"West Cedar Lane","ELEVTYP_F":0,"ELEVTYP_T":0},"geometry":{"type":"LineString","coordinates":[[-74.8153589874517,39.1685879828605],[-74.81533293747,39.1684889036699],[-74.8152546004073,39.1683080330377],[-74.8152272506687,39.1682617418601]]}},{"type":"Feature","id":53814,"properties":{"OBJECTID":53814,"PRIMENAME":"Webster Street","ELEVTYP_F":0,"ELEVTYP_T":0},"geometry":{"type":"LineString","coordinates":[[-74.8096804362774,39.2310855280963],[-74.8097665015007,39.2311592571516],[-74.8099659701373,39.2313035632952],[-74.8101824048749,39.2314444467139],[-74.8103392985677,39.2315328809804],[-74.8108483975175,39.2318309718765],[-74.8114465158046,39.2321716289328],[-74.8120053607522,39.2324928905989],[-74.8120276637429,39.2325057108776],[-74.8134400718738,39.2333152580913]]}},{"type":"Feature","id":54148,"properties":{"OBJECTID":54148,"PRIMENAME":"Dehirsch Avenue","ELEVTYP_F":0,"ELEVTYP_T":0},"geometry":{"type":"LineString","coordinates":[[-74.8103226384968,39.2384103335629],[-74.8099651220136,39.2382043126656],[-74.8092187431446,39.2377842244174]]}},{"type":"Feature","id":54155,"properties":{"OBJECTID":54155,"PRIMENAME":"Hunters Mill Road","ELEVTYP_F":0,"ELEVTYP_T":0},"geometry":{"type":"LineString","coordinates":[[-74.8821481614491,39.3083976158383],[-74.8819909597602,39.3084660675199],[-74.8819246758299,39.3084991827079],[-74.8810595455778,39.3089313832979],[-74.8795183939396,39.3096558965424],[-74.8785168708879,39.3101362199322],[-74.8759351105434,39.3113449168673],[-74.8749628527352,39.311821381241],[-74.8747926713685,39.3119014440458],[-74.8746547754971,39.3119782867899],[-74.8745786279866,39.3120207196171],[-74.8745739709395,39.3120233145308],[-74.8743554478175,39.3121450885472],[-74.8743552720789,39.3121451864002],[-74.8743219964255,39.3121694162788],[-74.8740105462288,39.3123962061494],[-74.8737435875845,39.312609112248],[-74.8732876759448,39.3130422240091],[-74.8729017540989,39.3134035167646],[-74.8728899670855,39.3134145507464],[-74.8719880822898,39.314307312419],[-74.8709939584501,39.3152873984377],[-74.8699417031551,39.3163358368057],[-74.8694859020922,39.3167992175467],[-74.8694180223727,39.3168638194615],[-74.86933557339,39.3169473846266],[-74.8692435021756,39.3170498991207],[-74.8688215181557,39.3174526002111],[-74.8686760642568,39.3176007509823],[-74.8684579115921,39.3178324370373],[-74.8683513031152,39.3179539129882],[-74.8682446758637,39.3180716568326],[-74.8681091929006,39.3182613991851],[-74.8680124636763,39.3184131568191],[-74.8679108702957,39.3185611679497],[-74.8678237531004,39.3186788218113],[-74.8677463947041,39.3188040224117],[-74.8676740287232,39.3189443075087],[-74.8676017667704,39.3191111706983],[-74.8675439801655,39.3192476767016],[-74.8674862713323,39.3193993106702],[-74.8674046244611,39.3196305627879],[-74.8672414910051,39.320130901335],[-74.8672028762337,39.3202546452117],[-74.8670640768274,39.320699431985],[-74.8668191491398,39.3214044994685],[-74.8666413876395,39.3219010943144],[-74.8665740177868,39.3220717031723],[-74.8665039598478,39.3222433140456],[-74.8664873519787,39.3222839974546],[-74.8664150000001,39.3224281254148],[-74.8663038598859,39.3226177907204],[-74.8662264747252,39.322739200606],[-74.8661345901297,39.3228796019181],[-74.8660134778812,39.3230352232911],[-74.8658632793441,39.3232060921138],[-74.865713106802,39.3233883280007],[-74.8655724516615,39.3235250662294],[-74.8654366555707,39.3236580254404],[-74.8652279387527,39.3238404453656],[-74.8650435103186,39.3239962643485],[-74.864839706642,39.3241786672618],[-74.8646067882627,39.3243914183725]]}},{"type":"Feature","id":55153,"properties":{"OBJECTID":55153,"PRIMENAME":"Arbor Road","ELEVTYP_F":0,"ELEVTYP_T":0},"geometry":{"type":"LineString","coordinates":[[-74.8285301124383,39.1957835437484],[-74.8285353850002,39.1957791625474],[-74.8285478045901,39.1957637241965],[-74.828555003125,39.1957411065216],[-74.8285633285033,39.1957026697576],[-74.8285826434597,39.1955011054267],[-74.8286322899608,39.1950764463985]]}},{"type":"Feature","id":55606,"properties":{"OBJECTID":55606,"PRIMENAME":"Grant Avenue","ELEVTYP_F":0,"ELEVTYP_T":0},"geometry":{"type":"LineString","coordinates":[[-74.8218516830473,39.2404047852279],[-74.8209734503128,39.2413278486361],[-74.8206320867351,39.2416909052949],[-74.8204598899023,39.2418740413302]]}},{"type":"Feature","id":55662,"properties":{"OBJECTID":55662,"PRIMENAME":"Godfrey Lane","ELEVTYP_F":0,"ELEVTYP_T":0},"geometry":{"type":"LineString","coordinates":[[-74.7645157250818,39.3080875170532],[-74.7643406414727,39.307929130615],[-74.7641171438127,39.3077248923235],[-74.7638080893903,39.3074660697795],[-74.763435801157,39.3071670005167],[-74.7631454009854,39.3069427307126],[-74.7629579502629,39.3068119648089]]}},{"type":"Feature","id":56065,"properties":{"OBJECTID":56065,"PRIMENAME":"Jackson Avenue","ELEVTYP_F":0,"ELEVTYP_T":0},"geometry":{"type":"LineString","coordinates":[[-74.8137465413914,39.2454313874105],[-74.8137890191636,39.2454071930292],[-74.8138429925826,39.2453559221941],[-74.8144864357925,39.2446678391362],[-74.8151217651435,39.2439924319041]]}},{"type":"Feature","id":56577,"properties":{"OBJECTID":56577,"PRIMENAME":"Gravel Hole Road","ELEVTYP_F":0,"ELEVTYP_T":0},"geometry":{"type":"LineString","coordinates":[[-74.811093816445,39.1689711674477],[-74.8113027642929,39.168960971406],[-74.8119442223568,39.1689167518913],[-74.812627158703,39.1688562727843],[-74.8129932954734,39.1688249768079],[-74.8132439688667,39.1687981907086]]}},{"type":"Feature","id":56668,"properties":{"OBJECTID":56668,"PRIMENAME":"State Highway 83","ELEVTYP_F":0,"ELEVTYP_T":0},"geometry":{"type":"LineString","coordinates":[[-74.8174924201856,39.1783743411735],[-74.8169413052274,39.178003956923],[-74.8165496952725,39.1777458232135],[-74.8162041655548,39.1775203463343],[-74.8160506494055,39.1774283956729],[-74.8157167301182,39.1772266922145],[-74.8153481999258,39.1769923243853],[-74.81496043293,39.1767312084231],[-74.8147823797043,39.1766103272037]]}},{"type":"Feature","id":57263,"properties":{"OBJECTID":57263,"PRIMENAME":"Unnamed Segment","ELEVTYP_F":0,"ELEVTYP_T":0},"geometry":{"type":"LineString","coordinates":[[-74.8390895119289,39.2343981459832],[-74.8386094352371,39.2341187217651]]}},{"type":"Feature","id":57492,"properties":{"OBJECTID":57492,"PRIMENAME":"Clay Street","ELEVTYP_F":0,"ELEVTYP_T":0},"geometry":{"type":"LineString","coordinates":[[-74.8185927519385,39.2385404484159],[-74.8190913281506,39.2388273298226],[-74.8196886994511,39.2391683307083]]}},{"type":"Feature","id":57759,"properties":{"OBJECTID":57759,"PRIMENAME":"Lincoln Avenue","ELEVTYP_F":0,"ELEVTYP_T":0},"geometry":{"type":"LineString","coordinates":[[-74.8179432316294,39.24278071141],[-74.8184352341919,39.2422558680951],[-74.8192127571548,39.2414303530645],[-74.8193803121322,39.2412538931878]]}},{"type":"Feature","id":57855,"properties":{"OBJECTID":57855,"PRIMENAME":"State Highway 49","ELEVTYP_F":0,"ELEVTYP_T":0},"geometry":{"type":"LineString","coordinates":[[-74.7676372586799,39.29523868422],[-74.7670659090028,39.2951654778265],[-74.7660396131449,39.2950292248738],[-74.7656704904943,39.2949828135212],[-74.7653825371392,39.294955107066],[-74.7650904956394,39.2949210944728],[-74.7649307293686,39.2949088277546]]}},{"type":"Feature","id":58090,"properties":{"OBJECTID":58090,"PRIMENAME":"Bryant Street","ELEVTYP_F":0,"ELEVTYP_T":0},"geometry":{"type":"LineString","coordinates":[[-74.8115298371746,39.2442108798641],[-74.8124854420036,39.2447575186871],[-74.8126279646074,39.2448388761682]]}},{"type":"Feature","id":58493,"properties":{"OBJECTID":58493,"PRIMENAME":"Gracetown Road","ELEVTYP_F":0,"ELEVTYP_T":0},"geometry":{"type":"LineString","coordinates":[[-74.7691115757574,39.1861962770561],[-74.7690409851394,39.1862170610769],[-74.7689614870787,39.1862241359954],[-74.7688686831625,39.1862208909737],[-74.7685061041153,39.1861495413818],[-74.7681744793329,39.1860815236755],[-74.7674669987614,39.1859387235067],[-74.7669143116366,39.1858265361471],[-74.7662466499019,39.1856973939831],[-74.7656542076353,39.1855955880129],[-74.7652917948684,39.1855482812151],[-74.7650751484079,39.1855246940598],[-74.7648011229056,39.1854978317591],[-74.7644563684239,39.1854642109524],[-74.7640143888309,39.1854239721256],[-74.7635812913939,39.1853905479651],[-74.7631128648153,39.1853537977213],[-74.7628432276165,39.1853303260602],[-74.762591354015,39.1853205694926],[-74.7623350334251,39.1853108503185],[-74.7620566889603,39.1853080444769],[-74.7616988210687,39.1853053895794],[-74.7610713677479,39.1852930404785],[-74.7605986251674,39.1852906665562],[-74.7601788480652,39.1852812810729],[-74.7600462853485,39.1852781448183]]}},{"type":"Feature","id":58966,"properties":{"OBJECTID":58966,"PRIMENAME":"Bay Drive","ELEVTYP_F":0,"ELEVTYP_T":0},"geometry":{"type":"LineString","coordinates":[[-74.8079626158148,39.2357819348859],[-74.8081066173308,39.2356339338432],[-74.8082946163774,39.2354199333347],[-74.8084286152351,39.2352179348987],[-74.8085426168541,39.2349889347537],[-74.8086066164249,39.234739933506],[-74.8086146178676,39.2344109331551],[-74.808563615574,39.2341549335493],[-74.8084676145746,39.233910933188],[-74.8083726163966,39.233724933411],[-74.808196616077,39.2334969342628],[-74.8079816158888,39.2333029342723],[-74.8077176179498,39.23313193352]]}},{"type":"Feature","id":59152,"properties":{"OBJECTID":59152,"PRIMENAME":"Jackson Avenue","ELEVTYP_F":0,"ELEVTYP_T":0},"geometry":{"type":"LineString","coordinates":[[-74.8196886994511,39.2391683307083],[-74.8200880759778,39.2387419486554],[-74.8210873746047,39.2376909360682]]}},{"type":"Feature","id":59186,"properties":{"OBJECTID":59186,"PRIMENAME":"Hands Mill Road","ELEVTYP_F":0,"ELEVTYP_T":0},"geometry":{"type":"LineString","coordinates":[[-74.9165190054298,39.2318147911124],[-74.9164449722114,39.2318834824732],[-74.9162943153877,39.2320128227381]]}},{"type":"Feature","id":59281,"properties":{"OBJECTID":59281,"PRIMENAME":"Washington Avenue","ELEVTYP_F":0,"ELEVTYP_T":0},"geometry":{"type":"LineString","coordinates":[[-74.8157648671254,39.2415326112745],[-74.8156452596286,39.2416586330391],[-74.8154468517972,39.241867682794]]}},{"type":"Feature","id":59539,"properties":{"OBJECTID":59539,"PRIMENAME":"Brewers Lane","ELEVTYP_F":0,"ELEVTYP_T":0},"geometry":{"type":"LineString","coordinates":[[-74.7943824179804,39.2027305624321],[-74.7941722827588,39.2023229885025],[-74.7941353831916,39.2022320877477],[-74.7941057001694,39.2021342224486],[-74.7940858157913,39.2020300049638],[-74.7940757656459,39.2019210377884],[-74.7940601666711,39.2014764391607],[-74.7940450005871,39.2013647391488],[-74.7940198820258,39.2012527057184],[-74.793983567349,39.2011416725301],[-74.7939360156611,39.201032371152],[-74.7938801841511,39.2009242887445],[-74.7937539173213,39.2007103055456],[-74.7936133992367,39.2004996884932],[-74.7935317824916,39.20039792086],[-74.793438748174,39.2003009040867],[-74.7933342833216,39.2002088552793],[-74.7932227655292,39.2001190059426],[-74.7917944995929,39.1990355710671],[-74.7917097826207,39.1989745203058],[-74.7916241478397,39.1989331045194],[-74.7915665230552,39.1989173247287],[-74.7915358984873,39.198908938044],[-74.7913802115414,39.1988743364809]]}},{"type":"Feature","id":59847,"properties":{"OBJECTID":59847,"PRIMENAME":"Washington Avenue","ELEVTYP_F":0,"ELEVTYP_T":0},"geometry":{"type":"LineString","coordinates":[[-74.8486468463079,39.2067432906923],[-74.8478194290059,39.2076169314436],[-74.8468570557008,39.2086342153655]]}},{"type":"Feature","id":60151,"properties":{"OBJECTID":60151,"PRIMENAME":"Heine Avenue","ELEVTYP_F":0,"ELEVTYP_T":0},"geometry":{"type":"LineString","coordinates":[[-74.78927910278,39.2360439225633],[-74.7895982700405,39.235714601578],[-74.790219629773,39.2350734671669],[-74.7911624900491,39.2340631240121],[-74.7912661649539,39.2339520270667],[-74.7913467504639,39.2338711006253]]}},{"type":"Feature","id":60819,"properties":{"OBJECTID":60819,"PRIMENAME":"Adams Avenue","ELEVTYP_F":0,"ELEVTYP_T":0},"geometry":{"type":"LineString","coordinates":[[-74.8161125732839,39.2393881114831],[-74.8149906864175,39.2405726899428],[-74.8146744054922,39.240908193419]]}},{"type":"Feature","id":60931,"properties":{"OBJECTID":60931,"PRIMENAME":"Beaver Dam Road","ELEVTYP_F":0,"ELEVTYP_T":0},"geometry":{"type":"LineString","coordinates":[[-74.8201740007112,39.1689406152644],[-74.8202111283257,39.1690308482317],[-74.8203157622804,39.1692282555356],[-74.8204167231915,39.1694089776362],[-74.8206114296848,39.1697426001591],[-74.8208385857613,39.1701373916683],[-74.8209431724533,39.1703236497471],[-74.8210330968976,39.170434797658],[-74.8210726522029,39.1704764514482],[-74.8211508647956,39.1705330183373]]}},{"type":"Feature","id":61623,"properties":{"OBJECTID":61623,"PRIMENAME":"Marshallville Road","ELEVTYP_F":0,"ELEVTYP_T":0},"geometry":{"type":"LineString","coordinates":[[-74.758356763674,39.2943012869509],[-74.7606936048068,39.2954369487468],[-74.7608326046236,39.2954989470065],[-74.7610446054885,39.2955749486104],[-74.7613016227046,39.2956434756117],[-74.7614719066606,39.2956873027574],[-74.7618304786987,39.2957233250761]]}},{"type":"Feature","id":61766,"properties":{"OBJECTID":61766,"PRIMENAME":"Broad Street","ELEVTYP_F":0,"ELEVTYP_T":0},"geometry":{"type":"LineString","coordinates":[[-74.8648366840518,39.2696961527924],[-74.864698006932,39.2697989743916],[-74.8645667287034,39.269911795185],[-74.864393280785,39.2700942136282],[-74.864346349226,39.2701447442404]]}},{"type":"Feature","id":61915,"properties":{"OBJECTID":61915,"PRIMENAME":"Wiley Court","ELEVTYP_F":0,"ELEVTYP_T":0},"geometry":{"type":"LineString","coordinates":[[-74.7750591171466,39.1685846083721],[-74.7749404122635,39.1687809899631],[-74.7747878720438,39.1690026305185],[-74.7747159552207,39.1690765786474],[-74.7745899225987,39.1691576564662],[-74.774274817664,39.1693551044431],[-74.7740809069678,39.1694876927714],[-74.7739913018761,39.1695489622286]]}},{"type":"Feature","id":62560,"properties":{"OBJECTID":62560,"PRIMENAME":"Easy Street","ELEVTYP_F":0,"ELEVTYP_T":0},"geometry":{"type":"LineString","coordinates":[[-74.8216624764799,39.1613098188986],[-74.8222582560085,39.1614205299222],[-74.822422995293,39.1614507171543],[-74.8225556433564,39.1614660552904]]}},{"type":"Feature","id":62967,"properties":{"OBJECTID":62967,"PRIMENAME":"Belleplain Road","ELEVTYP_F":0,"ELEVTYP_T":0},"geometry":{"type":"LineString","coordinates":[[-74.8447388605959,39.2865722271828],[-74.8445228738927,39.2867195178071],[-74.8442404732258,39.2869076105626]]}},{"type":"Feature","id":63489,"properties":{"OBJECTID":63489,"PRIMENAME":"State Highway 83","ELEVTYP_F":0,"ELEVTYP_T":0},"geometry":{"type":"LineString","coordinates":[[-74.7915917422447,39.1657453601749],[-74.7895695205708,39.1652551229899],[-74.7891365902059,39.1651489757395],[-74.7885236443379,39.1650014828459],[-74.7879796450986,39.1648687801783],[-74.7875505512899,39.1647595979339],[-74.7872210885681,39.1646740011556],[-74.7868647493676,39.1645705951833],[-74.78606771516,39.1643401806226],[-74.7844623176782,39.163873377588],[-74.7837687965117,39.1636724582252],[-74.7833511660581,39.1635513153795],[-74.7830254887421,39.1634567747043],[-74.782646176594,39.1633474525425],[-74.7823856101132,39.1632706265656],[-74.7820790980988,39.1631790293803],[-74.7817188692235,39.1630607072719],[-74.781358629736,39.1629394185129],[-74.7811057198358,39.1628536474775],[-74.7809242331964,39.1627879014329],[-74.7807952831313,39.1627411875559],[-74.7804924781092,39.162622723267],[-74.7802356541914,39.1625190574],[-74.7799558240391,39.1624035569712],[-74.7797334358205,39.1623027719213],[-74.7794497626537,39.162178328767],[-74.7791430347855,39.1620390303693],[-74.7788928500796,39.1619189746907],[-74.7786982538097,39.1618255953954],[-74.7780579902971,39.1615262168781],[-74.7774977245766,39.1612578259819],[-74.7765665055558,39.16081172207],[-74.7757843319041,39.1604382025586],[-74.7735951475907,39.1593976122898],[-74.7721229250245,39.1586979239031],[-74.7710329967245,39.1581811193242]]}},{"type":"Feature","id":63491,"properties":{"OBJECTID":63491,"PRIMENAME":"Clermont Southseaville Road","ELEVTYP_F":0,"ELEVTYP_T":0},"geometry":{"type":"LineString","coordinates":[[-74.765004206234,39.1530446011784],[-74.7649791265586,39.1531557785987],[-74.7649798201155,39.1533407050239],[-74.7650343161498,39.1536538454404],[-74.76508879856,39.1539632239384],[-74.7651478992511,39.154215919163],[-74.7652507452346,39.1544912231575],[-74.7653192346633,39.1546609475927],[-74.7656665212176,39.1554828968086],[-74.7657984876875,39.1557732076164],[-74.7658742728811,39.1559786927827]]}},{"type":"Feature","id":63639,"properties":{"OBJECTID":63639,"PRIMENAME":"Hands Mill Road","ELEVTYP_F":0,"ELEVTYP_T":0},"geometry":{"type":"LineString","coordinates":[[-74.9325249860478,39.2290101093144],[-74.9324136692707,39.229032186541],[-74.9321775443014,39.2290867141849],[-74.9319660585559,39.2291411220549],[-74.9317742023349,39.2291840072967],[-74.9316168113947,39.229222893675],[-74.9314789905868,39.229246386121],[-74.9314165075308,39.2292574274545],[-74.9313461476826,39.2292698599705],[-74.9311935231859,39.2292857733078],[-74.9310507010328,39.2292939625321],[-74.9308486549104,39.2292870494268],[-74.9306762019877,39.2292761827386],[-74.9305036685529,39.2292576275524],[-74.9302521997313,39.2292164377082],[-74.9299662173697,39.2291715300028],[-74.9295272709309,39.2290926724419],[-74.9290587666706,39.2290062894128],[-74.9286790245072,39.2289387149936],[-74.9283239472671,39.2288748924605],[-74.9278949594396,39.2288074695289],[-74.9274905672378,39.2287323761113],[-74.9270665011268,39.2286611152654],[-74.9268298149925,39.2286236797161],[-74.926686831184,39.2286050385121],[-74.9265685358929,39.2285939943652],[-74.9264354710183,39.2285867939402],[-74.9262433565807,39.2285874970977],[-74.9258345345529,39.2285966800127],[-74.9255242635713,39.228609291289],[-74.9252189577181,39.2286257274346],[-74.9249628986739,39.2286420101492],[-74.9247216064321,39.2286543676137],[-74.9244556398949,39.2286668415171],[-74.9242487567515,39.2286714119964],[-74.9240617005807,39.228691258187],[-74.9238549557378,39.2287188363383],[-74.9237073197726,39.2287423553083],[-74.9234858869145,39.2287814627434],[-74.9232645112615,39.2288359187088],[-74.9230481014078,39.2288941730145],[-74.9226104180712,39.2290183586824],[-74.9222759978279,39.2291077091378],[-74.9220694357382,39.229165925024],[-74.9218579649697,39.2292241871478],[-74.9216267370234,39.2292786477567],[-74.9213512963001,39.2293485899791],[-74.9207708988591,39.2295001096559],[-74.9203381270327,39.2296204522489],[-74.9199937938254,39.2297059881042],[-74.9196642840526,39.2298029739732],[-74.919388907765,39.2298844148596],[-74.9190594549172,39.2299852156082],[-74.9188529319387,39.2300510871671],[-74.9186268017724,39.2301323770845],[-74.9184646077026,39.230190427115],[-74.9183614078658,39.2302367615127],[-74.9182631513833,39.2302831050931],[-74.9181502273465,39.2303447954522],[-74.9180520254073,39.2304064319641],[-74.9179392280934,39.2304834969438],[-74.9178264505762,39.2305758559489],[-74.9177087879389,39.2306720491575],[-74.9175961581484,39.2307835715576],[-74.9174884138578,39.2308912334178],[-74.9173561625888,39.231021963933],[-74.9172385442561,39.2311258720681],[-74.9171210159511,39.2312450451392],[-74.9170132596375,39.2313450459825],[-74.9168858686594,39.231468070917],[-74.9167683526827,39.231583454714],[-74.916606697456,39.2317334546191],[-74.9165468667769,39.2317889405028],[-74.9165190054298,39.2318147911124]]}},{"type":"Feature","id":63890,"properties":{"OBJECTID":63890,"PRIMENAME":"Meisle Road","ELEVTYP_F":0,"ELEVTYP_T":0},"geometry":{"type":"LineString","coordinates":[[-74.8493808968663,39.2435295778283],[-74.8495109942853,39.2435507117993],[-74.8497085250697,39.2435705883084],[-74.8499380625984,39.2435991405504],[-74.850145629736,39.2436379332022],[-74.8503586293537,39.2436539354012],[-74.8505696308574,39.2436839339279],[-74.8507766305791,39.2437289347422],[-74.8518449298499,39.2440702615291],[-74.8534058832384,39.2445652192046],[-74.8552992268757,39.2450698856097],[-74.8557135633907,39.2451684880696],[-74.8561492210559,39.2452503775299],[-74.856563222703,39.2452824007854],[-74.8568843545322,39.2452925135741],[-74.8571840845685,39.2453026911131],[-74.8573197057895,39.245313370567],[-74.8574956943103,39.2452996947012],[-74.8575975929499,39.245300392611],[-74.8577463037947,39.2453096296962]]}},{"type":"Feature","id":63912,"properties":{"OBJECTID":63912,"PRIMENAME":"Dehirsch Avenue","ELEVTYP_F":0,"ELEVTYP_T":0},"geometry":{"type":"LineString","coordinates":[[-74.8143598069614,39.2412418510941],[-74.8141833379037,39.2411404339825],[-74.8132736382916,39.240618012036]]}},{"type":"Feature","id":64737,"properties":{"OBJECTID":64737,"PRIMENAME":"State Highway 50","ELEVTYP_F":0,"ELEVTYP_T":0},"geometry":{"type":"LineString","coordinates":[[-74.755719818202,39.3035570330423],[-74.7558481512883,39.3036474417124],[-74.7559030116489,39.303690781941],[-74.756004913791,39.303771284596],[-74.7561794681334,39.3039088994377],[-74.7565000551755,39.3041537958125],[-74.7568990346042,39.3044675181811],[-74.7571448453186,39.3046546435185],[-74.7573407645986,39.3048059927949],[-74.7575224483847,39.3049490812107],[-74.7577932236155,39.3051582253434],[-74.758078177459,39.3053783751105],[-74.7582694959703,39.305526767512]]}},{"type":"Feature","id":64805,"properties":{"OBJECTID":64805,"PRIMENAME":"Hunters Mill Road","ELEVTYP_F":0,"ELEVTYP_T":0},"geometry":{"type":"LineString","coordinates":[[-74.888245310245,39.305533687247],[-74.8877975105975,39.3057473664723],[-74.8859841681473,39.3065902505924],[-74.8840784963865,39.3074901641298],[-74.8833211987667,39.3078569572769],[-74.8826298600334,39.3081878628027],[-74.8821481614491,39.3083976158383]]}},{"type":"Feature","id":64882,"properties":{"OBJECTID":64882,"PRIMENAME":"State Highway 83","ELEVTYP_F":0,"ELEVTYP_T":0},"geometry":{"type":"LineString","coordinates":[[-74.8071733051761,39.1693662203791],[-74.8070121846354,39.1692951455669],[-74.8068358269972,39.1692241106517],[-74.8065713614538,39.1691294738571],[-74.8061305331003,39.1689786823085],[-74.8051952618459,39.168659361113],[-74.8045896752092,39.1684583356334],[-74.8039917203783,39.1682513568777],[-74.803700428454,39.1681508533092],[-74.8035011408136,39.1680858032905],[-74.8033210209073,39.1680326202119],[-74.8029800040244,39.1679500916344],[-74.8022937354149,39.1678021953012],[-74.8022560002635,39.1677940631351],[-74.8015204415185,39.1676321289162],[-74.8006393921538,39.1674467329336],[-74.8000570949938,39.1673170970569],[-74.7995482291922,39.1672109093024]]}},{"type":"Feature","id":64972,"properties":{"OBJECTID":64972,"PRIMENAME":"Clermont Southseaville Road","ELEVTYP_F":0,"ELEVTYP_T":0},"geometry":{"type":"LineString","coordinates":[[-74.7658670175119,39.1655200661956],[-74.7657396488915,39.1659033902724],[-74.7655816589696,39.1664359059601],[-74.7652817234441,39.1673144275445]]}},{"type":"Feature","id":65178,"properties":{"OBJECTID":65178,"PRIMENAME":"Corsons Tavern Road","ELEVTYP_F":0,"ELEVTYP_T":0},"geometry":{"type":"LineString","coordinates":[[-74.7386506778849,39.1900247096497],[-74.7379865408131,39.1903721974972],[-74.7376234431038,39.1905629713992]]}},{"type":"Feature","id":65298,"properties":{"OBJECTID":65298,"PRIMENAME":"Monroe Avenue","ELEVTYP_F":0,"ELEVTYP_T":0},"geometry":{"type":"LineString","coordinates":[[-74.8128640476059,39.2375324271489],[-74.8119454332168,39.2385002313942],[-74.8114316587588,39.23904932368]]}},{"type":"Feature","id":65611,"properties":{"OBJECTID":65611,"PRIMENAME":"Dennisville Petersburg Road","ELEVTYP_F":0,"ELEVTYP_T":0},"geometry":{"type":"LineString","coordinates":[[-74.7483153665892,39.2448322799126],[-74.7475398444658,39.2451790866783],[-74.7469998558656,39.2454184790002],[-74.7459963972814,39.2458691716295],[-74.7450109094186,39.2463128156712],[-74.7443584901945,39.2466085554201],[-74.7442229562942,39.2466690211583],[-74.7433324919782,39.2470662735457],[-74.7426890026655,39.2473549561201],[-74.7417890329668,39.2477668467919],[-74.7411545123724,39.2480485280563],[-74.7406910009802,39.2482562398222],[-74.7397189601975,39.2486962691388],[-74.7393399901695,39.2488654713558]]}},{"type":"Feature","id":65804,"properties":{"OBJECTID":65804,"PRIMENAME":"Atlantic Boulevard","ELEVTYP_F":0,"ELEVTYP_T":0},"geometry":{"type":"LineString","coordinates":[[-74.7959446113771,39.2382689363276],[-74.7962360658514,39.2385757816196]]}},{"type":"Feature","id":65948,"properties":{"OBJECTID":65948,"PRIMENAME":"Freidriechstadt Avenue","ELEVTYP_F":0,"ELEVTYP_T":0},"geometry":{"type":"LineString","coordinates":[[-74.7940367700245,39.2354110426628],[-74.7934690922756,39.2350870200489],[-74.7930961496226,39.2348741460566],[-74.7929561493219,39.234793798591],[-74.7927140584102,39.2346548601453],[-74.7919088817361,39.2341927558802],[-74.7915472990528,39.2339852335575],[-74.7913467504639,39.2338711006253]]}},{"type":"Feature","id":65981,"properties":{"OBJECTID":65981,"PRIMENAME":"Adams Avenue","ELEVTYP_F":0,"ELEVTYP_T":0},"geometry":{"type":"LineString","coordinates":[[-74.8146744054922,39.240908193419],[-74.8143598069614,39.2412418510941]]}},{"type":"Feature","id":66146,"properties":{"OBJECTID":66146,"PRIMENAME":"Unnamed Segment","ELEVTYP_F":0,"ELEVTYP_T":0},"geometry":{"type":"LineString","coordinates":[[-74.7517207938371,39.1661314387972],[-74.7516301783293,39.1661014402059],[-74.7514201847965,39.1659935469539]]}},{"type":"Feature","id":66162,"properties":{"OBJECTID":66162,"PRIMENAME":"Clay Street","ELEVTYP_F":0,"ELEVTYP_T":0},"geometry":{"type":"LineString","coordinates":[[-74.8131544128994,39.2354271592671],[-74.8134745389784,39.2356102892331],[-74.8142619355995,39.2360595913237]]}},{"type":"Feature","id":66519,"properties":{"OBJECTID":66519,"PRIMENAME":"FR RAMP X101750 TO CO 625 WB","ELEVTYP_F":0,"ELEVTYP_T":0},"geometry":{"type":"LineString","coordinates":[[-74.7311301378935,39.1727335241365],[-74.7309398869744,39.1728050440556],[-74.7307496163757,39.172870660516],[-74.7305416401655,39.1729481450934]]}},{"type":"Feature","id":67080,"properties":{"OBJECTID":67080,"PRIMENAME":"Atlantic Boulevard","ELEVTYP_F":0,"ELEVTYP_T":0},"geometry":{"type":"LineString","coordinates":[[-74.7956277133058,39.2379645997103],[-74.7959446113771,39.2382689363276]]}},{"type":"Feature","id":67152,"properties":{"OBJECTID":67152,"PRIMENAME":"Dennisville Road","ELEVTYP_F":0,"ELEVTYP_T":0},"geometry":{"type":"LineString","coordinates":[[-74.7824650598099,39.1738397873615],[-74.7820628660313,39.1738357637413],[-74.7816776848125,39.1738337028727],[-74.7814043142211,39.1738553411296],[-74.7811386697247,39.1738859657669],[-74.7807306445495,39.1739499098135],[-74.7801878437331,39.1740261748108],[-74.7798221939772,39.1740840006969],[-74.7789868649167,39.1742089308222],[-74.7784941043656,39.174273069877],[-74.7783015943541,39.1742885215206],[-74.7780781833224,39.1742860622937],[-74.7778432135371,39.1742776162154],[-74.7772806521661,39.1742279949774],[-74.7765601750927,39.1741727607571],[-74.7754582553306,39.1740794334804],[-74.7743332093483,39.1739891437044],[-74.7732313184437,39.1739017822507],[-74.7730502284815,39.1738872149998],[-74.7727613131257,39.173875892485],[-74.7725070608947,39.1738705012817],[-74.7721258051757,39.1738803988018],[-74.7716790078745,39.173881441335],[-74.7711783565198,39.1738945787098],[-74.7708589164284,39.1739169579438]]}},{"type":"Feature","id":67347,"properties":{"OBJECTID":67347,"PRIMENAME":"Unnamed Segment","ELEVTYP_F":0,"ELEVTYP_T":0},"geometry":{"type":"LineString","coordinates":[[-74.7551174320704,39.1925484385135],[-74.7549654733711,39.1926743500874],[-74.7546794929239,39.1928067882583]]}},{"type":"Feature","id":67750,"properties":{"OBJECTID":67750,"PRIMENAME":"Church Avenue","ELEVTYP_F":0,"ELEVTYP_T":0},"geometry":{"type":"LineString","coordinates":[[-74.819685183255,39.1921989508289],[-74.8194550848027,39.1922753095529],[-74.8189994046732,39.1924362234614],[-74.8183137044596,39.1926531447286],[-74.8178412871456,39.1928205795196],[-74.8177283676045,39.1928502393394]]}},{"type":"Feature","id":67828,"properties":{"OBJECTID":67828,"PRIMENAME":"Sunset Drive","ELEVTYP_F":0,"ELEVTYP_T":0},"geometry":{"type":"LineString","coordinates":[[-74.7478581523297,39.2595066711621],[-74.7465468563478,39.2593478144047],[-74.7460103653157,39.2592858246171],[-74.7453459686055,39.2592129938302],[-74.744979699636,39.2591728422587],[-74.7441325331064,39.2590648747955],[-74.7438699899465,39.2590382145848]]}},{"type":"Feature","id":68151,"properties":{"OBJECTID":68151,"PRIMENAME":"Unnamed Segment","ELEVTYP_F":0,"ELEVTYP_T":0},"geometry":{"type":"LineString","coordinates":[[-74.736573257158,39.2013857037545],[-74.7365749190347,39.2000841608302],[-74.7365533493564,39.1999434972169]]}},{"type":"Feature","id":68822,"properties":{"OBJECTID":68822,"PRIMENAME":"Corsons Tavern Road","ELEVTYP_F":0,"ELEVTYP_T":0},"geometry":{"type":"LineString","coordinates":[[-74.7306758907073,39.194221428419],[-74.7299985020155,39.1945764665069],[-74.7292215744869,39.194988706686],[-74.7279638565023,39.1956507576146],[-74.7276411066899,39.1958210102478],[-74.7265871413784,39.1963769783832]]}},{"type":"Feature","id":68947,"properties":{"OBJECTID":68947,"PRIMENAME":"Tuckahoe Road","ELEVTYP_F":0,"ELEVTYP_T":0},"geometry":{"type":"LineString","coordinates":[[-74.7396630026877,39.266696554224],[-74.739469039564,39.2666426804816],[-74.7387966708117,39.2664513391723],[-74.7368833826517,39.2659050612134],[-74.7354322053466,39.2654923355944],[-74.735060358307,39.26538657526],[-74.7345697017039,39.2652474785393],[-74.7335261760688,39.2649516385218],[-74.7333862215304,39.2649120747877]]}},{"type":"Feature","id":69060,"properties":{"OBJECTID":69060,"PRIMENAME":"Unnamed Segment","ELEVTYP_F":0,"ELEVTYP_T":0},"geometry":{"type":"LineString","coordinates":[[-74.749892927828,39.1930600237264],[-74.7498993654171,39.1930632655327],[-74.7499439124978,39.1930857025367],[-74.7500978455317,39.193163231289],[-74.7503150882228,39.1932726457808],[-74.7504940752256,39.1933398479698],[-74.7505478450125,39.1933327544975],[-74.7513608432251,39.1926902060393]]}},{"type":"Feature","id":69061,"properties":{"OBJECTID":69061,"PRIMENAME":"Unnamed Segment","ELEVTYP_F":0,"ELEVTYP_T":0},"geometry":{"type":"LineString","coordinates":[[-74.7401549112554,39.1882842224386],[-74.7397565203837,39.188512046034],[-74.7393876673332,39.1882458384572]]}},{"type":"Feature","id":69092,"properties":{"OBJECTID":69092,"PRIMENAME":"Farm Road","ELEVTYP_F":0,"ELEVTYP_T":0},"geometry":{"type":"LineString","coordinates":[[-74.7408738582615,39.2712519471979],[-74.7402023981588,39.2718438508228],[-74.7401001450338,39.2719339871363]]}},{"type":"Feature","id":69174,"properties":{"OBJECTID":69174,"PRIMENAME":"Cedar Mill Lane","ELEVTYP_F":0,"ELEVTYP_T":0},"geometry":{"type":"LineString","coordinates":[[-74.7993313971605,39.1683060348043],[-74.7989623513084,39.1682592062745],[-74.7973059744976,39.1680559126511],[-74.7971817792613,39.1680406674779]]}},{"type":"Feature","id":69301,"properties":{"OBJECTID":69301,"PRIMENAME":"Unnamed Segment","ELEVTYP_F":0,"ELEVTYP_T":0},"geometry":{"type":"LineString","coordinates":[[-74.7382060837135,39.1858895867531],[-74.7384881100389,39.1859621081179],[-74.7392261683277,39.1861829068328]]}},{"type":"Feature","id":69626,"properties":{"OBJECTID":69626,"PRIMENAME":"Bay Drive","ELEVTYP_F":0,"ELEVTYP_T":0},"geometry":{"type":"LineString","coordinates":[[-74.8056856141706,39.2327739336405],[-74.8054066166578,39.2328639338333],[-74.8051126148735,39.233003933419],[-74.8049286148165,39.2331409337558],[-74.8048346151402,39.2332609330107],[-74.804715615224,39.2334979330161],[-74.8046566153234,39.2336259335827],[-74.8044726136643,39.2338009327663]]}},{"type":"Feature","id":69682,"properties":{"OBJECTID":69682,"PRIMENAME":"Edwards Creek Lane","ELEVTYP_F":0,"ELEVTYP_T":0},"geometry":{"type":"LineString","coordinates":[[-74.8248586192779,39.2044589276572],[-74.8244156193101,39.2041979283878]]}},{"type":"Feature","id":69961,"properties":{"OBJECTID":69961,"PRIMENAME":"McDaniels Court","ELEVTYP_F":0,"ELEVTYP_T":0},"geometry":{"type":"LineString","coordinates":[[-74.7437545300217,39.2771558448898],[-74.7426189454523,39.2761059530132],[-74.7425256371378,39.2760196829724]]}},{"type":"Feature","id":70537,"properties":{"OBJECTID":70537,"PRIMENAME":"Sunset Drive","ELEVTYP_F":0,"ELEVTYP_T":0},"geometry":{"type":"LineString","coordinates":[[-74.7394374391219,39.2611341016689],[-74.7398697278872,39.2609416979044],[-74.7404988267179,39.2606483336367]]}},{"type":"Feature","id":71062,"properties":{"OBJECTID":71062,"PRIMENAME":"Clay Street","ELEVTYP_F":0,"ELEVTYP_T":0},"geometry":{"type":"LineString","coordinates":[[-74.8164241651153,39.237296507221],[-74.8164529435227,39.2373129582931],[-74.817500780466,39.2379129574567]]}},{"type":"Feature","id":71064,"properties":{"OBJECTID":71064,"PRIMENAME":"Fidler Road","ELEVTYP_F":0,"ELEVTYP_T":0},"geometry":{"type":"LineString","coordinates":[[-74.8160172629713,39.2062242318212],[-74.815477242015,39.2072547188459],[-74.8152821645191,39.2076299303205],[-74.8149788834986,39.2081879152835],[-74.8147913795489,39.2085056099025]]}},{"type":"Feature","id":71805,"properties":{"OBJECTID":71805,"PRIMENAME":"Scott Avenue","ELEVTYP_F":0,"ELEVTYP_T":0},"geometry":{"type":"LineString","coordinates":[[-74.7879060490421,39.2260447763383],[-74.7869656485897,39.2270162023438],[-74.7863725230969,39.2276467904082],[-74.7848291250396,39.2292779408446],[-74.7842848455778,39.229818394235]]}},{"type":"Feature","id":72080,"properties":{"OBJECTID":72080,"PRIMENAME":"Dawn Road","ELEVTYP_F":0,"ELEVTYP_T":0},"geometry":{"type":"LineString","coordinates":[[-74.7469349885183,39.2556987578033],[-74.7470640450291,39.2559125397418],[-74.7471458086822,39.2560851821694],[-74.7472170066126,39.2562660561733],[-74.747266934061,39.2564140537725],[-74.7473242289095,39.2566580815638],[-74.7473637064621,39.2568472599531],[-74.7475110174835,39.2576012501284],[-74.7475391775736,39.2577554446606]]}},{"type":"Feature","id":72886,"properties":{"OBJECTID":72886,"PRIMENAME":"Dennisville Petersburg Road","ELEVTYP_F":0,"ELEVTYP_T":0},"geometry":{"type":"LineString","coordinates":[[-74.7722921272847,39.2277756513634],[-74.7722601095439,39.2278122331658],[-74.7721076955165,39.2280193428798],[-74.7719463195336,39.2282369895787],[-74.7717626843718,39.2285142696508],[-74.7715112643589,39.2289015544105],[-74.7714983870761,39.2289213918318],[-74.771108655059,39.2295215546525],[-74.770907144175,39.2298338828994],[-74.7706876761701,39.2301778571577],[-74.7704234280796,39.2305919770162],[-74.7701861259476,39.2309815150213],[-74.7699042077245,39.2314937801733],[-74.7695686236314,39.2321078983677],[-74.7691077464442,39.232946466073],[-74.7688526603818,39.2334166564473],[-74.7682395980717,39.2345429671278],[-74.7680650824415,39.2348587980276],[-74.7679397120888,39.2350728131305],[-74.7677918296355,39.2352904507291],[-74.767621434422,39.2355115981355],[-74.7674330452123,39.2357363295537],[-74.7671367682856,39.2360383801997],[-74.7668359518086,39.2363264371242],[-74.7662208019881,39.2369060675049],[-74.7657403485546,39.2373662223898],[-74.7650488402611,39.2380196056154],[-74.7648063670165,39.2382409137142],[-74.7646132434646,39.2384116926331],[-74.764599725896,39.2384236448818],[-74.7644021092947,39.2386028122417],[-74.764231278452,39.2387223648535],[-74.7639661560012,39.2389122008373],[-74.7637368617386,39.2390528897721],[-74.7635029867085,39.2391865864916],[-74.7632735989772,39.2393027551241],[-74.76294064658,39.239436675518],[-74.7626436128101,39.2395354501992],[-74.762299497407,39.2396306511832]]}},{"type":"Feature","id":73108,"properties":{"OBJECTID":73108,"PRIMENAME":"Waterlilly Drive","ELEVTYP_F":0,"ELEVTYP_T":0},"geometry":{"type":"LineString","coordinates":[[-74.7750591171466,39.1685846083721],[-74.7754592152228,39.1687376182071],[-74.7757438262933,39.1688352976111],[-74.7758975093873,39.1688981411055],[-74.7760060232409,39.1689646334793],[-74.77611924472,39.1690627186685],[-74.7763185662236,39.1692589521226],[-74.7765451152824,39.1694902388518],[-74.7767035830097,39.169630335619],[-74.7767986512362,39.1697038884016],[-74.7768981304863,39.1697598579952],[-74.7770110992658,39.1698017369743],[-74.7771285287241,39.1698295737973],[-74.7772188613791,39.1698469315684],[-74.7773181617218,39.1698572116721],[-74.7774084392305,39.169860511865],[-74.7775031423917,39.169849742085],[-74.7776023948114,39.1698389902177],[-74.7777060865166,39.1698176554629],[-74.7778097356265,39.1697858043456],[-74.7779223675808,39.1697328449186],[-74.7780528632667,39.1696482386925],[-74.7781338348856,39.1695812961357],[-74.7781967462936,39.1695143966384],[-74.7782550727474,39.1694299354249],[-74.7783044107196,39.1693560669715],[-74.7783491593151,39.169254119555],[-74.7784543761887,39.1689492537036]]}},{"type":"Feature","id":73398,"properties":{"OBJECTID":73398,"PRIMENAME":"Boyce Lane","ELEVTYP_F":0,"ELEVTYP_T":0},"geometry":{"type":"LineString","coordinates":[[-74.7312926749507,39.1860481333901],[-74.7301228579463,39.1870815896848],[-74.7300590876111,39.187142039133]]}},{"type":"Feature","id":73526,"properties":{"OBJECTID":73526,"PRIMENAME":"Dehirsch Avenue","ELEVTYP_F":0,"ELEVTYP_T":0},"geometry":{"type":"LineString","coordinates":[[-74.819906986544,39.2444103279262],[-74.8197989539097,39.2443478470242],[-74.8183522099724,39.2435111092528],[-74.8176386989684,39.2431055645997]]}},{"type":"Feature","id":74026,"properties":{"OBJECTID":74026,"PRIMENAME":"State Highway 50","ELEVTYP_F":0,"ELEVTYP_T":0},"geometry":{"type":"LineString","coordinates":[[-74.758460815187,39.3056751316675],[-74.758968748826,39.3060690811297],[-74.7597952570629,39.3067102810349],[-74.7598576725091,39.3067584930431]]}},{"type":"Feature","id":74790,"properties":{"OBJECTID":74790,"PRIMENAME":"Alexandra Way","ELEVTYP_F":0,"ELEVTYP_T":0},"geometry":{"type":"LineString","coordinates":[[-74.7519774733981,39.1678699678259],[-74.7521161967687,39.168007340115],[-74.7524916854797,39.1683555405046],[-74.7526333920954,39.1684981503774],[-74.7526900464782,39.1685392958154],[-74.7527537453284,39.1685775982172],[-74.7528209074017,39.1686076837373],[-74.752923447479,39.1686376915386],[-74.753071807382,39.1686676006538],[-74.7533933138943,39.1687246177684],[-74.7541635093909,39.1688740668001],[-74.7545111876048,39.1689403320963]]}},{"type":"Feature","id":75121,"properties":{"OBJECTID":75121,"PRIMENAME":"Harding Lane","ELEVTYP_F":0,"ELEVTYP_T":0},"geometry":{"type":"LineString","coordinates":[[-74.7633228151455,39.3056191405275],[-74.7634303631499,39.3057164907573],[-74.7637096450761,39.3059552278736],[-74.763924539812,39.3061478731982]]}},{"type":"Feature","id":75468,"properties":{"OBJECTID":75468,"PRIMENAME":"Jefferson Avenue","ELEVTYP_F":0,"ELEVTYP_T":0},"geometry":{"type":"LineString","coordinates":[[-74.8101359119068,39.2439390114037],[-74.8104574259904,39.2435969168941]]}},{"type":"Feature","id":75641,"properties":{"OBJECTID":75641,"PRIMENAME":"Lake Drive","ELEVTYP_F":0,"ELEVTYP_T":0},"geometry":{"type":"LineString","coordinates":[[-74.8429524627699,39.1998211627941],[-74.8429798079568,39.2000221397307],[-74.8429577184304,39.2000532068647]]}},{"type":"Feature","id":75962,"properties":{"OBJECTID":75962,"PRIMENAME":"Main Street","ELEVTYP_F":0,"ELEVTYP_T":0},"geometry":{"type":"LineString","coordinates":[[-74.7492855564446,39.1767367820596],[-74.7491871663493,39.1767161246285],[-74.7491566012883,39.1767063429437],[-74.7490209652473,39.1766629378101],[-74.7488345647173,39.1765940049298],[-74.7485994082917,39.1764936834348],[-74.7483762877233,39.1763649711708],[-74.7481937096923,39.1762488027589],[-74.7480557079767,39.1761387720632],[-74.7479013701,39.1759973376618],[-74.7477510533065,39.1758558386507],[-74.7473611236943,39.175478576903],[-74.746857436522,39.1749912023687],[-74.7466054525505,39.1747501468091]]}},{"type":"Feature","id":76340,"properties":{"OBJECTID":76340,"PRIMENAME":"Unnamed Segment","ELEVTYP_F":0,"ELEVTYP_T":0},"geometry":{"type":"LineString","coordinates":[[-74.7524613322542,39.1651703875393],[-74.7521572147163,39.1655833938208],[-74.7521385461335,39.1656759052442]]}},{"type":"Feature","id":76348,"properties":{"OBJECTID":76348,"PRIMENAME":"Indian Road","ELEVTYP_F":0,"ELEVTYP_T":0},"geometry":{"type":"LineString","coordinates":[[-74.8239786193002,39.2054459276949],[-74.8239936192313,39.2059459272146]]}},{"type":"Feature","id":76365,"properties":{"OBJECTID":76365,"PRIMENAME":"Adams Avenue","ELEVTYP_F":0,"ELEVTYP_T":0},"geometry":{"type":"LineString","coordinates":[[-74.8188970749075,39.2364356781369],[-74.817706693698,39.2376936439248],[-74.817500780466,39.2379129574567]]}},{"type":"Feature","id":76752,"properties":{"OBJECTID":76752,"PRIMENAME":"Clermont Southseaville Road","ELEVTYP_F":0,"ELEVTYP_T":0},"geometry":{"type":"LineString","coordinates":[[-74.7651232218794,39.1677845372308],[-74.7650685521256,39.1679467745212],[-74.7649727211349,39.1682489441896],[-74.7649249116235,39.1683672851069]]}},{"type":"Feature","id":76860,"properties":{"OBJECTID":76860,"PRIMENAME":"Hall Avenue","ELEVTYP_F":0,"ELEVTYP_T":0},"geometry":{"type":"LineString","coordinates":[[-74.8192855114525,39.1914342864749],[-74.8196048012176,39.1920500771967],[-74.819685183255,39.1921989508289]]}},{"type":"Feature","id":77195,"properties":{"OBJECTID":77195,"PRIMENAME":"Dennisville Road","ELEVTYP_F":0,"ELEVTYP_T":0},"geometry":{"type":"LineString","coordinates":[[-74.8014950899559,39.1718559087593],[-74.8014281034137,39.1718475700491],[-74.8008592980152,39.1717721553999]]}},{"type":"Feature","id":77217,"properties":{"OBJECTID":77217,"PRIMENAME":"Unnamed Segment","ELEVTYP_F":0,"ELEVTYP_T":0},"geometry":{"type":"LineString","coordinates":[[-74.7555871221655,39.1724020577766],[-74.7555712748623,39.1719879462223]]}},{"type":"Feature","id":77633,"properties":{"OBJECTID":77633,"PRIMENAME":"Myrtle Avenue","ELEVTYP_F":0,"ELEVTYP_T":0},"geometry":{"type":"LineString","coordinates":[[-74.8338933378111,39.1984140928863],[-74.8338976293459,39.1985676498663],[-74.833907534858,39.1990276707824],[-74.8339258659083,39.1996350030094],[-74.8339399960941,39.2001822437394],[-74.8339524721908,39.2011774833668],[-74.8339769503115,39.2022629138583],[-74.8340120924046,39.2031558645528],[-74.8340185947797,39.2037091119293],[-74.8340402693039,39.2042021843966],[-74.8340516871611,39.2049959717991],[-74.8340771164758,39.2054619877469],[-74.8340806206695,39.2062016793754],[-74.8340852863899,39.2063670413529]]}},{"type":"Feature","id":77646,"properties":{"OBJECTID":77646,"PRIMENAME":"Unnamed Segment","ELEVTYP_F":0,"ELEVTYP_T":0},"geometry":{"type":"LineString","coordinates":[[-74.7380031081895,39.199954616562],[-74.7380246265164,39.2000788623278],[-74.7380110281072,39.2014085716472]]}},{"type":"Feature","id":77908,"properties":{"OBJECTID":77908,"PRIMENAME":"School House Lane","ELEVTYP_F":0,"ELEVTYP_T":0},"geometry":{"type":"LineString","coordinates":[[-74.7539860597899,39.2900949369206],[-74.7539390436782,39.2900594553264],[-74.7538992861332,39.2900382358631],[-74.7538531970757,39.290024470053],[-74.7537310455671,39.2900043084391],[-74.753543987013,39.2899745132698],[-74.7530302372693,39.2899261533899],[-74.7525164167831,39.2898679067101],[-74.7517648020794,39.2897804640787],[-74.7510582331625,39.2897120132295]]}},{"type":"Feature","id":78419,"properties":{"OBJECTID":78419,"PRIMENAME":"Dennisville Petersburg Road","ELEVTYP_F":0,"ELEVTYP_T":0},"geometry":{"type":"LineString","coordinates":[[-74.7791773666433,39.2210488304279],[-74.7790361636576,39.2212522426506],[-74.7788805254158,39.2214472403796],[-74.7788581135147,39.221475320626],[-74.7787241382548,39.2216144383016]]}},{"type":"Feature","id":78558,"properties":{"OBJECTID":78558,"PRIMENAME":"Dehirsch Avenue","ELEVTYP_F":0,"ELEVTYP_T":0},"geometry":{"type":"LineString","coordinates":[[-74.8168583230622,39.2421590987943],[-74.8158797404284,39.241598416767],[-74.8157648671254,39.2415326112745]]}},{"type":"Feature","id":78638,"properties":{"OBJECTID":78638,"PRIMENAME":"Raymond Road","ELEVTYP_F":0,"ELEVTYP_T":0},"geometry":{"type":"LineString","coordinates":[[-74.7317002545123,39.1863292300859],[-74.732694754643,39.1854431595585],[-74.73277896587,39.1853681265362]]}},{"type":"Feature","id":78819,"properties":{"OBJECTID":78819,"PRIMENAME":"Unnamed Segment","ELEVTYP_F":0,"ELEVTYP_T":0},"geometry":{"type":"LineString","coordinates":[[-74.773413720345,39.1510408195346],[-74.7737451786387,39.150285844648]]}},{"type":"Feature","id":78886,"properties":{"OBJECTID":78886,"PRIMENAME":"Petersburg Road","ELEVTYP_F":0,"ELEVTYP_T":0},"geometry":{"type":"LineString","coordinates":[[-74.8204074451481,39.1935239025816],[-74.8193734229663,39.193909443181],[-74.8183186979945,39.1942989795065],[-74.818010316777,39.1944128698026],[-74.8176531128994,39.1945446784385]]}},{"type":"Feature","id":79324,"properties":{"OBJECTID":79324,"PRIMENAME":"Sunset Drive","ELEVTYP_F":0,"ELEVTYP_T":0},"geometry":{"type":"LineString","coordinates":[[-74.7404988267179,39.2606483336367],[-74.740620054061,39.2605918015718],[-74.7414056619743,39.2602336171554],[-74.7425153196158,39.2597238479929],[-74.7432128173142,39.2594041927748],[-74.7435404002597,39.2592526310287],[-74.7436602032169,39.2591920567733],[-74.7437798580495,39.2591095170183],[-74.7438467393907,39.2590654735521],[-74.7438699899465,39.2590382145848]]}},{"type":"Feature","id":79810,"properties":{"OBJECTID":79810,"PRIMENAME":"Ocean Avenue","ELEVTYP_F":0,"ELEVTYP_T":0},"geometry":{"type":"LineString","coordinates":[[-74.7640230166462,39.2897258281062],[-74.7639637123108,39.2894772573251],[-74.7637691821149,39.2886623346309],[-74.7635296838097,39.2876129481094],[-74.7635033347222,39.2874850905352],[-74.7633534937383,39.2867579775578],[-74.7633232201021,39.2865520638069],[-74.7632992303162,39.2864767212904],[-74.7632749203564,39.2864291652612],[-74.7632416284462,39.286389181101],[-74.7632083952474,39.2863549620414],[-74.7631633599052,39.2863209074725],[-74.763101725256,39.286288126319],[-74.7630349973938,39.2862637576789],[-74.7629797451712,39.2862467488997],[-74.7628986985786,39.2862383381039],[-74.7628473316791,39.2862398548458],[-74.7628022877542,39.2862505816833],[-74.7627641069331,39.2862729910547]]}},{"type":"Feature","id":80318,"properties":{"OBJECTID":80318,"PRIMENAME":"Calhoun Avenue","ELEVTYP_F":0,"ELEVTYP_T":0},"geometry":{"type":"LineString","coordinates":[[-74.8299061455727,39.2265739757857],[-74.8306276240564,39.2269756891332],[-74.831117503719,39.2272520001788],[-74.8324253828479,39.2280229549414],[-74.8326929415671,39.2281800430042],[-74.8333449168556,39.2285464903095],[-74.8337162722468,39.2287348772259],[-74.8337518064887,39.2287529018586],[-74.8342830165682,39.2290144741339]]}},{"type":"Feature","id":80883,"properties":{"OBJECTID":80883,"PRIMENAME":"Holly Road","ELEVTYP_F":0,"ELEVTYP_T":0},"geometry":{"type":"LineString","coordinates":[[-74.8434772790764,39.1953086969545],[-74.8430366821026,39.1959374514837],[-74.8428778571488,39.1961556716817],[-74.8426238676922,39.1965046462272]]}},{"type":"Feature","id":81154,"properties":{"OBJECTID":81154,"PRIMENAME":"Webster Street","ELEVTYP_F":0,"ELEVTYP_T":0},"geometry":{"type":"LineString","coordinates":[[-74.8092344443458,39.2306444221688],[-74.8093926495599,39.2308180229445],[-74.8095328963252,39.2309591378522],[-74.8096715048005,39.2310778758939],[-74.8096804362774,39.2310855280963]]}},{"type":"Feature","id":81323,"properties":{"OBJECTID":81323,"PRIMENAME":"State Highway 49","ELEVTYP_F":0,"ELEVTYP_T":0},"geometry":{"type":"LineString","coordinates":[[-74.7732631933515,39.2959630829612],[-74.7724932839883,39.2958648885528],[-74.7704326232102,39.295598747881],[-74.7681529622367,39.2953047391749],[-74.7676372586799,39.29523868422]]}},{"type":"Feature","id":81382,"properties":{"OBJECTID":81382,"PRIMENAME":"Goshen Road","ELEVTYP_F":0,"ELEVTYP_T":0},"geometry":{"type":"LineString","coordinates":[[-74.7328641777458,39.1871451436993],[-74.7330014411426,39.1870216674916],[-74.7330995373061,39.1869609270647],[-74.7331516673473,39.186934601258],[-74.7332140094555,39.1869128951901],[-74.7333717675669,39.1868735065068],[-74.7339014750112,39.1867617362388],[-74.734478144223,39.1866313794271],[-74.7347976000255,39.1865591647787]]}},{"type":"Feature","id":81513,"properties":{"OBJECTID":81513,"PRIMENAME":"Carl Mason Street","ELEVTYP_F":0,"ELEVTYP_T":0},"geometry":{"type":"LineString","coordinates":[[-74.864346349226,39.2701447442404],[-74.8645832225388,39.2702862297386],[-74.8649787741514,39.2705169752239],[-74.8653064898065,39.2706899436973],[-74.8653635961875,39.270728423224],[-74.8653886360603,39.2707614858217],[-74.8653884641016,39.270763633015]]}},{"type":"Feature","id":81694,"properties":{"OBJECTID":81694,"PRIMENAME":"Webster Street","ELEVTYP_F":0,"ELEVTYP_T":0},"geometry":{"type":"LineString","coordinates":[[-74.8210873746047,39.2376909360682],[-74.8206917549722,39.2374664375736],[-74.8199902678737,39.2370620547165]]}},{"type":"Feature","id":82185,"properties":{"OBJECTID":82185,"PRIMENAME":"Dennis Lake Drive","ELEVTYP_F":0,"ELEVTYP_T":0},"geometry":{"type":"LineString","coordinates":[[-74.8259476198741,39.2039869269269],[-74.8264436202271,39.2033929256148]]}},{"type":"Feature","id":82271,"properties":{"OBJECTID":82271,"PRIMENAME":"Oak Street","ELEVTYP_F":0,"ELEVTYP_T":0},"geometry":{"type":"LineString","coordinates":[[-74.8161028244551,39.2358703721039],[-74.8171204806777,39.236446047989],[-74.817159271307,39.2364670289089],[-74.8171747693477,39.2364745653579],[-74.8171885505812,39.2364766726969]]}},{"type":"Feature","id":82684,"properties":{"OBJECTID":82684,"PRIMENAME":"Kings Highway","ELEVTYP_F":0,"ELEVTYP_T":0},"geometry":{"type":"LineString","coordinates":[[-74.7567419182404,39.1936129104637],[-74.7567312006193,39.1938263668024],[-74.7567045431397,39.1944906759222],[-74.7566760971339,39.19520445817],[-74.7566556535198,39.1957173909075],[-74.7566355336902,39.1961746072448],[-74.7566332304915,39.1962269687493],[-74.7566028521,39.1969235653254],[-74.7565660700842,39.1977669846778],[-74.7565390792793,39.1983407405165],[-74.7565270152617,39.1984498192151]]}},{"type":"Feature","id":82781,"properties":{"OBJECTID":82781,"PRIMENAME":"School House Lane","ELEVTYP_F":0,"ELEVTYP_T":0},"geometry":{"type":"LineString","coordinates":[[-74.7510582331625,39.2897120132295],[-74.7500663984725,39.2896159223247],[-74.7496799705061,39.28957056843],[-74.7496332591379,39.2895607848022],[-74.7495949353239,39.2895344801729],[-74.7495310068634,39.2894521364105],[-74.7494329018369,39.2893171210788],[-74.749398363484,39.2892716370442],[-74.7492153627677,39.2890306337072]]}},{"type":"Feature","id":83053,"properties":{"OBJECTID":83053,"PRIMENAME":"Longfellow Street","ELEVTYP_F":0,"ELEVTYP_T":0},"geometry":{"type":"LineString","coordinates":[[-74.8118535692072,39.242122304367],[-74.8109540650103,39.2416130170635],[-74.8107714881997,39.2415029892895]]}},{"type":"Feature","id":83402,"properties":{"OBJECTID":83402,"PRIMENAME":"Wiley Court","ELEVTYP_F":0,"ELEVTYP_T":0},"geometry":{"type":"LineString","coordinates":[[-74.7753916756801,39.1680343139714],[-74.7750591171466,39.1685846083721]]}},{"type":"Feature","id":83499,"properties":{"OBJECTID":83499,"PRIMENAME":"Dennis Lake Drive","ELEVTYP_F":0,"ELEVTYP_T":0},"geometry":{"type":"LineString","coordinates":[[-74.8239936192313,39.2059459272146],[-74.824081620552,39.2059289269982],[-74.8242706200573,39.2058939281043],[-74.8244286213014,39.2057439278005],[-74.8245036193286,39.2056179260226],[-74.8245456208135,39.2054869273253],[-74.8248166215112,39.205262928192],[-74.8252606202332,39.2047679260632]]}},{"type":"Feature","id":83553,"properties":{"OBJECTID":83553,"PRIMENAME":"Narrows Road","ELEVTYP_F":0,"ELEVTYP_T":0},"geometry":{"type":"LineString","coordinates":[[-74.8341212005405,39.2890850720595],[-74.8339632812214,39.2890113112548],[-74.833776931616,39.2889215395302],[-74.833598277327,39.2888227120576],[-74.8334351765327,39.2887328731692],[-74.8331904361586,39.2885861018044],[-74.8328951757646,39.2884033146441],[-74.8327512976662,39.2882833271085],[-74.832619030309,39.2881603128065],[-74.8324867700676,39.2880463047076],[-74.8322109259292,39.2878664807861],[-74.8318224852333,39.287635823293],[-74.8315506513395,39.2874890986278],[-74.8313798548399,39.2874143260081],[-74.8312441726245,39.287390632319],[-74.8310387949675,39.2873701561853],[-74.8309263898068,39.2873524098051],[-74.8308371690228,39.2873285835824],[-74.8307918262079,39.2873069729683]]}},{"type":"Feature","id":83782,"properties":{"OBJECTID":83782,"PRIMENAME":"Steelmantown Road","ELEVTYP_F":0,"ELEVTYP_T":0},"geometry":{"type":"LineString","coordinates":[[-74.7909476964534,39.2859823129026],[-74.7911093612366,39.2859448689596],[-74.7912226630188,39.285900489649],[-74.7913292999915,39.2858422614993],[-74.791437029577,39.2857833990427],[-74.7919669118957,39.2855143103516],[-74.7922452495485,39.2853635392554],[-74.7923875400504,39.2852864601858],[-74.7925776119036,39.2851820300327],[-74.7927191864418,39.2851060576602],[-74.7929131376135,39.2849575221146],[-74.7930100615105,39.2848753739849],[-74.793094806508,39.2847869687137],[-74.793183535215,39.2846796352484],[-74.7933085225883,39.2845154840056],[-74.7934615747878,39.2842694134725],[-74.7936307091574,39.2840169865318],[-74.7937596087221,39.2838339626707],[-74.7938645072345,39.283707697698],[-74.7939734607665,39.2835877092083],[-74.7941228446313,39.2834455718459],[-74.7943046300301,39.2832875916641],[-74.7944984182519,39.283110717683],[-74.794785203317,39.2828768815837],[-74.7949588867716,39.2827252085987],[-74.7951285228315,39.2825862030229],[-74.7952901348843,39.2824629503565],[-74.7954720657294,39.2823490918978],[-74.795625744916,39.2822636392567],[-74.7958198543148,39.2821560370512],[-74.7960139222013,39.282038988634],[-74.7962523824826,39.281884045688],[-74.7964262185165,39.2817701784004],[-74.7966081192084,39.2816500305147],[-74.7968464958557,39.2814761693488],[-74.7971737840855,39.2812327789637],[-74.7974848945717,39.280998901101],[-74.7976748404629,39.2808692309406],[-74.797880971823,39.2807238402987],[-74.7980426760964,39.2806162893379],[-74.7981841340555,39.2805245777643],[-74.7983013289403,39.2804518183651],[-74.7984226632911,39.2803884933324],[-74.79843188084,39.2803847907615],[-74.7985804908568,39.280325102528],[-74.7987666247463,39.2802553232378],[-74.7990134388886,39.2801570246362],[-74.7994384367763,39.2800141993376],[-74.7999604982438,39.2798174993932],[-74.8002761185109,39.2797001576793],[-74.8003934400627,39.2796494713299],[-74.8004864693783,39.2796019779006],[-74.8005551931432,39.2795545471355],[-74.8006237775902,39.2794913559473],[-74.8006924068985,39.2794218777814],[-74.8007407079501,39.2793493208293],[-74.8007687670961,39.2792767891179],[-74.8007967340383,39.2791664493304],[-74.8008082187531,39.2790183717318],[-74.800798760036,39.2787065116244],[-74.8007939185521,39.2785080924322],[-74.8007934740076,39.2784041407673],[-74.8008010578821,39.2782938815393],[-74.8008167664453,39.2781835733945],[-74.8008407290822,39.278095346439],[-74.8008768180168,39.2780007184471],[-74.8009210239021,39.2779123851154],[-74.8010137405993,39.2777924598299],[-74.8011266183836,39.2776535651131],[-74.8013364895676,39.2774451174365],[-74.8016108604669,39.2771609127149],[-74.8022847595943,39.2764692793715],[-74.8031322717219,39.2756291692554],[-74.8040118982752,39.2747290851998],[-74.8041514168219,39.2745849769544],[-74.8050972702377,39.2736079751747],[-74.8061949994526,39.2725340487974],[-74.807131342301,39.2716401073104],[-74.8076923063814,39.2711094184912],[-74.8078497049212,39.2709546387213],[-74.8079989650931,39.2707967499082],[-74.8080957288427,39.2706862262443],[-74.8081682716862,39.2705946847397],[-74.8082125466785,39.2705252665044],[-74.8082333607343,39.2704786713973],[-74.8082446152354,39.2704432771762]]}},{"type":"Feature","id":83795,"properties":{"OBJECTID":83795,"PRIMENAME":"Radcliff Lane","ELEVTYP_F":0,"ELEVTYP_T":0},"geometry":{"type":"LineString","coordinates":[[-74.7682660898841,39.1564051749872],[-74.7681609748297,39.1564000902368],[-74.7680684058467,39.1563923127526],[-74.7678763485363,39.1563473943958],[-74.767248743857,39.1562181099645],[-74.7666863045025,39.1561046530379],[-74.7661753558233,39.1560097736261],[-74.7658742728811,39.1559786927827]]}},{"type":"Feature","id":84415,"properties":{"OBJECTID":84415,"PRIMENAME":"Unnamed Segment","ELEVTYP_F":0,"ELEVTYP_T":0},"geometry":{"type":"LineString","coordinates":[[-74.7513184290099,39.1652789991522],[-74.7513260096463,39.1652818880069],[-74.7515086739131,39.1653514818407]]}},{"type":"Feature","id":84541,"properties":{"OBJECTID":84541,"PRIMENAME":"Washington Avenue","ELEVTYP_F":0,"ELEVTYP_T":0},"geometry":{"type":"LineString","coordinates":[[-74.8214323197,39.235538051862],[-74.8213096736877,39.2356715305557],[-74.8210537909738,39.2359388185174],[-74.8199902678737,39.2370620547165]]}},{"type":"Feature","id":84924,"properties":{"OBJECTID":84924,"PRIMENAME":"Woodbine Avenue","ELEVTYP_F":0,"ELEVTYP_T":0},"geometry":{"type":"LineString","coordinates":[[-74.84106366667,39.2491351203595],[-74.8406570439185,39.2489032817238],[-74.8398455393481,39.2484330595969],[-74.8392883827804,39.2481128304548],[-74.8386377441433,39.2477377922857],[-74.8380992636851,39.2474291183224],[-74.8373364644924,39.2469906146087],[-74.8368129388687,39.2466905680646],[-74.8361623265126,39.2463155158604],[-74.8355678539633,39.245975086286],[-74.8348013072267,39.2455365766101],[-74.8341245304015,39.2451500008206],[-74.8336048386439,39.2448557498509],[-74.8327112446443,39.2443450755503],[-74.8325376910199,39.2442476038157],[-74.8321290107762,39.24401413123]]}},{"type":"Feature","id":85114,"properties":{"OBJECTID":85114,"PRIMENAME":"Main Street","ELEVTYP_F":0,"ELEVTYP_T":0},"geometry":{"type":"LineString","coordinates":[[-74.7516212820572,39.1771915378899],[-74.7511884175356,39.1771088633725],[-74.7503417550436,39.1769468466827],[-74.7501881950017,39.1769176047295]]}},{"type":"Feature","id":85581,"properties":{"OBJECTID":85581,"PRIMENAME":"North Delsea Drive","ELEVTYP_F":0,"ELEVTYP_T":0},"geometry":{"type":"LineString","coordinates":[[-74.8200588732609,39.1832307607302],[-74.8200376121676,39.1833702989015],[-74.8200226396212,39.1834631196466],[-74.8199653779336,39.1838181091941],[-74.8198527825248,39.1845620767249],[-74.8197627454589,39.1851615838693],[-74.8196320780254,39.1860139195816],[-74.8195463729199,39.1865736832578],[-74.8195017844729,39.1869492595238],[-74.8195027978921,39.1871730895967],[-74.8195083370721,39.1873679670688],[-74.8195275282368,39.1875231596075],[-74.8195657094693,39.1877504847543],[-74.819622230062,39.1879524713738],[-74.8196976104945,39.1881977345035],[-74.8197680074923,39.188370825661],[-74.8198663720271,39.188579973327],[-74.8199879495892,39.188796169234],[-74.8200953456784,39.1889583674747],[-74.8201133964462,39.1889830016197],[-74.8202167660666,39.1891240691463],[-74.8203473248899,39.1892897455612],[-74.8204272189078,39.1893781579651]]}},{"type":"Feature","id":85937,"properties":{"OBJECTID":85937,"PRIMENAME":"Court House South Dennis Road","ELEVTYP_F":0,"ELEVTYP_T":0},"geometry":{"type":"LineString","coordinates":[[-74.8210399383079,39.1633505910954],[-74.8210226408235,39.1634093427112],[-74.8208639461909,39.1639110182361],[-74.8207089100326,39.1644265761479],[-74.8206207404416,39.1647080664234],[-74.8205326313271,39.1649951308332],[-74.8204162856175,39.1653713727937],[-74.8202964778552,39.1657698910192],[-74.8201624348027,39.1661795699391],[-74.8200637782356,39.1665140271051],[-74.8199792653713,39.1668094003648],[-74.8199442188691,39.1669682285398],[-74.8199059527078,39.1672105640986],[-74.819889041634,39.167425026782],[-74.8198862606658,39.1675976869788],[-74.819890643651,39.1677786755586],[-74.8199014559921,39.1679154118006]]}},{"type":"Feature","id":86092,"properties":{"OBJECTID":86092,"PRIMENAME":"Old State Highway","ELEVTYP_F":0,"ELEVTYP_T":0},"geometry":{"type":"LineString","coordinates":[[-74.9061631531546,39.2156372338703],[-74.9062193693192,39.2156290475153],[-74.9062705270492,39.2156252450856],[-74.9063450809067,39.2156267966205],[-74.906456950169,39.2156354948017],[-74.9068205453608,39.2156795030121],[-74.9069875623579,39.2156907024582],[-74.9069999556162,39.2156915338634],[-74.9072120009048,39.2157071302451],[-74.9073070809677,39.2157179455876]]}},{"type":"Feature","id":86429,"properties":{"OBJECTID":86429,"PRIMENAME":"Jackson Avenue","ELEVTYP_F":0,"ELEVTYP_T":0},"geometry":{"type":"LineString","coordinates":[[-74.8183006410076,39.2406404067147],[-74.818969558005,39.2399361382885],[-74.8196886994511,39.2391683307083]]}},{"type":"Feature","id":86542,"properties":{"OBJECTID":86542,"PRIMENAME":"Fremont Avenue","ELEVTYP_F":0,"ELEVTYP_T":0},"geometry":{"type":"LineString","coordinates":[[-74.8263684359829,39.2303169485533],[-74.8267666064059,39.2305330747568],[-74.8275295687759,39.2309755746289],[-74.8280901500945,39.23129115558],[-74.8292830616714,39.2319743850788],[-74.829805735499,39.2322737004376],[-74.8311841496948,39.233064292208],[-74.8312340702176,39.2330928586955],[-74.8325442653714,39.2338425559171]]}},{"type":"Feature","id":86797,"properties":{"OBJECTID":86797,"PRIMENAME":"Lake Drive","ELEVTYP_F":0,"ELEVTYP_T":0},"geometry":{"type":"LineString","coordinates":[[-74.8422547865491,39.1975710933561],[-74.8422994673843,39.1976533566606],[-74.8423131123452,39.197682248107],[-74.8423231592819,39.1977120193473],[-74.8423295168651,39.1977423997661],[-74.8423321273005,39.1977731132104],[-74.8423309668547,39.1978038804996],[-74.8423260460712,39.1978344219635],[-74.8423174096744,39.197864459984],[-74.8423051361634,39.197893721519],[-74.8422989895056,39.1979063061787],[-74.8422027813006,39.198033740274],[-74.8420718241471,39.1981114161898],[-74.8420566021515,39.1981216825588],[-74.8420431537422,39.1981333523825],[-74.8420316909862,39.1981462416411],[-74.8420223946395,39.1981601470857],[-74.8420154112963,39.1981748494429],[-74.8420108510776,39.198190116873],[-74.8420087858947,39.1982057086253],[-74.8420092483149,39.198221378835],[-74.8420066446163,39.1983658501308],[-74.842043630678,39.1985324908734],[-74.842232256681,39.1989163325558]]}},{"type":"Feature","id":86921,"properties":{"OBJECTID":86921,"PRIMENAME":"Mount Pleasant Tuckahoe Road","ELEVTYP_F":0,"ELEVTYP_T":0},"geometry":{"type":"LineString","coordinates":[[-74.7526510457792,39.2937145602983],[-74.7526193628225,39.2937970557165],[-74.7525559934001,39.293960808807],[-74.7525002112978,39.2941216357619],[-74.75246689493,39.2942707447749],[-74.752426268813,39.2944462933217]]}},{"type":"Feature","id":87180,"properties":{"OBJECTID":87180,"PRIMENAME":"Sumner Avenue","ELEVTYP_F":0,"ELEVTYP_T":0},"geometry":{"type":"LineString","coordinates":[[-74.8217655159039,39.233406641598],[-74.8208304009498,39.2328910754958],[-74.8197672947674,39.2322533390257],[-74.8186925405637,39.2316432737032],[-74.8178232892593,39.2311613578958],[-74.8168867669497,39.230618306486],[-74.8164521605686,39.2303711912527],[-74.8163153603491,39.2302931728515]]}},{"type":"Feature","id":87248,"properties":{"OBJECTID":87248,"PRIMENAME":"North Delsea Drive","ELEVTYP_F":0,"ELEVTYP_T":0},"geometry":{"type":"LineString","coordinates":[[-74.8211508647956,39.1705330183373],[-74.8210652315686,39.1706675491651],[-74.8209778881511,39.1708447257186],[-74.8208953790371,39.1710615382919],[-74.8208496835268,39.1712133117721],[-74.8208134332072,39.1713866414596],[-74.8207803042196,39.171575572226]]}},{"type":"Feature","id":87721,"properties":{"OBJECTID":87721,"PRIMENAME":"Mill Road","ELEVTYP_F":0,"ELEVTYP_T":0},"geometry":{"type":"LineString","coordinates":[[-74.7656928907159,39.2891195683097],[-74.765458217205,39.2892532968379],[-74.7651949851844,39.2893944217041],[-74.7650107338761,39.2894914630331],[-74.7648677705953,39.2895562022812],[-74.7647172720927,39.2896092622548],[-74.7645516429604,39.2896506043321],[-74.7643784428882,39.2896802941591],[-74.7641374144206,39.2897130481657],[-74.7640230166462,39.2897258281062]]}},{"type":"Feature","id":88694,"properties":{"OBJECTID":88694,"PRIMENAME":"Clay Street","ELEVTYP_F":0,"ELEVTYP_T":0},"geometry":{"type":"LineString","coordinates":[[-74.8120460915643,39.2347929882358],[-74.8131544128994,39.2354271592671]]}},{"type":"Feature","id":88798,"properties":{"OBJECTID":88798,"PRIMENAME":"Evergreen Drive","ELEVTYP_F":0,"ELEVTYP_T":0},"geometry":{"type":"LineString","coordinates":[[-74.8651607999296,39.261954467855],[-74.8652209770484,39.2619190795574],[-74.8657261226998,39.2616480847473],[-74.8665745406716,39.2611886963347]]}},{"type":"Feature","id":88832,"properties":{"OBJECTID":88832,"PRIMENAME":"Unnamed Segment","ELEVTYP_F":0,"ELEVTYP_T":0},"geometry":{"type":"LineString","coordinates":[[-74.7723853632286,39.2276691248435],[-74.779616201931,39.2325088955727]]}},{"type":"Feature","id":89079,"properties":{"OBJECTID":89079,"PRIMENAME":"Ocean Drive","ELEVTYP_F":0,"ELEVTYP_T":0},"geometry":{"type":"LineString","coordinates":[[-74.8079626158148,39.2357819348859],[-74.8078126164982,39.235711934502],[-74.8068896147867,39.2351849345152]]}},{"type":"Feature","id":89088,"properties":{"OBJECTID":89088,"PRIMENAME":"Steelmantown Road","ELEVTYP_F":0,"ELEVTYP_T":0},"geometry":{"type":"LineString","coordinates":[[-74.8082446152354,39.2704432771762],[-74.8082604143859,39.2703487554455],[-74.808264103539,39.2702636559276],[-74.8082528827148,39.2701916622864],[-74.8082474213477,39.2701566176888],[-74.8081980431172,39.269980336092],[-74.8081322987725,39.2697852084574],[-74.8080462541375,39.2695680850818],[-74.8079785542684,39.2694343561834]]}},{"type":"Feature","id":89278,"properties":{"OBJECTID":89278,"PRIMENAME":"State Highway 83","ELEVTYP_F":0,"ELEVTYP_T":0},"geometry":{"type":"LineString","coordinates":[[-74.7633145121587,39.1513046497424],[-74.763223526613,39.1512438855069],[-74.7631236614393,39.1511886859183],[-74.7630167058041,39.1511404306066],[-74.7629013831427,39.1510840811036]]}},{"type":"Feature","id":89400,"properties":{"OBJECTID":89400,"PRIMENAME":"Unnamed Segment","ELEVTYP_F":0,"ELEVTYP_T":0},"geometry":{"type":"LineString","coordinates":[[-74.8401595372678,39.2336511392009],[-74.8399391764758,39.233506188298]]}},{"type":"Feature","id":89625,"properties":{"OBJECTID":89625,"PRIMENAME":"Cedar Lane East","ELEVTYP_F":0,"ELEVTYP_T":0},"geometry":{"type":"LineString","coordinates":[[-74.8125095831871,39.1676055529368],[-74.8128158408824,39.168093352322],[-74.8132439688667,39.1687981907086]]}},{"type":"Feature","id":89754,"properties":{"OBJECTID":89754,"PRIMENAME":"Dehirsch Avenue","ELEVTYP_F":0,"ELEVTYP_T":0},"geometry":{"type":"LineString","coordinates":[[-74.7800309689146,39.2215101239101],[-74.7798460846143,39.2214157856794],[-74.7793828546042,39.2211675300814],[-74.7791773666433,39.2210488304279]]}},{"type":"Feature","id":89998,"properties":{"OBJECTID":89998,"PRIMENAME":"Hands Mill Road","ELEVTYP_F":0,"ELEVTYP_T":0},"geometry":{"type":"LineString","coordinates":[[-74.8844492964749,39.2591658733752],[-74.8844128331444,39.2591955109522],[-74.8843176693057,39.2592700959484],[-74.8841668572202,39.2593665832497],[-74.8839802649348,39.2594755448981],[-74.8837499617399,39.2596001624314],[-74.8831781232189,39.2599054464273],[-74.882391833621,39.260322934703],[-74.8811290158383,39.260995818736],[-74.8799217560958,39.2616406670269],[-74.878555635518,39.2623695983396],[-74.8774277587491,39.2629739103488],[-74.8760297580492,39.2637152979484],[-74.8748264662928,39.2643600804553],[-74.8740480075845,39.2647743566798],[-74.8734468447039,39.2651006913766]]}},{"type":"Feature","id":90181,"properties":{"OBJECTID":90181,"PRIMENAME":"North Delsea Drive","ELEVTYP_F":0,"ELEVTYP_T":0},"geometry":{"type":"LineString","coordinates":[[-74.8340771661119,39.1939836695088],[-74.8348482317821,39.1941332679361],[-74.8361341289836,39.1943834585236],[-74.8363109091358,39.1944178520289],[-74.8371607035273,39.1945814860405],[-74.8373557223422,39.1946170277884],[-74.8375229020769,39.194645401764],[-74.8376807130405,39.1946701777042],[-74.8378292101461,39.1946878413415],[-74.838047395602,39.1947124696367],[-74.838223698387,39.1947227490455],[-74.8384928723197,39.1947400614585],[-74.8387527491124,39.1947465272367],[-74.8391332666467,39.1947598633164],[-74.8396528967358,39.1947764167444],[-74.8397377231243,39.1947788394949],[-74.8407989328366,39.194809149422],[-74.8412907241053,39.1948257490442],[-74.8413047998933,39.1948261474179],[-74.8416387619872,39.1948355750533],[-74.841875421487,39.1948492959865],[-74.8420889327997,39.1948703054764],[-74.8421930013293,39.1948827961939],[-74.8422653241348,39.1948914785757],[-74.8424650041803,39.1949342749928],[-74.8426461590301,39.1949770147465],[-74.842831989616,39.1950306414283],[-74.8430272049993,39.1950986282718],[-74.8430792477597,39.1951194247875],[-74.8432038079624,39.1951702666368],[-74.8433525709808,39.1952420687547],[-74.8434772790764,39.1953086969545]]}},{"type":"Feature","id":90311,"properties":{"OBJECTID":90311,"PRIMENAME":"Ludlam Lane","ELEVTYP_F":0,"ELEVTYP_T":0},"geometry":{"type":"LineString","coordinates":[[-74.8244766191843,39.2033729260969],[-74.8250596210047,39.2035429272536],[-74.8255316192064,39.203729927197]]}},{"type":"Feature","id":90495,"properties":{"OBJECTID":90495,"PRIMENAME":"Buck Drive","ELEVTYP_F":0,"ELEVTYP_T":0},"geometry":{"type":"LineString","coordinates":[[-74.7853913567207,39.2071315083401],[-74.7846483619896,39.2062078201458],[-74.7838398646073,39.2051910406784],[-74.7836579711585,39.204975351687],[-74.7835655083671,39.2048657068563]]}},{"type":"Feature","id":90537,"properties":{"OBJECTID":90537,"PRIMENAME":"2nd Avenue","ELEVTYP_F":0,"ELEVTYP_T":0},"geometry":{"type":"LineString","coordinates":[[-74.7732400657916,39.2971766798654],[-74.7732686481656,39.2965661071634],[-74.7732631933515,39.2959630829612]]}},{"type":"Feature","id":90786,"properties":{"OBJECTID":90786,"PRIMENAME":"Tuckahoe Road","ELEVTYP_F":0,"ELEVTYP_T":0},"geometry":{"type":"LineString","coordinates":[[-74.7324839680764,39.2646570215274],[-74.7321228622952,39.2645549426372],[-74.730843124216,39.2641928125305],[-74.7303766328447,39.2640608045312],[-74.7285492181556,39.2635422520988],[-74.7270331765206,39.2631106531617],[-74.7252824865658,39.2626129051343],[-74.7236806852998,39.2621569646496],[-74.7235334722336,39.2621146716891],[-74.7230264610018,39.2619690122171],[-74.7214608531376,39.2615233772156],[-74.7206848082108,39.2613075816338],[-74.7197733771391,39.2610429982992]]}},{"type":"Feature","id":91141,"properties":{"OBJECTID":91141,"PRIMENAME":"Unnamed Segment","ELEVTYP_F":0,"ELEVTYP_T":0},"geometry":{"type":"LineString","coordinates":[[-74.7664097900038,39.1493627367748],[-74.7665481700703,39.1493901923901]]}},{"type":"Feature","id":91405,"properties":{"OBJECTID":91405,"PRIMENAME":"North Delsea Drive","ELEVTYP_F":0,"ELEVTYP_T":0},"geometry":{"type":"LineString","coordinates":[[-74.8534085314369,39.1414080819266],[-74.8534200274802,39.1415424524119],[-74.8534678023401,39.1418311619064],[-74.8535526895917,39.1421377440677],[-74.8536990419413,39.142649906797],[-74.8538217817912,39.1430936068838],[-74.8539114870344,39.1434182413295],[-74.8539635027258,39.1436237955415],[-74.8539826812584,39.1437428490305],[-74.8540113695835,39.1439160465269],[-74.8540355658364,39.1441217680592],[-74.8540411419833,39.144305854823],[-74.8540512861403,39.1444935517822],[-74.8540431130169,39.1446993166646],[-74.8540255616336,39.1449051658779],[-74.8540033539442,39.1450893361074],[-74.8539535968254,39.1453421528884],[-74.8538854559251,39.1456276169283],[-74.8538032213269,39.1458733102002],[-74.8537300618356,39.1460720790649],[-74.8536154051516,39.1463287437138],[-74.8534823237612,39.1465818400441],[-74.8533305534682,39.146835020797],[-74.8531832720676,39.1470484012744],[-74.8530128250729,39.1472691548299],[-74.8527810845261,39.1475369589298],[-74.8527685270997,39.1475514725233],[-74.8524640898828,39.1478592599355],[-74.8522193931868,39.1480693916228],[-74.8519284667376,39.1482940776206],[-74.8516050082135,39.1485152639829],[-74.8512907672724,39.1487111062817],[-74.8509671449401,39.1488998638561],[-74.8505557367918,39.1491429484546],[-74.8500471825489,39.1494440951099],[-74.8496219104931,39.1496944670884],[-74.84883010905,39.1501635300362],[-74.8482391566293,39.1505136002949],[-74.8481519423833,39.1505652654187],[-74.8468297774185,39.1513453521565],[-74.8446891884683,39.1525935555445],[-74.8437552362199,39.1531305842138],[-74.8430478318884,39.1535333300007],[-74.842645469743,39.1537547785524],[-74.8423449009225,39.153907254931],[-74.8420303116213,39.1540562025581],[-74.8417064300268,39.1542015245806],[-74.8414103899292,39.1543287527829],[-74.8410355111318,39.1544742223199],[-74.8407346420782,39.1546010674657],[-74.8406560460744,39.1546342012463],[-74.8403831007348,39.1547685804475],[-74.8401751142624,39.1548883262807],[-74.8399439890569,39.1550441637586],[-74.8397177112229,39.1552325780728],[-74.8394870711339,39.155475124308],[-74.839072005841,39.1559420137274],[-74.8389060443434,39.1561338759166],[-74.8384494225322,39.1566514056166],[-74.8378268269259,39.1573535730308],[-74.8371903924391,39.1580774134173],[-74.8368717316899,39.1584288797904],[-74.8368716154409,39.1584290089463],[-74.8367014728295,39.1586166667993],[-74.8364662766743,39.1588844534762],[-74.8360834801483,39.1593151594203],[-74.83591276129,39.1594961578686],[-74.8357696783737,39.1596373729247],[-74.835543407051,39.1598474432489],[-74.835280326228,39.1600900464837],[-74.8348740535423,39.160466642258],[-74.834643244603,39.1606730727568],[-74.8344861221514,39.1607998834021],[-74.8343243980703,39.1609158618524],[-74.8342309489378,39.160978430917],[-74.8340746726314,39.161068170917],[-74.8338526564826,39.1611807244848],[-74.8336536914281,39.161267950352],[-74.8334129145736,39.161358919577],[-74.8330842794151,39.1614645276234],[-74.8325796415691,39.1616284078556],[-74.8321629138401,39.1617667749891],[-74.8319720171086,39.1618286191155]]}},{"type":"Feature","id":91502,"properties":{"OBJECTID":91502,"PRIMENAME":"Sunset Road","ELEVTYP_F":0,"ELEVTYP_T":0},"geometry":{"type":"LineString","coordinates":[[-74.8781321642929,39.2433246790146],[-74.8782713444676,39.2434008637628],[-74.8786618027764,39.2435973141122],[-74.8791198758338,39.2438121036452],[-74.8795820080219,39.2440392347344],[-74.8797932311721,39.2441559532171],[-74.8800842029832,39.2443218329823],[-74.8803313777326,39.2444786026804],[-74.8805673801297,39.2446276937007],[-74.8806184470755,39.2446599537756],[-74.8808975873454,39.2448506094698],[-74.8812564990542,39.2450873237334],[-74.8817350553684,39.2454101625872],[-74.8821856741719,39.2457114821756],[-74.8824248965301,39.245865144012],[-74.8827797952382,39.2460957158779],[-74.883174588007,39.2463570185144],[-74.883437872162,39.2465384669501],[-74.8838924626918,39.2468335619064],[-74.8843669665929,39.2471471499111],[-74.8847138990982,39.2473715372314],[-74.8849690905489,39.2475375237439],[-74.8851963922935,39.247678917581],[-74.8854236254431,39.2478203120973],[-74.8856707402779,39.2479553787103],[-74.8858579605873,39.2480505566185],[-74.8861170125421,39.2481856385791],[-74.8864159114508,39.2483422237258],[-74.8866986986268,39.248464869944],[-74.8870930788259,39.2486458476538],[-74.8873470857859,39.2487448170256],[-74.8873996871137,39.2487653105507],[-74.8880288334337,39.2490042069626],[-74.8885863910006,39.2492279086415],[-74.8890569500752,39.2494018747035],[-74.8896216330717,39.2496106344784],[-74.8905373444753,39.2499288981237],[-74.8913018257572,39.2502043908286],[-74.8914566856712,39.2502569171625]]}},{"type":"Feature","id":91560,"properties":{"OBJECTID":91560,"PRIMENAME":"Oak Street","ELEVTYP_F":0,"ELEVTYP_T":0},"geometry":{"type":"LineString","coordinates":[[-74.7980528983301,39.2403999882014],[-74.7984570270317,39.2401352014563],[-74.7990280947297,39.2396953146924],[-74.7991044248065,39.2396260001327]]}},{"type":"Feature","id":92724,"properties":{"OBJECTID":92724,"PRIMENAME":"Unnamed Segment","ELEVTYP_F":0,"ELEVTYP_T":0},"geometry":{"type":"LineString","coordinates":[[-74.8406387928251,39.2362037998887],[-74.8411317228036,39.2364910836123]]}},{"type":"Feature","id":93300,"properties":{"OBJECTID":93300,"PRIMENAME":"Seneca Trail","ELEVTYP_F":0,"ELEVTYP_T":0},"geometry":{"type":"LineString","coordinates":[[-74.806500535404,39.2628134616291],[-74.8068056829457,39.2629147437871]]}},{"type":"Feature","id":93317,"properties":{"OBJECTID":93317,"PRIMENAME":"State Highway 83","ELEVTYP_F":0,"ELEVTYP_T":0},"geometry":{"type":"LineString","coordinates":[[-74.7708884974815,39.1581126014606],[-74.7707848932623,39.1580634744526],[-74.770351716426,39.1578559124792],[-74.7699836777124,39.157683974827],[-74.769717207588,39.1575501181773],[-74.7696884514213,39.1575356731081],[-74.7694545064891,39.1574021657787],[-74.7692627287789,39.1572834153965],[-74.7690708591613,39.1571497830448],[-74.768898186657,39.1570190986694],[-74.768763790052,39.1569002429731],[-74.768625562254,39.1567754368982],[-74.7682660898841,39.1564051749872]]}},{"type":"Feature","id":93611,"properties":{"OBJECTID":93611,"PRIMENAME":"Magnolia Drive","ELEVTYP_F":0,"ELEVTYP_T":0},"geometry":{"type":"LineString","coordinates":[[-74.8239786193002,39.2054459276949],[-74.8241816185902,39.2051329269577],[-74.82418561879,39.2051039279916],[-74.8244406195899,39.2048219274012],[-74.8248586192779,39.2044589276572]]}},{"type":"Feature","id":93908,"properties":{"OBJECTID":93908,"PRIMENAME":"North Delsea Drive","ELEVTYP_F":0,"ELEVTYP_T":0},"geometry":{"type":"LineString","coordinates":[[-74.877373006046,39.2047878638572],[-74.8783220884917,39.2045448911631],[-74.8794851634858,39.2042487144346],[-74.88004578338,39.2041097374386],[-74.8809123542907,39.2039155296722],[-74.8818949076915,39.2036993541511],[-74.8826594925951,39.2035271317118],[-74.8832294967877,39.2034025506799],[-74.8841470001871,39.2031937641551],[-74.8847009286559,39.2030734304017]]}},{"type":"Feature","id":93927,"properties":{"OBJECTID":93927,"PRIMENAME":"Madison Avenue","ELEVTYP_F":0,"ELEVTYP_T":0},"geometry":{"type":"LineString","coordinates":[[-74.8125126183671,39.2396698448452],[-74.813314525508,39.2388162966651],[-74.8139432921271,39.2381507976553]]}},{"type":"Feature","id":93982,"properties":{"OBJECTID":93982,"PRIMENAME":"Unnamed Segment","ELEVTYP_F":0,"ELEVTYP_T":0},"geometry":{"type":"LineString","coordinates":[[-74.839471550466,39.2355235015898],[-74.8396035262761,39.2354415416905]]}},{"type":"Feature","id":94261,"properties":{"OBJECTID":94261,"PRIMENAME":"State Highway 49","ELEVTYP_F":0,"ELEVTYP_T":0},"geometry":{"type":"LineString","coordinates":[[-74.7649307293686,39.2949088277546],[-74.7646524820068,39.2948874679911],[-74.7643929628871,39.2948754542604],[-74.7640645737088,39.2948635970702],[-74.7632657345232,39.2948370708752],[-74.7626476301003,39.2948153338542],[-74.7620216903196,39.2947933184188],[-74.7618343599596,39.2947867296823],[-74.7610031184861,39.2947602608243],[-74.7608003974188,39.2947512420881],[-74.7605043423366,39.2947298564453],[-74.7602204078443,39.2946989987847],[-74.7599527166062,39.2946649458983],[-74.759668735956,39.2946214566251],[-74.7594212808715,39.2945747540374],[-74.7593318835819,39.2945562278868]]}},{"type":"Feature","id":94426,"properties":{"OBJECTID":94426,"PRIMENAME":"Dennis Creek Drive","ELEVTYP_F":0,"ELEVTYP_T":0},"geometry":{"type":"LineString","coordinates":[[-74.798997633801,39.1698860306817],[-74.7973551185899,39.1696846589145],[-74.7968648670373,39.1696211368904]]}},{"type":"Feature","id":95428,"properties":{"OBJECTID":95428,"PRIMENAME":"Unnamed Segment","ELEVTYP_F":0,"ELEVTYP_T":0},"geometry":{"type":"LineString","coordinates":[[-74.7699300494383,39.1467193729498],[-74.769935360694,39.1470976561009],[-74.7699403822079,39.1472295572754],[-74.7699361131491,39.1472946456947],[-74.7699069248377,39.1473404426669],[-74.7698663801757,39.1473704372558],[-74.7697976684566,39.1473974053513]]}},{"type":"Feature","id":95453,"properties":{"OBJECTID":95453,"PRIMENAME":"Landing Road","ELEVTYP_F":0,"ELEVTYP_T":0},"geometry":{"type":"LineString","coordinates":[[-74.7561126050686,39.1551591963615],[-74.7560039496793,39.1550493191486],[-74.7558991002178,39.1549778119485],[-74.7558068467006,39.1549469922583],[-74.7557093767514,39.1549252626028],[-74.7556671842491,39.154915854013],[-74.7551497340057,39.1549874462857],[-74.7545010661116,39.1551002876624],[-74.7536148021232,39.1552409904002]]}},{"type":"Feature","id":95471,"properties":{"OBJECTID":95471,"PRIMENAME":"Main Street","ELEVTYP_F":0,"ELEVTYP_T":0},"geometry":{"type":"LineString","coordinates":[[-74.7581700401048,39.1784341368184],[-74.7580145331367,39.1784047176292],[-74.7573703758361,39.1782832420046],[-74.7561428827819,39.1780496465949],[-74.7550814927706,39.1778471697792],[-74.7540606522612,39.1776571966767],[-74.7530964589539,39.1774733803314],[-74.7518406444922,39.1772334861857],[-74.7516212820572,39.1771915378899]]}},{"type":"Feature","id":95634,"properties":{"OBJECTID":95634,"PRIMENAME":"Unnamed Segment","ELEVTYP_F":0,"ELEVTYP_T":0},"geometry":{"type":"LineString","coordinates":[[-74.84239359329,39.2017989787629],[-74.8424811890473,39.2019372060459],[-74.8425999778887,39.2021246566252]]}},{"type":"Feature","id":95967,"properties":{"OBJECTID":95967,"PRIMENAME":"Dorothy Lane","ELEVTYP_F":0,"ELEVTYP_T":0},"geometry":{"type":"LineString","coordinates":[[-74.7386506778849,39.1900247096497],[-74.7383174278413,39.1896496086184],[-74.7378077410519,39.1890897759528],[-74.7374955119779,39.1887940363744]]}},{"type":"Feature","id":96630,"properties":{"OBJECTID":96630,"PRIMENAME":"Camp Road","ELEVTYP_F":0,"ELEVTYP_T":0},"geometry":{"type":"LineString","coordinates":[[-74.8522364120142,39.2392857390191],[-74.8523686317997,39.2393569321603],[-74.8526506310048,39.2395249338322],[-74.8529216292481,39.2397029348753],[-74.8531806318566,39.2398919337932],[-74.8534266298889,39.2400919337261],[-74.8536586321227,39.2403009343307],[-74.8538756306857,39.2405189342477],[-74.8542226307933,39.2409509338451],[-74.8548598370273,39.2418556219611],[-74.8549165042837,39.2419543643387]]}},{"type":"Feature","id":96631,"properties":{"OBJECTID":96631,"PRIMENAME":"Dehirsch Avenue","ELEVTYP_F":0,"ELEVTYP_T":0},"geometry":{"type":"LineString","coordinates":[[-74.8114316587588,39.23904932368],[-74.8103226384968,39.2384103335629]]}},{"type":"Feature","id":96640,"properties":{"OBJECTID":96640,"PRIMENAME":"Unnamed Segment","ELEVTYP_F":0,"ELEVTYP_T":0},"geometry":{"type":"LineString","coordinates":[[-74.8444998001021,39.1992167657134],[-74.8444654725549,39.1990661554204],[-74.8440981094852,39.1987034843552]]}},{"type":"Feature","id":96700,"properties":{"OBJECTID":96700,"PRIMENAME":"North Delsea Drive","ELEVTYP_F":0,"ELEVTYP_T":0},"geometry":{"type":"LineString","coordinates":[[-74.8203719631992,39.1738949760374],[-74.8202889279979,39.1743699726273],[-74.8202122619914,39.1748575263826],[-74.8201448916499,39.1753414313495],[-74.8200819514008,39.175767524667],[-74.8200369845387,39.1760889833729],[-74.8200195465588,39.1763200595029],[-74.8200202338813,39.1764716781119],[-74.820030736866,39.1767496560503],[-74.8200460430574,39.1770600490491],[-74.820071333936,39.1775184371373],[-74.8200909542962,39.177753062509],[-74.8201115751108,39.1782006182084],[-74.820114761889,39.1782423181168]]}},{"type":"Feature","id":97640,"properties":{"OBJECTID":97640,"PRIMENAME":"Unnamed Segment","ELEVTYP_F":0,"ELEVTYP_T":0},"geometry":{"type":"LineString","coordinates":[[-74.8444584770754,39.2000729388613],[-74.8444634880096,39.2000281617424],[-74.8445035830573,39.1996698816907]]}},{"type":"Feature","id":97686,"properties":{"OBJECTID":97686,"PRIMENAME":"Narrows Road","ELEVTYP_F":0,"ELEVTYP_T":0},"geometry":{"type":"LineString","coordinates":[[-74.8082446152354,39.2704432771762],[-74.8083055863198,39.2704840815044],[-74.8083585024869,39.2705406399685],[-74.808407405376,39.2706003673151],[-74.808460444781,39.2706852607285],[-74.8085382521861,39.270867781625],[-74.8086567827623,39.2710973930416],[-74.8088204270714,39.2714403376763],[-74.8088939378696,39.2715693005923],[-74.8089835722069,39.2716856181949],[-74.8090690632702,39.2717672957505],[-74.8092113821701,39.2718708699465],[-74.8093331960616,39.2719303753362],[-74.8093553098366,39.2719395923425],[-74.8094834249429,39.2719929903852],[-74.8096619773898,39.2720460848188],[-74.8098039508421,39.2720708851331],[-74.8099336816541,39.2720831424019],[-74.8101079504005,39.2720858367235],[-74.8112506810004,39.2720481369999],[-74.8123569273534,39.2720199690382],[-74.8127581401754,39.2720188921494],[-74.8130013971375,39.2720371566891],[-74.8131595083728,39.2720524644282],[-74.8133136560491,39.2720898851526],[-74.8134638672732,39.2721398647006],[-74.8136101504124,39.2722276629759],[-74.8137524836273,39.2723249447378],[-74.8138989704715,39.2724662832706],[-74.8140538994246,39.2726706400718],[-74.8142210303057,39.2728938269154],[-74.814375763971,39.2730540607095],[-74.8144938746435,39.273176611896],[-74.8146483622829,39.2732895925455],[-74.8148230788675,39.2733836271933],[-74.8150668066133,39.2735058390088],[-74.8154241611391,39.2736718107146],[-74.8159438576413,39.2738814640449],[-74.8163580270062,39.2740567238055],[-74.8165530034485,39.2741538860972],[-74.8166953663412,39.2742637116638],[-74.816821522547,39.2743830811993],[-74.8169886159362,39.2745873738898],[-74.8173593903397,39.2750241941141],[-74.8176242233368,39.2753353837075],[-74.8176790994617,39.2754030927877],[-74.8178484172891,39.2756120056458],[-74.8180071925825,39.2757721964635],[-74.8180845459696,39.2758475738964],[-74.8181942638419,39.2759165760204],[-74.8183202333742,39.2759855336149],[-74.8184339439134,39.2760387908748],[-74.8185476037291,39.2760731309428],[-74.8186571379866,39.2761011665407],[-74.818786970757,39.2761260170183],[-74.8189126339448,39.2761351180247],[-74.8191072051463,39.2761409006313],[-74.8195084268647,39.276136642154],[-74.8200353130244,39.2761414829864],[-74.8205055071492,39.2761401897655],[-74.8208175587181,39.276142488726],[-74.8209635205105,39.2761484012431],[-74.8210811228927,39.2761638098499],[-74.821219096763,39.2762075253588],[-74.821336830151,39.2762513244855],[-74.8214586677317,39.2763045014083],[-74.8215250693604,39.2763408616399],[-74.8215846412608,39.2763734824748],[-74.8217229040552,39.2764802107356],[-74.8218287933836,39.2765838709341],[-74.82191442909,39.2767001885956],[-74.82198792604,39.2768196710073],[-74.8220533549378,39.2769360453354],[-74.8221065107106,39.2770492962013],[-74.8221963541784,39.2771971234888],[-74.8223234997434,39.2773774490198]]}},{"type":"Feature","id":97813,"properties":{"OBJECTID":97813,"PRIMENAME":"Birch Street","ELEVTYP_F":0,"ELEVTYP_T":0},"geometry":{"type":"LineString","coordinates":[[-74.7951379659001,39.2367181125458],[-74.7949260771186,39.2369262762297],[-74.7947128197641,39.2370700996588]]}},{"type":"Feature","id":97877,"properties":{"OBJECTID":97877,"PRIMENAME":"State Highway 50","ELEVTYP_F":0,"ELEVTYP_T":0},"geometry":{"type":"LineString","coordinates":[[-74.7403764931032,39.2665064081616],[-74.7403915324292,39.2665351520947],[-74.7404558642461,39.2666518766915],[-74.7405351822597,39.2667715358049],[-74.7405851478385,39.2668498780222]]}},{"type":"Feature","id":98062,"properties":{"OBJECTID":98062,"PRIMENAME":"Luke Court","ELEVTYP_F":0,"ELEVTYP_T":0},"geometry":{"type":"LineString","coordinates":[[-74.7244436299764,39.1975000428491],[-74.7245643983373,39.1976598873536],[-74.7246546095254,39.1977646281144],[-74.7247503335788,39.1978386883926],[-74.7248797083136,39.1979083731569],[-74.7251383827913,39.1980127612322],[-74.7252677371035,39.1980649550205],[-74.7254027867968,39.1981433311795],[-74.7256672689607,39.1983088824346],[-74.7263144566187,39.1987184179096],[-74.7272036832078,39.1992891748647],[-74.7280928392965,39.1998336766252],[-74.7289876416595,39.2003956501111],[-74.7293141227556,39.2006091485916],[-74.7294041951079,39.2006789047384],[-74.7294606446847,39.2007618251507],[-74.7294946589217,39.2008578869399],[-74.72950062496,39.2009671282065],[-74.7294616682703,39.2010764579555],[-74.7293778390969,39.201212070462],[-74.7291878893739,39.2014766675704]]}},{"type":"Feature","id":98325,"properties":{"OBJECTID":98325,"PRIMENAME":"Unnamed Segment","ELEVTYP_F":0,"ELEVTYP_T":0},"geometry":{"type":"LineString","coordinates":[[-74.7340175638669,39.1804321081848],[-74.7341203782744,39.1803773317088],[-74.7342152280511,39.1803368178735],[-74.7342756547509,39.180331656221],[-74.734362026135,39.1803382027727],[-74.7344376970303,39.1803733335983],[-74.7345178694367,39.1804638981698],[-74.7346326336781,39.1805695162704],[-74.7347948364743,39.1806599163426],[-74.7349720472531,39.1807183629991],[-74.735142697339,39.1807516217382],[-74.7357698124718,39.1807862870848]]}},{"type":"Feature","id":98397,"properties":{"OBJECTID":98397,"PRIMENAME":"Mount Pleasant Tuckahoe Road","ELEVTYP_F":0,"ELEVTYP_T":0},"geometry":{"type":"LineString","coordinates":[[-74.7588008249778,39.2614268770458],[-74.7587791494471,39.2615606253865],[-74.7586794818874,39.2621479087292],[-74.7584885825245,39.2633126796318],[-74.7583681299283,39.2640122250654],[-74.7582559958368,39.2646787484053],[-74.7580317561522,39.266011795377],[-74.7578159368793,39.2673316430486],[-74.7577075161182,39.2680029658595]]}},{"type":"Feature","id":98475,"properties":{"OBJECTID":98475,"PRIMENAME":"Unnamed Segment","ELEVTYP_F":0,"ELEVTYP_T":0},"geometry":{"type":"LineString","coordinates":[[-74.7313650245084,39.1995714807366],[-74.7312775022869,39.1995741444109],[-74.7311604554096,39.1995532719813],[-74.7310416205984,39.1995046987573],[-74.7308531315587,39.1994114145687],[-74.7307273578009,39.1993140494322],[-74.7307102884615,39.1992784660924],[-74.7307102341063,39.1992781301892],[-74.7307031902995,39.1992345753405],[-74.7306967030467,39.1991944587702]]}},{"type":"Feature","id":98527,"properties":{"OBJECTID":98527,"PRIMENAME":"State Highway 50","ELEVTYP_F":0,"ELEVTYP_T":0},"geometry":{"type":"LineString","coordinates":[[-74.7614268276267,39.3079732715323],[-74.7616691633971,39.3081604499301],[-74.7618366157576,39.3082925258008],[-74.7620467951809,39.3084521269771],[-74.7622463470277,39.3086144973954],[-74.7624352262033,39.3087768906243],[-74.7626668435092,39.3089695554232],[-74.7628999531293,39.3091733360527]]}},{"type":"Feature","id":98764,"properties":{"OBJECTID":98764,"PRIMENAME":"New Jersey Avenue","ELEVTYP_F":0,"ELEVTYP_T":0},"geometry":{"type":"LineString","coordinates":[[-74.7472867648926,39.2845699027692],[-74.7475949095541,39.2844757293356],[-74.7488033499077,39.2841301329814],[-74.74903183184,39.2840595184247]]}},{"type":"Feature","id":99313,"properties":{"OBJECTID":99313,"PRIMENAME":"Unnamed Segment","ELEVTYP_F":0,"ELEVTYP_T":0},"geometry":{"type":"LineString","coordinates":[[-74.7405380837651,39.1880962538973],[-74.7391273129367,39.1870756516873],[-74.7381217502763,39.1863210339422],[-74.737639661813,39.1860073996926],[-74.7374616370917,39.1858915819275],[-74.7373299634333,39.1858059159293],[-74.7371730758902,39.1857375403889],[-74.7370038708419,39.1856383225729]]}},{"type":"Feature","id":99316,"properties":{"OBJECTID":99316,"PRIMENAME":"Unnamed Segment","ELEVTYP_F":0,"ELEVTYP_T":0},"geometry":{"type":"LineString","coordinates":[[-74.752841760729,39.1660765787983],[-74.7524012497331,39.1665360944893]]}},{"type":"Feature","id":99429,"properties":{"OBJECTID":99429,"PRIMENAME":"Unnamed Segment","ELEVTYP_F":0,"ELEVTYP_T":0},"geometry":{"type":"LineString","coordinates":[[-74.7384698435364,39.1986611549942],[-74.7384570751722,39.1994047612079],[-74.7384684104724,39.1997532982313]]}},{"type":"Feature","id":99891,"properties":{"OBJECTID":99891,"PRIMENAME":"Unnamed Segment","ELEVTYP_F":0,"ELEVTYP_T":0},"geometry":{"type":"LineString","coordinates":[[-74.737825068857,39.1849217672022],[-74.7381291183157,39.1850031663722],[-74.738258842684,39.1850378959332],[-74.738314964703,39.1850529205995],[-74.7384231336725,39.1850663235466],[-74.7385445787779,39.1850572801271],[-74.7386942833062,39.1850461328974],[-74.7388607302899,39.184984080987],[-74.7389876079241,39.1849112675503],[-74.7391962237906,39.1847833235439],[-74.739254998518,39.1847620656746],[-74.7393062632212,39.1847435239041],[-74.7393354962041,39.1847397731401],[-74.7394107422524,39.184730118349],[-74.7395114343542,39.1847171979272],[-74.7396027296323,39.1846967450393],[-74.7396799464925,39.1846443846259],[-74.7396872844147,39.1846394086316],[-74.739805564671,39.184531437069],[-74.7398646210439,39.1844521672183],[-74.7399123777921,39.1843729215038],[-74.7399121461043,39.1843047665787],[-74.7399119213931,39.1842386637414]]}},{"type":"Feature","id":99991,"properties":{"OBJECTID":99991,"PRIMENAME":"Unnamed Segment","ELEVTYP_F":0,"ELEVTYP_T":0},"geometry":{"type":"LineString","coordinates":[[-74.7535408766995,39.1663638892362],[-74.7535389745263,39.1663694470407],[-74.7531213444658,39.1668380041979]]}},{"type":"Feature","id":100035,"properties":{"OBJECTID":100035,"PRIMENAME":"Unnamed Segment","ELEVTYP_F":0,"ELEVTYP_T":0},"geometry":{"type":"LineString","coordinates":[[-74.8438538055061,39.2024583627321],[-74.8436179715329,39.2025108004586],[-74.8430242169355,39.2023169464381],[-74.8427224923813,39.2021801874448],[-74.8425999778887,39.2021246566252]]}},{"type":"Feature","id":100083,"properties":{"OBJECTID":100083,"PRIMENAME":"Unnamed Segment","ELEVTYP_F":0,"ELEVTYP_T":0},"geometry":{"type":"LineString","coordinates":[[-74.8433824112823,39.2000587932465],[-74.8429577184304,39.2000532068647]]}},{"type":"Feature","id":100515,"properties":{"OBJECTID":100515,"PRIMENAME":"Unnamed Segment","ELEVTYP_F":0,"ELEVTYP_T":0},"geometry":{"type":"LineString","coordinates":[[-74.8379613158187,39.2355911997684],[-74.8381181223758,39.2354271357928],[-74.8383011576723,39.23523557879]]}},{"type":"Feature","id":100535,"properties":{"OBJECTID":100535,"PRIMENAME":"Magnolia Drive","ELEVTYP_F":0,"ELEVTYP_T":0},"geometry":{"type":"LineString","coordinates":[[-74.8255316192064,39.203729927197],[-74.8260466193942,39.2031879271794]]}},{"type":"Feature","id":100919,"properties":{"OBJECTID":100919,"PRIMENAME":"Unnamed Segment","ELEVTYP_F":0,"ELEVTYP_T":0},"geometry":{"type":"LineString","coordinates":[[-74.7743948445112,39.153017102221],[-74.7743370558551,39.1530226613187],[-74.7742195455682,39.1530180796374],[-74.7740507307086,39.1529809558415],[-74.7739420837594,39.1529505935263]]}},{"type":"Feature","id":101168,"properties":{"OBJECTID":101168,"PRIMENAME":"Jefferson Avenue","ELEVTYP_F":0,"ELEVTYP_T":0},"geometry":{"type":"LineString","coordinates":[[-74.8150261504215,39.2387679402886],[-74.8160212739542,39.2377058625632],[-74.8164241651153,39.237296507221]]}},{"type":"Feature","id":101377,"properties":{"OBJECTID":101377,"PRIMENAME":"Mill Road","ELEVTYP_F":0,"ELEVTYP_T":0},"geometry":{"type":"LineString","coordinates":[[-74.7816564166828,39.294991998993],[-74.7815654284255,39.2948516662917],[-74.7813340805459,39.2944891626764],[-74.7809625987304,39.2939337533885],[-74.7806820721147,39.2935098898602],[-74.7804698013204,39.2931883589886],[-74.7803598441985,39.293021712154],[-74.7802764350391,39.2928930851884],[-74.7801930133152,39.2927615197217],[-74.7801627270764,39.2927161787626],[-74.7801133863257,39.292632883531],[-74.7800677957155,39.2925422474985],[-74.7800297787458,39.2924545037747],[-74.7799954269487,39.2923462413974],[-74.7799458228902,39.2921882634976],[-74.7798618443928,39.2919161741893],[-74.7797931057513,39.2916821041506],[-74.7797129078105,39.2914187922058],[-74.7797037800613,39.291386526106],[-74.7796632362019,39.2912432141343],[-74.7796314908861,39.291154594013],[-74.7796213237228,39.2911262102258],[-74.7795833662828,39.2910531008841],[-74.7795492485771,39.290994617004],[-74.7794999841465,39.2909303213617],[-74.779435679837,39.2908689993624],[-74.7793600800432,39.2908106428982],[-74.7792581317814,39.2907552322007],[-74.7791411323905,39.2907174567862],[-74.7790280537639,39.2906972179974],[-74.778907435689,39.2906916588784],[-74.7786437044765,39.2906922903273],[-74.778153895472,39.2906905509429],[-74.7774718711514,39.2906892397981],[-74.7771440685728,39.2906870829518],[-74.7768953543431,39.2906788881126],[-74.7763338546266,39.2906685258582],[-74.7755350537072,39.2906499081928],[-74.7747324137641,39.2906342595992],[-74.7740692120641,39.2906211608562],[-74.7738469045046,39.2906158078878],[-74.7736810735597,39.2906045285951],[-74.7734888362523,39.2905903185757],[-74.7734514283444,39.2905858482952],[-74.7732965997482,39.2905673486784],[-74.7731080747474,39.2905355840753],[-74.7729609860916,39.2905008114883],[-74.7728063591342,39.2904630917842],[-74.7726818839449,39.2904282379325],[-74.7725460677136,39.2903846518368],[-74.7723876504172,39.2903352433194],[-74.7722027586179,39.2902741993535],[-74.7720631521236,39.2902188983013],[-74.7718291645217,39.2901257614835],[-74.7717310396862,39.2900791209376],[-74.7716139772155,39.290014980145],[-74.7714969181243,39.2899420526416],[-74.7713382871112,39.289845828548],[-74.771194787735,39.2897612381974],[-74.7710739358753,39.2896941681137],[-74.7709682280772,39.2896417243849],[-74.770858785029,39.289592198893],[-74.7706625238952,39.2895048209636],[-74.7704059285455,39.2894029472355],[-74.7701455537184,39.2893010817082],[-74.7697757368791,39.2891584495403],[-74.7694172970734,39.2890246025777],[-74.7690927984628,39.2889053107722],[-74.7688739622603,39.2888267676694],[-74.7687306146298,39.288780256926],[-74.7685722148269,39.2887337807263],[-74.7684100113805,39.2886902236243],[-74.7682365471816,39.2886496298084],[-74.7682118169816,39.288645230427],[-74.768025394572,39.2886120609666],[-74.767859524471,39.2885890213797],[-74.7676710864917,39.2885689448858],[-74.7674412032352,39.2885577489764],[-74.7672075932706,39.2885612228932],[-74.7670418349227,39.2885675062403],[-74.7668836810951,39.2885854141042],[-74.7667104609128,39.2886180179932],[-74.7665862695199,39.2886563583969],[-74.7664771639601,39.2886946632423],[-74.7663304705277,39.2887623503989],[-74.7661161604129,39.2888799450542],[-74.7657213789228,39.2891033579238],[-74.7656928907159,39.2891195683097]]}},{"type":"Feature","id":101533,"properties":{"OBJECTID":101533,"PRIMENAME":"Unnamed Segment","ELEVTYP_F":0,"ELEVTYP_T":0},"geometry":{"type":"LineString","coordinates":[[-74.7543535005959,39.1660482025005],[-74.7543472679776,39.1660450145256],[-74.7541632296896,39.1659672539472],[-74.7540443883845,39.165905513803],[-74.7539480287365,39.1658674003732]]}},{"type":"Feature","id":101716,"properties":{"OBJECTID":101716,"PRIMENAME":"Homestead Road","ELEVTYP_F":0,"ELEVTYP_T":0},"geometry":{"type":"LineString","coordinates":[[-74.8223234997434,39.2773774490198],[-74.8223488887094,39.2773714531471],[-74.8223717347844,39.2773654643089],[-74.8224055889667,39.2773581270887],[-74.8224402377707,39.2773476537066],[-74.8225049182987,39.277315954003],[-74.8225858194808,39.2772779495323],[-74.8227152017862,39.2772114195195],[-74.8242234073004,39.2764323096212],[-74.8247296720571,39.2761679378893],[-74.8247813588078,39.2761409457051],[-74.8256714725599,39.2756755436458],[-74.8263864934138,39.2753016805414],[-74.827300259701,39.274826607765],[-74.828885072855,39.2739905234459],[-74.8299726210761,39.2734204309484],[-74.8304985449022,39.2731444532569],[-74.8316867495291,39.2725209277017],[-74.8332877375693,39.2716910528582],[-74.8342740941838,39.2711684630755],[-74.8351149603818,39.270725003691],[-74.8354549816054,39.2705383331586]]}},{"type":"Feature","id":102549,"properties":{"OBJECTID":102549,"PRIMENAME":"Unnamed Segment","ELEVTYP_F":0,"ELEVTYP_T":0},"geometry":{"type":"LineString","coordinates":[[-74.7366111256671,39.1984305622053],[-74.7370769060581,39.1984883505735]]}},{"type":"Feature","id":102752,"properties":{"OBJECTID":102752,"PRIMENAME":"Eddy Lane","ELEVTYP_F":0,"ELEVTYP_T":0},"geometry":{"type":"LineString","coordinates":[[-74.7312311944393,39.1879588040808],[-74.7309088089936,39.1882368185898]]}},{"type":"Feature","id":103509,"properties":{"OBJECTID":103509,"PRIMENAME":"Hagen Road","ELEVTYP_F":0,"ELEVTYP_T":0},"geometry":{"type":"LineString","coordinates":[[-74.7885503338344,39.1690301846937],[-74.7877288887491,39.1688214784881],[-74.7870225259579,39.1686431538871]]}},{"type":"Feature","id":103663,"properties":{"OBJECTID":103663,"PRIMENAME":"Unnamed Segment","ELEVTYP_F":0,"ELEVTYP_T":0},"geometry":{"type":"LineString","coordinates":[[-74.8384156419265,39.233586216608],[-74.8390483047495,39.2329201687903]]}},{"type":"Feature","id":103851,"properties":{"OBJECTID":103851,"PRIMENAME":"Little Creek Lane","ELEVTYP_F":0,"ELEVTYP_T":0},"geometry":{"type":"LineString","coordinates":[[-74.8244156205791,39.2038979273439],[-74.8251016196709,39.2040289273065],[-74.8252046200075,39.2040839274406]]}},{"type":"Feature","id":103934,"properties":{"OBJECTID":103934,"PRIMENAME":"Unnamed Segment","ELEVTYP_F":0,"ELEVTYP_T":0},"geometry":{"type":"LineString","coordinates":[[-74.8386343006868,39.234888821489],[-74.8389049773992,39.2346096817221],[-74.8390895119289,39.2343981459832]]}},{"type":"Feature","id":104466,"properties":{"OBJECTID":104466,"PRIMENAME":"Mill Road","ELEVTYP_F":0,"ELEVTYP_T":0},"geometry":{"type":"LineString","coordinates":[[-74.7783221144073,39.2982570452116],[-74.7784033793208,39.2981559188562],[-74.7785201096345,39.2980244509584],[-74.7788471374036,39.2977066498748],[-74.7789549338796,39.2976039768345]]}},{"type":"Feature","id":104610,"properties":{"OBJECTID":104610,"PRIMENAME":"Sunny Lane","ELEVTYP_F":0,"ELEVTYP_T":0},"geometry":{"type":"LineString","coordinates":[[-74.7810306689877,39.1720813867936],[-74.7807393628901,39.1717423014651],[-74.7800139649877,39.1708940153938],[-74.7798870290946,39.1707467911855],[-74.7798371597218,39.1707042139857],[-74.7797904516547,39.170676127243],[-74.7797343645347,39.1706581406587],[-74.7796903271713,39.170654209712],[-74.7796429970727,39.1706560529074],[-74.7795798634833,39.1706667486892],[-74.7795085506768,39.1706962717283],[-74.7794492901558,39.1707408125009],[-74.7793054568035,39.1708781701191],[-74.7790977430275,39.1710694055805]]}},{"type":"Feature","id":104663,"properties":{"OBJECTID":104663,"PRIMENAME":"North Delsea Drive","ELEVTYP_F":0,"ELEVTYP_T":0},"geometry":{"type":"LineString","coordinates":[[-74.9040812930495,39.2106783560991],[-74.9041464515768,39.2108333734232],[-74.9044193872,39.2114930216331],[-74.9047063166806,39.2121670905083],[-74.9048615573593,39.2125383498709],[-74.9049415114295,39.2127186033186],[-74.9050166122527,39.2128771834422],[-74.9050600513709,39.2129592455756],[-74.9050776291311,39.2129924565368],[-74.9051571967251,39.213111317038]]}},{"type":"Feature","id":104751,"properties":{"OBJECTID":104751,"PRIMENAME":"Unnamed Segment","ELEVTYP_F":0,"ELEVTYP_T":0},"geometry":{"type":"LineString","coordinates":[[-74.7725273509874,39.1507004249603],[-74.7727219163467,39.1507604945842],[-74.7729711265589,39.1508562929478]]}},{"type":"Feature","id":104937,"properties":{"OBJECTID":104937,"PRIMENAME":"Unnamed Segment","ELEVTYP_F":0,"ELEVTYP_T":0},"geometry":{"type":"LineString","coordinates":[[-74.7524613322542,39.1651703875393],[-74.7523967865848,39.1651416077441],[-74.7521920238778,39.1650356016994]]}},{"type":"Feature","id":105440,"properties":{"OBJECTID":105440,"PRIMENAME":"Washington Avenue","ELEVTYP_F":0,"ELEVTYP_T":0},"geometry":{"type":"LineString","coordinates":[[-74.8098365051749,39.2477813719263],[-74.8096012884346,39.2480305123772],[-74.8090765274572,39.2485823684109],[-74.8085532037806,39.2491325490037],[-74.8083980767211,39.2492956370291],[-74.8078358191348,39.2498856419791],[-74.8074054330997,39.250343698383],[-74.8073035381704,39.2504521436491],[-74.8071260795856,39.2506426685195]]}},{"type":"Feature","id":105463,"properties":{"OBJECTID":105463,"PRIMENAME":"State Highway 50","ELEVTYP_F":0,"ELEVTYP_T":0},"geometry":{"type":"LineString","coordinates":[[-74.7405851478385,39.2668498780222],[-74.7406561030735,39.2669611523534],[-74.740679120943,39.2669917985106],[-74.7409015450049,39.2672879335209],[-74.7410476158606,39.2674875471898]]}},{"type":"Feature","id":105640,"properties":{"OBJECTID":105640,"PRIMENAME":"Hagen Road","ELEVTYP_F":0,"ELEVTYP_T":0},"geometry":{"type":"LineString","coordinates":[[-74.771069696911,39.1638486811922],[-74.771030914539,39.1638342462816],[-74.7700712126635,39.1634770543085]]}},{"type":"Feature","id":105835,"properties":{"OBJECTID":105835,"PRIMENAME":"Unnamed Segment","ELEVTYP_F":0,"ELEVTYP_T":0},"geometry":{"type":"LineString","coordinates":[[-74.8239574133363,39.2381987747488],[-74.8238726204811,39.2381539341363],[-74.8233316224147,39.2378269339489],[-74.8226126205693,39.2374109345463],[-74.8222746198252,39.2372439346744],[-74.8224376191789,39.2370769334666],[-74.8225966205983,39.2369249346451],[-74.8232776196395,39.2372789349336],[-74.8242604749917,39.2378780716454]]}},{"type":"Feature","id":105917,"properties":{"OBJECTID":105917,"PRIMENAME":"Unnamed Segment","ELEVTYP_F":0,"ELEVTYP_T":0},"geometry":{"type":"LineString","coordinates":[[-74.7692434800528,39.1498966868904],[-74.7695730330412,39.1491065871926]]}},{"type":"Feature","id":105987,"properties":{"OBJECTID":105987,"PRIMENAME":"Unnamed Segment","ELEVTYP_F":0,"ELEVTYP_T":0},"geometry":{"type":"LineString","coordinates":[[-74.8381589066732,39.23385649302],[-74.8380512485649,39.2337938305664],[-74.8376376635799,39.2335390342765],[-74.837449906013,39.2336099067756],[-74.8373848104818,39.2336129095249],[-74.8362385759179,39.2329438832901],[-74.836282976046,39.2328851806848],[-74.836275769089,39.2328220841948],[-74.8362909047738,39.2327374339882],[-74.836337238304,39.2326768691753],[-74.836428615349,39.2326470608867],[-74.8364872032612,39.2326213748463],[-74.8365781957735,39.2325462604896]]}},{"type":"Feature","id":106354,"properties":{"OBJECTID":106354,"PRIMENAME":"North Delsea Drive","ELEVTYP_F":0,"ELEVTYP_T":0},"geometry":{"type":"LineString","coordinates":[[-74.8244151649512,39.1922436202793],[-74.8246292805257,39.1923680919309],[-74.8247019374551,39.1924061289227],[-74.8249036463682,39.19251172616],[-74.8252151463077,39.1926660192436],[-74.8255220115496,39.1928095883129],[-74.8255473806949,39.1928217525419],[-74.825828930535,39.1929567534433],[-74.8260892271856,39.1930787600787],[-74.8262426279106,39.1931432941951],[-74.826428542671,39.1932113349452],[-74.8266097160661,39.1932686255406],[-74.8266577183547,39.1932794459955],[-74.8267861992572,39.193311485959],[-74.8269301181791,39.1933399124633],[-74.827055497449,39.1933648487589],[-74.8271691564362,39.1933817319573],[-74.8272225818432,39.193389667799],[-74.8273664881352,39.1934000816516],[-74.8275133106905,39.1934132589907],[-74.8275613802541,39.1934175739716],[-74.8277098758072,39.1934208074737],[-74.8279510843991,39.1934128527625],[-74.8283036509807,39.1934118598507],[-74.8285819961127,39.1934074511612],[-74.8290551496722,39.1934025188162],[-74.8294772970983,39.1934013258217],[-74.8297463962273,39.1934041615699],[-74.8298188461532,39.1934060158075]]}},{"type":"Feature","id":106510,"properties":{"OBJECTID":106510,"PRIMENAME":"Tyler Road","ELEVTYP_F":0,"ELEVTYP_T":0},"geometry":{"type":"LineString","coordinates":[[-74.8289662669407,39.2071279545437],[-74.8289350023635,39.207249926078],[-74.8288051080939,39.2077379077315],[-74.8287531377564,39.2079304483329],[-74.8286471294302,39.2083468400329],[-74.828618270284,39.2084601999421]]}},{"type":"Feature","id":106548,"properties":{"OBJECTID":106548,"PRIMENAME":"Kansas Road","ELEVTYP_F":0,"ELEVTYP_T":0},"geometry":{"type":"LineString","coordinates":[[-74.7598576725091,39.3067584930431],[-74.7600484208064,39.3065978839983],[-74.7602519814265,39.3064330445903],[-74.7603592913418,39.3063405214424],[-74.7604407063715,39.3062797972856],[-74.7605887802298,39.3061727678647],[-74.7606160852235,39.3061514294649],[-74.7607701244921,39.306031040865],[-74.7609921932836,39.3058546543684],[-74.761092111565,39.305770796746],[-74.7611661567591,39.3057244476165],[-74.761236590884,39.3056954877927],[-74.7613292654379,39.3056693597169],[-74.7614294071362,39.3056460442637],[-74.7614746827793,39.3056409124283],[-74.7617410606841,39.3056107202406],[-74.7619822388456,39.3055842315581],[-74.7623088016311,39.3055575491269]]}},{"type":"Feature","id":106599,"properties":{"OBJECTID":106599,"PRIMENAME":"Atlantic Boulevard","ELEVTYP_F":0,"ELEVTYP_T":0},"geometry":{"type":"LineString","coordinates":[[-74.7944121227946,39.2367632413917],[-74.7947128197641,39.2370700996588]]}},{"type":"Feature","id":106624,"properties":{"OBJECTID":106624,"PRIMENAME":"Unnamed Segment","ELEVTYP_F":0,"ELEVTYP_T":0},"geometry":{"type":"LineString","coordinates":[[-74.7676864137995,39.1750359923042],[-74.767728103587,39.175082589581],[-74.767867809615,39.1751990043011],[-74.768098698191,39.1753485616657],[-74.7684271920127,39.1755737703126]]}},{"type":"Feature","id":106672,"properties":{"OBJECTID":106672,"PRIMENAME":"Unnamed Segment","ELEVTYP_F":0,"ELEVTYP_T":0},"geometry":{"type":"LineString","coordinates":[[-74.7675801413997,39.1757924344523],[-74.7668589078147,39.1763117917745],[-74.7667956561712,39.1763365897952],[-74.7667429153784,39.1763490357778],[-74.7666690262651,39.1763533145096],[-74.7666214710731,39.1763410971868],[-74.7665527544061,39.1763166003091],[-74.7664851880971,39.1762657044565]]}},{"type":"Feature","id":106767,"properties":{"OBJECTID":106767,"PRIMENAME":"Unnamed Segment","ELEVTYP_F":0,"ELEVTYP_T":0},"geometry":{"type":"LineString","coordinates":[[-74.7504062832206,39.1723931793078],[-74.7502297696388,39.1723319069879],[-74.7501544015675,39.1723179986299],[-74.7500549885899,39.1723205568753],[-74.7498921354271,39.1723247482881],[-74.7496903111089,39.1723299409367],[-74.7496060931237,39.1723238650473],[-74.7495156357491,39.1723029521574],[-74.7492623232332,39.1722354855798],[-74.7490801586142,39.1721869677458],[-74.7489864051441,39.1721619978132],[-74.7488673297681,39.1721448705242],[-74.7487674283002,39.1721427443612]]}},{"type":"Feature","id":107029,"properties":{"OBJECTID":107029,"PRIMENAME":"Unnamed Segment","ELEVTYP_F":0,"ELEVTYP_T":0},"geometry":{"type":"LineString","coordinates":[[-74.7675328144624,39.1748643150193],[-74.7676864137995,39.1750359923042]]}},{"type":"Feature","id":108187,"properties":{"OBJECTID":108187,"PRIMENAME":"Dehirsch Avenue","ELEVTYP_F":0,"ELEVTYP_T":0},"geometry":{"type":"LineString","coordinates":[[-74.8057529612193,39.2358250107317],[-74.804214347846,39.2349289993352],[-74.8037135556244,39.2346455567229]]}},{"type":"Feature","id":108499,"properties":{"OBJECTID":108499,"PRIMENAME":"Unnamed Segment","ELEVTYP_F":0,"ELEVTYP_T":0},"geometry":{"type":"LineString","coordinates":[[-74.771233423748,39.1470263633047],[-74.7711994961612,39.147133545906],[-74.7712051985779,39.1472019965279],[-74.771219407435,39.1473725718731],[-74.7712196774553,39.1474429268981],[-74.7712131231501,39.1475009842122],[-74.7711865285931,39.1475399497973],[-74.7711344235043,39.1475943863058],[-74.7710736796433,39.1476578467847],[-74.7710304465978,39.1477222150976],[-74.7709929293079,39.1478057769261],[-74.7709660536941,39.1478656408122],[-74.7709300673255,39.1479061776169],[-74.7708240810221,39.147952153311]]}},{"type":"Feature","id":108577,"properties":{"OBJECTID":108577,"PRIMENAME":"Carl Road","ELEVTYP_F":0,"ELEVTYP_T":0},"geometry":{"type":"LineString","coordinates":[[-74.7760051008099,39.3037612827266],[-74.7761314039626,39.3036252085832],[-74.7764417807285,39.3032697827672],[-74.7764991418771,39.3032129788922],[-74.7766104048209,39.303102801477]]}},{"type":"Feature","id":108831,"properties":{"OBJECTID":108831,"PRIMENAME":"Unnamed Segment","ELEVTYP_F":0,"ELEVTYP_T":0},"geometry":{"type":"LineString","coordinates":[[-74.7680270481707,39.1500924389422],[-74.7682291663576,39.150134220661]]}},{"type":"Feature","id":108989,"properties":{"OBJECTID":108989,"PRIMENAME":"Weatherby Road","ELEVTYP_F":0,"ELEVTYP_T":0},"geometry":{"type":"LineString","coordinates":[[-74.8929619396482,39.3056063287322],[-74.8928176389794,39.3056042375795],[-74.8924517033865,39.3055989336061],[-74.8917957829682,39.305583350872],[-74.8916923855601,39.3055813990153],[-74.8913141690043,39.3055742626942],[-74.8906078770327,39.3055695235158],[-74.8897592999706,39.3055581166358],[-74.8891447328773,39.3055494645129],[-74.888245310245,39.305533687247]]}},{"type":"Feature","id":109267,"properties":{"OBJECTID":109267,"PRIMENAME":"Unnamed Segment","ELEVTYP_F":0,"ELEVTYP_T":0},"geometry":{"type":"LineString","coordinates":[[-74.8371901247405,39.2351404401077],[-74.8375048026817,39.2347858419352]]}},{"type":"Feature","id":109268,"properties":{"OBJECTID":109268,"PRIMENAME":"Unnamed Segment","ELEVTYP_F":0,"ELEVTYP_T":0},"geometry":{"type":"LineString","coordinates":[[-74.8399391764758,39.233506188298],[-74.8394861289002,39.2332081749807]]}},{"type":"Feature","id":109732,"properties":{"OBJECTID":109732,"PRIMENAME":"Unnamed Segment","ELEVTYP_F":0,"ELEVTYP_T":0},"geometry":{"type":"LineString","coordinates":[[-74.7696633661,39.1500021639297],[-74.7698278211069,39.1500531384083],[-74.7699748815048,39.1501143576667]]}},{"type":"Feature","id":109967,"properties":{"OBJECTID":109967,"PRIMENAME":"School House Road","ELEVTYP_F":0,"ELEVTYP_T":0},"geometry":{"type":"LineString","coordinates":[[-74.8175122909185,39.1736545317904],[-74.8174854719436,39.1736367304782],[-74.8174352923961,39.1736248680495],[-74.8167880755853,39.1735816541991],[-74.8161253032408,39.1735145077112],[-74.8151504173152,39.1734242046063],[-74.81483546274,39.1733966652242]]}},{"type":"Feature","id":110172,"properties":{"OBJECTID":110172,"PRIMENAME":"Cedar Drive","ELEVTYP_F":0,"ELEVTYP_T":0},"geometry":{"type":"LineString","coordinates":[[-74.7469239486685,39.1631032449463],[-74.7469161197492,39.1630934315839],[-74.7468947587735,39.1630467989898],[-74.7468839663713,39.1629863323455],[-74.7468696026958,39.1629231275088],[-74.7468553699226,39.1628874358047],[-74.7468127739059,39.1628298101974],[-74.7467632163803,39.1627887008763],[-74.746660662092,39.1627312300812],[-74.7458789479775,39.1622986120119],[-74.7457383986655,39.1622223723081],[-74.7454297866727,39.1620549666835],[-74.7450371354695,39.1618331659569],[-74.7448425963694,39.1617236346687],[-74.7447365014217,39.1616716602177],[-74.7446587529394,39.1616470846311],[-74.7445739982138,39.1616362515791],[-74.7444857127355,39.1616447020215],[-74.7444116876142,39.161666823348],[-74.744348292046,39.1617027060754],[-74.7442778635817,39.1617550510251],[-74.7442180919265,39.1618293937033],[-74.7440072011951,39.1620909030346],[-74.7438982246772,39.162225810153],[-74.7438596213601,39.1622918719696],[-74.7438491848495,39.1623440911058],[-74.7438564738936,39.1624017916892],[-74.7438778254298,39.1624567170878],[-74.7439098114631,39.1625170838114],[-74.7439628942955,39.1625582419211],[-74.7440442906069,39.1626075221349],[-74.7441468500952,39.1626567867833],[-74.7442220786404,39.1626898899208],[-74.7449176177486,39.1629959459241],[-74.7461162348451,39.1635211283476],[-74.7461975140645,39.1635456954922],[-74.7462610995817,39.163553798411],[-74.7463457634303,39.1635481279615],[-74.746430485727,39.163528701523],[-74.7465114989945,39.1634873159217],[-74.7465713847478,39.1634459479426],[-74.7466628215891,39.1633495710146],[-74.7467577537979,39.1632339374946],[-74.7468316512089,39.1631650821522],[-74.7469239486685,39.1631032449463]]}},{"type":"Feature","id":110242,"properties":{"OBJECTID":110242,"PRIMENAME":"Unnamed Segment","ELEVTYP_F":0,"ELEVTYP_T":0},"geometry":{"type":"LineString","coordinates":[[-74.7549440593856,39.1669642794265],[-74.754476512949,39.1674545211388]]}},{"type":"Feature","id":110317,"properties":{"OBJECTID":110317,"PRIMENAME":"Unnamed Segment","ELEVTYP_F":0,"ELEVTYP_T":0},"geometry":{"type":"LineString","coordinates":[[-74.771135695101,39.1482200936848],[-74.7712667174306,39.1482233065903],[-74.7713860710135,39.148246668594]]}},{"type":"Feature","id":110426,"properties":{"OBJECTID":110426,"PRIMENAME":"Unnamed Segment","ELEVTYP_F":0,"ELEVTYP_T":0},"geometry":{"type":"LineString","coordinates":[[-74.8444036946202,39.2016659278511],[-74.8444243488743,39.2015934769159],[-74.8444879300584,39.2013704539715],[-74.8444202352997,39.2007510895263],[-74.8444250653992,39.2003714758105],[-74.8444584770754,39.2000729388613]]}},{"type":"Feature","id":110558,"properties":{"OBJECTID":110558,"PRIMENAME":"Clay Street","ELEVTYP_F":0,"ELEVTYP_T":0},"geometry":{"type":"LineString","coordinates":[[-74.817500780466,39.2379129574567],[-74.8177961146093,39.2380820577005],[-74.8185927519385,39.2385404484159]]}},{"type":"Feature","id":110873,"properties":{"OBJECTID":110873,"PRIMENAME":"Dennis Creek Drive","ELEVTYP_F":0,"ELEVTYP_T":0},"geometry":{"type":"LineString","coordinates":[[-74.8014950899559,39.1718559087593],[-74.801630363998,39.1706164266156],[-74.801643519585,39.1704508233064],[-74.801634031948,39.1703933249449],[-74.8016106977693,39.1703394036095],[-74.8015641769459,39.1702747511526],[-74.8014807063741,39.1702137922166],[-74.8013696025612,39.1701745130553],[-74.8011198201109,39.170139162233],[-74.8005417014104,39.1700686877254],[-74.7990802175761,39.1698961432489],[-74.798997633801,39.1698860306817]]}},{"type":"Feature","id":111283,"properties":{"OBJECTID":111283,"PRIMENAME":"Unnamed Segment","ELEVTYP_F":0,"ELEVTYP_T":0},"geometry":{"type":"LineString","coordinates":[[-74.7357698124718,39.1807862870848],[-74.7360516867986,39.1808018665947],[-74.7364468765731,39.1808447486902],[-74.7364987365845,39.1808597639767],[-74.7365376538055,39.1808781674339],[-74.736593893063,39.1809116544375],[-74.7369295196269,39.1812167549277],[-74.7370182258728,39.1812753801905],[-74.7371738964594,39.1813473077727],[-74.7372844177305,39.1813983754552],[-74.7373922901779,39.1814543913149],[-74.7374680316002,39.1815096807255],[-74.737565503314,39.1816069290566],[-74.7376467882195,39.1816880304063],[-74.7377300927486,39.1817628460496],[-74.7378733294931,39.181891486751],[-74.7379900469409,39.182031134702],[-74.7380422254739,39.1821402364355],[-74.7380619934808,39.1822410031707],[-74.7381096780664,39.1822980295324],[-74.7383479978288,39.1825512410388]]}},{"type":"Feature","id":111345,"properties":{"OBJECTID":111345,"PRIMENAME":"Monroe Avenue","ELEVTYP_F":0,"ELEVTYP_T":0},"geometry":{"type":"LineString","coordinates":[[-74.8142619355995,39.2360595913237],[-74.8138212557663,39.236523351909],[-74.8129647673932,39.2374263149128],[-74.8129140917787,39.2374797394271],[-74.8128640476059,39.2375324271489]]}},{"type":"Feature","id":111372,"properties":{"OBJECTID":111372,"PRIMENAME":"Unnamed Segment","ELEVTYP_F":0,"ELEVTYP_T":0},"geometry":{"type":"LineString","coordinates":[[-74.7569419311696,39.1714985656353],[-74.7569700572312,39.1714121637829],[-74.7570869744805,39.1712524370093],[-74.7571226901007,39.1711327567619],[-74.7572002431919,39.1709191781889],[-74.7572239271665,39.1708042160191],[-74.7572206829613,39.1707409042324],[-74.7571874151675,39.1707058017675],[-74.7571300642958,39.1706754412932],[-74.7570577164139,39.1706638747099],[-74.7567382428433,39.1706294022067],[-74.756665048779,39.1706438534236],[-74.7566199543746,39.1706703364583],[-74.7565930440244,39.1707266782252],[-74.756602356019,39.1708022884115],[-74.7566010830705,39.1708796884462]]}},{"type":"Feature","id":111520,"properties":{"OBJECTID":111520,"PRIMENAME":"School House Road","ELEVTYP_F":0,"ELEVTYP_T":0},"geometry":{"type":"LineString","coordinates":[[-74.8203719631992,39.1738949760374],[-74.8197392004023,39.173827164048],[-74.8189625392196,39.1737569148638],[-74.8177958689017,39.1736542803499]]}},{"type":"Feature","id":111550,"properties":{"OBJECTID":111550,"PRIMENAME":"Carl Road","ELEVTYP_F":0,"ELEVTYP_T":0},"geometry":{"type":"LineString","coordinates":[[-74.772666860304,39.3070487520553],[-74.7727148746705,39.3070014584575],[-74.7736726093855,39.3060648792952],[-74.7740128216565,39.3057324535326],[-74.7746968546028,39.3050531774062],[-74.7755361757345,39.3042235600841],[-74.7759651235122,39.3038044022853],[-74.7760051008099,39.3037612827266]]}},{"type":"Feature","id":111706,"properties":{"OBJECTID":111706,"PRIMENAME":"Unnamed Segment","ELEVTYP_F":0,"ELEVTYP_T":0},"geometry":{"type":"LineString","coordinates":[[-74.7639489469604,39.1477341020394],[-74.7621330193244,39.1473575266962],[-74.762043818712,39.1473272049947],[-74.7619652678347,39.1472857591281],[-74.7619116092885,39.1472303843249],[-74.7618828864788,39.1471721761778],[-74.7618790239207,39.1470917172509],[-74.7618965440462,39.1470112075742],[-74.7619234065544,39.1468877626429],[-74.7619564739669,39.1468362620246],[-74.7620098133266,39.1468056180371],[-74.7620988589026,39.1467943194674],[-74.7622271224483,39.1467884808792],[-74.7623910728646,39.1467964365647],[-74.7637640710955,39.147079141819],[-74.7638282974429,39.1471011940702],[-74.7638783607868,39.1471482532624],[-74.7639142254729,39.1472092166315],[-74.7639423826382,39.147257082103],[-74.7639668630155,39.1472986986547],[-74.7640001537696,39.1473172400275],[-74.7640842565796,39.1473326556605]]}},{"type":"Feature","id":111984,"properties":{"OBJECTID":111984,"PRIMENAME":"Unnamed Segment","ELEVTYP_F":0,"ELEVTYP_T":0},"geometry":{"type":"LineString","coordinates":[[-74.7379909196815,39.1986017433162],[-74.737992349102,39.1994457480613],[-74.7380031081895,39.199954616562]]}},{"type":"Feature","id":112013,"properties":{"OBJECTID":112013,"PRIMENAME":"Holly Glen Lane","ELEVTYP_F":0,"ELEVTYP_T":0},"geometry":{"type":"LineString","coordinates":[[-74.8071733051761,39.1693662203791],[-74.8072966011935,39.168753920911],[-74.8073401292839,39.1685434526289],[-74.8074070105571,39.1682200748936]]}},{"type":"Feature","id":112208,"properties":{"OBJECTID":112208,"PRIMENAME":"Hands Mill Road","ELEVTYP_F":0,"ELEVTYP_T":0},"geometry":{"type":"LineString","coordinates":[[-74.8914566856712,39.2502569171625],[-74.891108450012,39.2507579444947],[-74.8905474258272,39.2515617122184],[-74.8901721121849,39.2521047814549],[-74.8893306177327,39.253315106436],[-74.8885444298587,39.2544478113847],[-74.8878608743236,39.2554253664694],[-74.8874732142296,39.2559860852061],[-74.8871378372974,39.2564711696948],[-74.8869441620786,39.2567349622629],[-74.8868769033996,39.2568156894372],[-74.8868017134657,39.2569057240791],[-74.8866868408515,39.2570175813205],[-74.8864808857889,39.2572194986053],[-74.8860728400369,39.2576140642166],[-74.8853835517552,39.2582789149118],[-74.8848130853535,39.2588319201987],[-74.884630822398,39.2590089886977],[-74.8845238406657,39.2591053316961],[-74.8844492964749,39.2591658733752]]}},{"type":"Feature","id":112298,"properties":{"OBJECTID":112298,"PRIMENAME":"Reading Avenue","ELEVTYP_F":0,"ELEVTYP_T":0},"geometry":{"type":"LineString","coordinates":[[-74.7598493747274,39.2907883032048],[-74.7598159364695,39.2907943916905],[-74.7597443495333,39.2907945514115],[-74.7596501167291,39.2907859750068],[-74.7593711459257,39.2907456032328],[-74.7588848915641,39.2906822714764],[-74.7588533491686,39.2906781095593],[-74.7581648568814,39.2905872493068],[-74.7577396708043,39.2905359951464]]}},{"type":"Feature","id":112385,"properties":{"OBJECTID":112385,"PRIMENAME":"Timothy Lane","ELEVTYP_F":0,"ELEVTYP_T":0},"geometry":{"type":"LineString","coordinates":[[-74.7619710698743,39.1625894705468],[-74.7621619917246,39.1626478830739],[-74.7622927796396,39.1626970952581],[-74.7624554470831,39.1627736651313],[-74.7626253273122,39.1628831946113],[-74.7628909266406,39.1631052226477],[-74.7631670971354,39.1633244525157],[-74.7640523761232,39.1640397793714],[-74.7647215596294,39.1645741788018],[-74.764827883609,39.1646728942919],[-74.7648952672568,39.1647524229719],[-74.7649414746229,39.1648375191918],[-74.7649773006277,39.1649666260166],[-74.7650132521442,39.1651479559216],[-74.7650385968037,39.1652379595593],[-74.7650527934932,39.1652707114669],[-74.7650702886268,39.1652989534818],[-74.7650906954472,39.1653232341921],[-74.7651163765628,39.1653428356585],[-74.7651557808728,39.1653633661887],[-74.7651977045027,39.165378372439],[-74.7652966267679,39.1654028869946],[-74.7655227843444,39.1654490767658],[-74.7658670175119,39.1655200661956]]}},{"type":"Feature","id":112431,"properties":{"OBJECTID":112431,"PRIMENAME":"Court House South Dennis Road","ELEVTYP_F":0,"ELEVTYP_T":0},"geometry":{"type":"LineString","coordinates":[[-74.8230574580761,39.1278877868833],[-74.8231570909048,39.1281905893503],[-74.8234295165749,39.1290137850244],[-74.8235828394448,39.1295005153434],[-74.8238296709974,39.1302289699696],[-74.8240127599409,39.1307940901918],[-74.8244256446207,39.1320288414301],[-74.8247023973959,39.132880299832],[-74.8248386744189,39.133299560236],[-74.8250728345018,39.1340116823379],[-74.8252729708367,39.1346225244085],[-74.8254390008199,39.1351223136574],[-74.8255710120437,39.1355306523285],[-74.8256604515266,39.1358050348267],[-74.8257031197279,39.1359520617598],[-74.8257415417218,39.1360958052618],[-74.8257716091476,39.136239599123],[-74.8258017356507,39.1363964360905],[-74.8258276775167,39.1365631138239],[-74.8258410773838,39.1367396295639],[-74.8258546292088,39.1369488463134],[-74.8258513068085,39.1371385061199],[-74.8258493516482,39.1371836158085],[-74.8258399608673,39.1374000998059],[-74.8258122854032,39.1377827175958],[-74.8257766787245,39.1382503671977],[-74.8257531876462,39.1386231711717],[-74.8257177168444,39.1391202264623],[-74.8256698793426,39.1396729467845],[-74.825606870114,39.1405755194149],[-74.8255914251618,39.1408365478373],[-74.82557958727,39.1410366098838],[-74.8255199132475,39.1417528178543],[-74.8254848911673,39.1423479784951],[-74.8254174848049,39.1432080585439],[-74.8253915296498,39.1436021928039],[-74.8253860445438,39.1436854980096],[-74.8253230135547,39.1445848296144],[-74.8253072634655,39.144803335417]]}},{"type":"Feature","id":112545,"properties":{"OBJECTID":112545,"PRIMENAME":"Unnamed Segment","ELEVTYP_F":0,"ELEVTYP_T":0},"geometry":{"type":"LineString","coordinates":[[-74.7669276677855,39.1471616208208],[-74.7669715990286,39.1473344518908],[-74.7669810728892,39.1474505143237],[-74.766988821836,39.1475454469825],[-74.7669704692061,39.1476334588161],[-74.7668454481744,39.1479118877773]]}},{"type":"Feature","id":112603,"properties":{"OBJECTID":112603,"PRIMENAME":"Meadowcreek Drive","ELEVTYP_F":0,"ELEVTYP_T":0},"geometry":{"type":"LineString","coordinates":[[-74.7492703715939,39.1543183960085],[-74.7489646213248,39.1545498041926],[-74.7486896985379,39.1547731823662],[-74.7485157282077,39.1549229775653],[-74.7484567173551,39.1550100623494],[-74.7484221830154,39.1551079401416],[-74.748412044028,39.1552030471922],[-74.7484228421609,39.1552953917796],[-74.7484545799039,39.1553850009181],[-74.7484828429842,39.1554393612908],[-74.7485106857046,39.1554745301622],[-74.7485548148474,39.1555277864862],[-74.748601759882,39.15556942226],[-74.7487837571565,39.1557157671693],[-74.7490285765033,39.1558755424134],[-74.7490931950847,39.1559084354069],[-74.7491474293471,39.1559269083034],[-74.7492347100021,39.1559457501177],[-74.7493220072864,39.1559591273377],[-74.7494232412817,39.1559643472911],[-74.7495211573841,39.1559588939056],[-74.7496166951694,39.1559391942489],[-74.7496735149104,39.1559204837112],[-74.7497212220555,39.1558982505705],[-74.7497711676051,39.1558706580222],[-74.7498205946858,39.1558358454332],[-74.7500781472023,39.1556369119586],[-74.7505446142884,39.1552582303452]]}},{"type":"Feature","id":112608,"properties":{"OBJECTID":112608,"PRIMENAME":"Jefferson Avenue","ELEVTYP_F":0,"ELEVTYP_T":0},"geometry":{"type":"LineString","coordinates":[[-74.8118535692072,39.242122304367],[-74.8123205834832,39.241630420284],[-74.8132736382916,39.240618012036]]}},{"type":"Feature","id":112625,"properties":{"OBJECTID":112625,"PRIMENAME":"Alexandra Way","ELEVTYP_F":0,"ELEVTYP_T":0},"geometry":{"type":"LineString","coordinates":[[-74.7545111876048,39.1689403320963],[-74.7549195782065,39.1690181050827],[-74.7555484738758,39.1691376515797],[-74.755884133555,39.169205640811],[-74.7560571916842,39.1692272267006],[-74.7561596543404,39.1692352666985],[-74.7562373253805,39.1692350959379],[-74.7563184589937,39.1692266523257],[-74.7564172586035,39.1692071876766],[-74.7565336360161,39.1691712367589],[-74.7566147244102,39.1691408270188],[-74.7567028631572,39.1690993916558],[-74.7569097287803,39.1689958187147],[-74.7570447067043,39.1689282366086]]}},{"type":"Feature","id":112654,"properties":{"OBJECTID":112654,"PRIMENAME":"Unnamed Segment","ELEVTYP_F":0,"ELEVTYP_T":0},"geometry":{"type":"LineString","coordinates":[[-74.7546794929239,39.1928067882583],[-74.7545091193172,39.1929195287553],[-74.7540189240539,39.1932174583727]]}},{"type":"Feature","id":112663,"properties":{"OBJECTID":112663,"PRIMENAME":"Unnamed Segment","ELEVTYP_F":0,"ELEVTYP_T":0},"geometry":{"type":"LineString","coordinates":[[-74.755444679324,39.1665395947588],[-74.7552919687684,39.1664845251662],[-74.7551968934752,39.1664346062816],[-74.7551341612217,39.1664016684749],[-74.7550353301811,39.166364659481]]}},{"type":"Feature","id":112798,"properties":{"OBJECTID":112798,"PRIMENAME":"North Delsea Drive","ELEVTYP_F":0,"ELEVTYP_T":0},"geometry":{"type":"LineString","coordinates":[[-74.8847009286559,39.2030734304017],[-74.8849904937474,39.2030105021937],[-74.8855327002214,39.2028895717395],[-74.885880238403,39.2028126388396],[-74.8861999875794,39.2027393390874],[-74.886454903498,39.2026843755293],[-74.8866217689868,39.2026549097662],[-74.8867422331584,39.2026328458826],[-74.8869416246927,39.202614171728],[-74.8871410505504,39.2025954421677],[-74.8873683842553,39.2025946865238],[-74.887581818109,39.2026012256571],[-74.8877628804224,39.2026186073367],[-74.8878596298808,39.2026287195981],[-74.8880228424244,39.2026538759047],[-74.8881900967621,39.2026821488991],[-74.8882207391613,39.2026905587375],[-74.8883388126372,39.2027213843908],[-74.8884874731209,39.2027570498878],[-74.8887848994548,39.2028535041053],[-74.888806293391,39.2028614843276],[-74.889245251862,39.2030252226694],[-74.8900402313097,39.2033185540567],[-74.891900016917,39.2040090704343],[-74.892764333998,39.2043287558846],[-74.8934901151063,39.2045993428443],[-74.8941132143058,39.2048463295184],[-74.8947828816242,39.2051148190961],[-74.8954013317815,39.2053617875721],[-74.8960058414802,39.2056016052096],[-74.8982986434768,39.2065251699244],[-74.8996054111666,39.20705133463],[-74.8998843899725,39.2071622936724],[-74.9001681177423,39.2072768597658],[-74.9004518680142,39.207395022097],[-74.9005728777984,39.207455918301],[-74.9007311034005,39.2075384323815],[-74.9008381386015,39.2075994313262],[-74.9009731578818,39.2076783738581],[-74.9011408097378,39.207786143001],[-74.9013551579181,39.207944245194],[-74.9014124525092,39.2079845040165],[-74.9017231794617,39.208202832518],[-74.9022403875152,39.2085729027939],[-74.9024453818829,39.2087238142041],[-74.902608385337,39.2088387633571],[-74.9027575148553,39.2089465401027],[-74.9028600890153,39.2090292157175],[-74.9029766520067,39.2091262588133],[-74.9031072443912,39.2092449442986],[-74.9032332356453,39.2093672695934],[-74.9033406408184,39.2094860080405],[-74.903490108672,39.2096587459091],[-74.9035835957079,39.2097811833868],[-74.9037005537939,39.2099468404777],[-74.903817600758,39.2101341872845],[-74.9039161493486,39.2103142680638],[-74.9040100519276,39.2105089438719],[-74.9040812930495,39.2106783560991]]}},{"type":"Feature","id":112813,"properties":{"OBJECTID":112813,"PRIMENAME":"North Delsea Drive","ELEVTYP_F":0,"ELEVTYP_T":0},"geometry":{"type":"LineString","coordinates":[[-74.8319720171086,39.1618286191155],[-74.8318480833896,39.1618687701814],[-74.8317368262063,39.1619045402927],[-74.8316627401863,39.161928359406],[-74.8314730272547,39.1619889210574],[-74.8313063487878,39.1620580397326],[-74.831065828524,39.1621597945053],[-74.830829888144,39.1622831720904],[-74.8305848586553,39.1624391672736],[-74.8303907235718,39.1625804655366],[-74.8301690329955,39.1627723632021],[-74.829859575361,39.1630295835785],[-74.8294022904976,39.1634135256441],[-74.8289450151784,39.1638082840232],[-74.828615716402,39.1640835386764],[-74.8285939570904,39.1641017257752],[-74.8278087694327,39.1647645929639],[-74.8272267158421,39.1652643646063],[-74.8270880881457,39.1653808644559],[-74.82606729782,39.1662387057661],[-74.8251480003358,39.1670101682513],[-74.8243581064891,39.1676838711557],[-74.8236236440837,39.1683031870686],[-74.8232401877342,39.1686255319683],[-74.8226950304363,39.1690855289732],[-74.8223162241108,39.1694006368202],[-74.8219789945186,39.1696831732227],[-74.8216371015434,39.1699801096682],[-74.8214109259967,39.1702045681063],[-74.8212863239836,39.1703564774104],[-74.8211711080467,39.1705012486076],[-74.8211508647956,39.1705330183373]]}},{"type":"Feature","id":113285,"properties":{"OBJECTID":113285,"PRIMENAME":"Dennisville Petersburg Road","ELEVTYP_F":0,"ELEVTYP_T":0},"geometry":{"type":"LineString","coordinates":[[-74.7787241382548,39.2216144383016],[-74.778653194603,39.2216880291958],[-74.7785106968376,39.221841444247],[-74.7782210569232,39.2221169838052],[-74.7781345246918,39.2221998820397],[-74.777882435505,39.2224413770351],[-74.7774323285335,39.2228633702965],[-74.776919951426,39.2233586012891],[-74.7763795233514,39.2238706015197],[-74.776196800016,39.2240437120599],[-74.7760732385293,39.2241607721802],[-74.7754671365751,39.2247327973233],[-74.7747496955611,39.2254163666816],[-74.7742862047361,39.2258558147177],[-74.774031924651,39.2260952164969],[-74.773408248346,39.2266823943242],[-74.7729091151949,39.2271567365694],[-74.7728492938533,39.2272118002068],[-74.7726818007562,39.2273659719042],[-74.7725584872231,39.2274839699292],[-74.7724260742262,39.2276226099616],[-74.7723853632286,39.2276691248435]]}},{"type":"Feature","id":113489,"properties":{"OBJECTID":113489,"PRIMENAME":"Unnamed Segment","ELEVTYP_F":0,"ELEVTYP_T":0},"geometry":{"type":"LineString","coordinates":[[-74.8430098125891,39.2034436498458],[-74.842788775427,39.2037362749582]]}},{"type":"Feature","id":113546,"properties":{"OBJECTID":113546,"PRIMENAME":"Unnamed Segment","ELEVTYP_F":0,"ELEVTYP_T":0},"geometry":{"type":"LineString","coordinates":[[-74.7568437181456,39.1722664529666],[-74.7569576323881,39.1722478247584],[-74.7571659460883,39.1722559763264],[-74.7577023637129,39.1722946578344],[-74.7579825514367,39.1722940378727],[-74.7582056500766,39.172335756068],[-74.758467873705,39.1723656617676],[-74.7586818300747,39.1723792571812],[-74.7588204792033,39.1723953652675],[-74.7589803176298,39.172439568245],[-74.7591212694405,39.1724785458077],[-74.7592818279089,39.1725022148942],[-74.7598875604111,39.1725454245497],[-74.7601383787618,39.1725633149406]]}},{"type":"Feature","id":113874,"properties":{"OBJECTID":113874,"PRIMENAME":"State Highway 50","ELEVTYP_F":0,"ELEVTYP_T":0},"geometry":{"type":"LineString","coordinates":[[-74.7437116388173,39.2711691629681],[-74.7441686640108,39.2717896420189],[-74.7444368191279,39.2721572515955],[-74.7454064356379,39.2734783669221]]}},{"type":"Feature","id":114355,"properties":{"OBJECTID":114355,"PRIMENAME":"Unnamed Segment","ELEVTYP_F":0,"ELEVTYP_T":0},"geometry":{"type":"LineString","coordinates":[[-74.7531728757937,39.1662012502658],[-74.7527760903016,39.166712462433]]}},{"type":"Feature","id":114625,"properties":{"OBJECTID":114625,"PRIMENAME":"Unnamed Segment","ELEVTYP_F":0,"ELEVTYP_T":0},"geometry":{"type":"LineString","coordinates":[[-74.740926277763,39.1878803964752],[-74.7405380837651,39.1880962538973]]}},{"type":"Feature","id":114678,"properties":{"OBJECTID":114678,"PRIMENAME":"Madison Avenue","ELEVTYP_F":0,"ELEVTYP_T":0},"geometry":{"type":"LineString","coordinates":[[-74.8139432921271,39.2381507976553],[-74.8144664458154,39.2375971386654],[-74.8153395704446,39.2366757301668]]}},{"type":"Feature","id":114904,"properties":{"OBJECTID":114904,"PRIMENAME":"Inlet Way","ELEVTYP_F":0,"ELEVTYP_T":0},"geometry":{"type":"LineString","coordinates":[[-74.8065356140655,39.2349819348688],[-74.8058756174068,39.2356928860824],[-74.8057529612193,39.2358250107317]]}},{"type":"Feature","id":114922,"properties":{"OBJECTID":114922,"PRIMENAME":"Hunters Mill Road","ELEVTYP_F":0,"ELEVTYP_T":0},"geometry":{"type":"LineString","coordinates":[[-74.9011435623855,39.2994947233143],[-74.9011406762709,39.2994960790755],[-74.8994881576557,39.3002817836721],[-74.8984237073579,39.3007852563281],[-74.8972134093716,39.3013535756169],[-74.8966204166982,39.3016357947097],[-74.8944621713387,39.3026389604155],[-74.8922308744056,39.3036650948531],[-74.8897710640057,39.3048055398828],[-74.888245310245,39.305533687247]]}},{"type":"Feature","id":114939,"properties":{"OBJECTID":114939,"PRIMENAME":"Atlantic Boulevard","ELEVTYP_F":0,"ELEVTYP_T":0},"geometry":{"type":"LineString","coordinates":[[-74.7980528983301,39.2403999882014],[-74.7982206464245,39.2405715354743],[-74.7982243183233,39.2405752906237],[-74.7983362951173,39.2406898014946]]}},{"type":"Feature","id":115217,"properties":{"OBJECTID":115217,"PRIMENAME":"Unnamed Segment","ELEVTYP_F":0,"ELEVTYP_T":0},"geometry":{"type":"LineString","coordinates":[[-74.7389484663111,39.2014301032586],[-74.7384782482229,39.2014216863318]]}},{"type":"Feature","id":115489,"properties":{"OBJECTID":115489,"PRIMENAME":"Unnamed Segment","ELEVTYP_F":0,"ELEVTYP_T":0},"geometry":{"type":"LineString","coordinates":[[-74.7683177317058,39.1497488256021],[-74.7683695043559,39.1497012168012]]}},{"type":"Feature","id":115515,"properties":{"OBJECTID":115515,"PRIMENAME":"Unnamed Segment","ELEVTYP_F":0,"ELEVTYP_T":0},"geometry":{"type":"LineString","coordinates":[[-74.7489693586768,39.1913506468678],[-74.7487405356346,39.1915296935337],[-74.7485872869903,39.1916617342553]]}},{"type":"Feature","id":115561,"properties":{"OBJECTID":115561,"PRIMENAME":"Unnamed Segment","ELEVTYP_F":0,"ELEVTYP_T":0},"geometry":{"type":"LineString","coordinates":[[-74.7521001534841,39.1921058844794],[-74.7523269571206,39.191926623017]]}},{"type":"Feature","id":115729,"properties":{"OBJECTID":115729,"PRIMENAME":"Unnamed Segment","ELEVTYP_F":0,"ELEVTYP_T":0},"geometry":{"type":"LineString","coordinates":[[-74.7292816380416,39.1972034223443],[-74.7295586759995,39.1970589245309]]}},{"type":"Feature","id":115769,"properties":{"OBJECTID":115769,"PRIMENAME":"Hamilton Avenue","ELEVTYP_F":0,"ELEVTYP_T":0},"geometry":{"type":"LineString","coordinates":[[-74.8334025745541,39.2228776333138],[-74.8320317512246,39.2220875661056],[-74.83080117145,39.2213883806772],[-74.8294623219997,39.2206222721865],[-74.8283074786957,39.2199620535989],[-74.827037289162,39.2192461356164],[-74.8263047387126,39.2188254291914],[-74.8259520252323,39.2186160389119]]}},{"type":"Feature","id":115855,"properties":{"OBJECTID":115855,"PRIMENAME":"Unnamed Segment","ELEVTYP_F":0,"ELEVTYP_T":0},"geometry":{"type":"LineString","coordinates":[[-74.768466791174,39.1765208822723],[-74.7679052229064,39.1760595151501]]}},{"type":"Feature","id":116228,"properties":{"OBJECTID":116228,"PRIMENAME":"Lakeview Drive","ELEVTYP_F":0,"ELEVTYP_T":0},"geometry":{"type":"LineString","coordinates":[[-74.8293161807537,39.1960839600474],[-74.8292894745692,39.1961004820214],[-74.8292412152511,39.1961635784629],[-74.8292092547287,39.1962486766972],[-74.8291654431563,39.1964030841928],[-74.8291100511433,39.1966771557772],[-74.8290782078181,39.1967874598184],[-74.8290381502316,39.1968694234507],[-74.8289938745138,39.1969167755013],[-74.8289211896162,39.1969484738092],[-74.8287999507614,39.1969802820801],[-74.8284279842243,39.197047476598],[-74.8278296169867,39.1971530601531],[-74.8275062090979,39.1972137993532],[-74.8274375169217,39.1972391715803],[-74.8273567952239,39.1972803367215],[-74.8272398039472,39.1973688036745],[-74.8270262778366,39.1975583103731],[-74.8268047147703,39.1977730453974],[-74.8264422574199,39.1981424296931],[-74.826216836741,39.1984012430845],[-74.8260077051062,39.1986726139902]]}},{"type":"Feature","id":116229,"properties":{"OBJECTID":116229,"PRIMENAME":"Court House South Dennis Road","ELEVTYP_F":0,"ELEVTYP_T":0},"geometry":{"type":"LineString","coordinates":[[-74.8253072634655,39.144803335417],[-74.8252914262175,39.1450230323632],[-74.8252363981029,39.1458307710004],[-74.8252060588134,39.1461897079505],[-74.8251885779632,39.1463965319114],[-74.8251189519456,39.1474003292585]]}},{"type":"Feature","id":116239,"properties":{"OBJECTID":116239,"PRIMENAME":"Upper Bridge Road","ELEVTYP_F":0,"ELEVTYP_T":0},"geometry":{"type":"LineString","coordinates":[[-74.7340106679823,39.2587956474824],[-74.7340696311467,39.2588249390874],[-74.7341860285214,39.2588745945138],[-74.734299440078,39.2589183527314]]}},{"type":"Feature","id":116481,"properties":{"OBJECTID":116481,"PRIMENAME":"Pacific Avenue","ELEVTYP_F":0,"ELEVTYP_T":0},"geometry":{"type":"LineString","coordinates":[[-74.7987200979491,39.2387698838363],[-74.7983411185277,39.2385516058144]]}},{"type":"Feature","id":116541,"properties":{"OBJECTID":116541,"PRIMENAME":"Unnamed Segment","ELEVTYP_F":0,"ELEVTYP_T":0},"geometry":{"type":"LineString","coordinates":[[-74.7684060753638,39.1473041653607],[-74.7682217916243,39.1473214668539],[-74.7680479062193,39.147332421141],[-74.767914996423,39.1473407928635],[-74.7677685978022,39.1473139185033]]}},{"type":"Feature","id":116558,"properties":{"OBJECTID":116558,"PRIMENAME":"Unnamed Segment","ELEVTYP_F":0,"ELEVTYP_T":0},"geometry":{"type":"LineString","coordinates":[[-74.7518168267024,39.1654985277051],[-74.7521385461335,39.1656759052442]]}},{"type":"Feature","id":116829,"properties":{"OBJECTID":116829,"PRIMENAME":"Unnamed Segment","ELEVTYP_F":0,"ELEVTYP_T":0},"geometry":{"type":"LineString","coordinates":[[-74.7684271920127,39.1755737703126],[-74.7689472089281,39.1759302816428],[-74.7689689051093,39.1760011066591],[-74.7689691751389,39.1760719802276],[-74.7689372428986,39.1761262518403],[-74.7688572006329,39.1762056497766],[-74.768466791174,39.1765208822723]]}},{"type":"Feature","id":116867,"properties":{"OBJECTID":116867,"PRIMENAME":"Unnamed Segment","ELEVTYP_F":0,"ELEVTYP_T":0},"geometry":{"type":"LineString","coordinates":[[-74.75691137215,39.1718437959495],[-74.7568643215773,39.1721604916418],[-74.7568437181456,39.1722664529666]]}},{"type":"Feature","id":116986,"properties":{"OBJECTID":116986,"PRIMENAME":"Bevis Lane","ELEVTYP_F":0,"ELEVTYP_T":0},"geometry":{"type":"LineString","coordinates":[[-74.8154239228622,39.1713431441087],[-74.8171274615175,39.1719876990872]]}},{"type":"Feature","id":117085,"properties":{"OBJECTID":117085,"PRIMENAME":"Fremont Avenue","ELEVTYP_F":0,"ELEVTYP_T":0},"geometry":{"type":"LineString","coordinates":[[-74.8147463111754,39.2236445787997],[-74.8153574311587,39.2239992665383],[-74.815950379303,39.2243434741548],[-74.8159685227858,39.2243540060682],[-74.8164067543246,39.2245915035353],[-74.8178227544437,39.2253919546956],[-74.8178841242945,39.2254282266226],[-74.8190634092072,39.2261252158462],[-74.8195297718956,39.226400842918],[-74.8200396420382,39.2266740712852],[-74.8202707478837,39.2268065775116],[-74.8206128521752,39.2270027230577],[-74.8214599408179,39.2274777333201],[-74.8230278619219,39.2283790740884],[-74.8233482235212,39.2285687660462]]}},{"type":"Feature","id":117223,"properties":{"OBJECTID":117223,"PRIMENAME":"Unnamed Segment","ELEVTYP_F":0,"ELEVTYP_T":0},"geometry":{"type":"LineString","coordinates":[[-74.8549165042837,39.2419543643387],[-74.8551479899037,39.2418617079585],[-74.8555976456504,39.2416230029606],[-74.8558458025544,39.2414766564927],[-74.8560742036417,39.2413440732359],[-74.8561840466093,39.2412872151384],[-74.8562632168829,39.241262993952],[-74.856369003076,39.2412746603056],[-74.856466113583,39.241313758002],[-74.8568267500323,39.2416312321332],[-74.8575925744748,39.2423636724592],[-74.8579997955288,39.2427443728461],[-74.8582075377145,39.2428807576157],[-74.8584571145427,39.2430135874314],[-74.8588809016291,39.2431852748967],[-74.8589362467998,39.2432399141023],[-74.8589673705784,39.2432963404011],[-74.8589698282899,39.2433460033752],[-74.8589260376354,39.2433975222476],[-74.8586272100596,39.2435423169935],[-74.8582055133966,39.2437816917086],[-74.8578762035773,39.2439968038174],[-74.8576961690248,39.2441121137557]]}},{"type":"Feature","id":117289,"properties":{"OBJECTID":117289,"PRIMENAME":"East Creek Mill Road","ELEVTYP_F":0,"ELEVTYP_T":0},"geometry":{"type":"LineString","coordinates":[[-74.8963688085443,39.2341171021106],[-74.8964614839617,39.2342170332021],[-74.8966149370296,39.2343575304176],[-74.8967587533418,39.2344794996575],[-74.8969217260863,39.2346050833083],[-74.8970594932783,39.2347058484505],[-74.897076712702,39.2347222361087]]}},{"type":"Feature","id":117599,"properties":{"OBJECTID":117599,"PRIMENAME":"Unnamed Segment","ELEVTYP_F":0,"ELEVTYP_T":0},"geometry":{"type":"LineString","coordinates":[[-74.7567419182404,39.1936129104637],[-74.755814596838,39.1935619289048],[-74.7554395960747,39.1934449280033],[-74.7547365969765,39.1928269267806],[-74.7546794929239,39.1928067882583]]}},{"type":"Feature","id":117983,"properties":{"OBJECTID":117983,"PRIMENAME":"Captain Drive","ELEVTYP_F":0,"ELEVTYP_T":0},"geometry":{"type":"LineString","coordinates":[[-74.8057746135034,39.2300349316783],[-74.8074886145315,39.2310009330839]]}},{"type":"Feature","id":118098,"properties":{"OBJECTID":118098,"PRIMENAME":"Pacific Avenue","ELEVTYP_F":0,"ELEVTYP_T":0},"geometry":{"type":"LineString","coordinates":[[-74.7967359707212,39.2376338492942],[-74.7963425779226,39.2374146528596]]}},{"type":"Feature","id":118530,"properties":{"OBJECTID":118530,"PRIMENAME":"Tattlers Road","ELEVTYP_F":0,"ELEVTYP_T":0},"geometry":{"type":"LineString","coordinates":[[-74.7649249116235,39.1683672851069],[-74.7651565016181,39.1685050891849],[-74.7657489843492,39.1688620062079],[-74.7665043192932,39.1693380160135],[-74.7666635324161,39.1694378438178]]}},{"type":"Feature","id":118551,"properties":{"OBJECTID":118551,"PRIMENAME":"Unnamed Segment","ELEVTYP_F":0,"ELEVTYP_T":0},"geometry":{"type":"LineString","coordinates":[[-74.7405437126524,39.1871205282304],[-74.7392881929216,39.1862270483107],[-74.7392315464842,39.1861867351499],[-74.7392261683277,39.1861829068328]]}},{"type":"Feature","id":118571,"properties":{"OBJECTID":118571,"PRIMENAME":"Unnamed Segment","ELEVTYP_F":0,"ELEVTYP_T":0},"geometry":{"type":"LineString","coordinates":[[-74.7531213444658,39.1668380041979],[-74.7529620031274,39.1667722935475],[-74.7527760903016,39.166712462433]]}},{"type":"Feature","id":118606,"properties":{"OBJECTID":118606,"PRIMENAME":"Unnamed Segment","ELEVTYP_F":0,"ELEVTYP_T":0},"geometry":{"type":"LineString","coordinates":[[-74.7679052229064,39.1760595151501],[-74.7683557557353,39.1756957387268],[-74.7684271920127,39.1755737703126]]}},{"type":"Feature","id":118624,"properties":{"OBJECTID":118624,"PRIMENAME":"Unnamed Segment","ELEVTYP_F":0,"ELEVTYP_T":0},"geometry":{"type":"LineString","coordinates":[[-74.7679647828143,39.1483452706377],[-74.7680055968236,39.1483856299384],[-74.7681639447477,39.1484468264501],[-74.7682205291695,39.1484765960416],[-74.7684465710379,39.1485182881094],[-74.7686704759968,39.1485595846911],[-74.7691504467725,39.1486604055736]]}},{"type":"Feature","id":118967,"properties":{"OBJECTID":118967,"PRIMENAME":"Gum Street","ELEVTYP_F":0,"ELEVTYP_T":0},"geometry":{"type":"LineString","coordinates":[[-74.7971321576191,39.2378689602654],[-74.7971315482905,39.237869505018],[-74.7968316985512,39.2381386608103],[-74.7965556367159,39.2383390987922],[-74.7963501968744,39.2384882579904],[-74.7962360658514,39.2385757816196]]}},{"type":"Feature","id":119049,"properties":{"OBJECTID":119049,"PRIMENAME":"Unnamed Segment","ELEVTYP_F":0,"ELEVTYP_T":0},"geometry":{"type":"LineString","coordinates":[[-74.8375048026817,39.2347858419352],[-74.837789412804,39.2344466405357],[-74.8378361666112,39.2344336555575]]}},{"type":"Feature","id":119471,"properties":{"OBJECTID":119471,"PRIMENAME":"Unnamed Segment","ELEVTYP_F":0,"ELEVTYP_T":0},"geometry":{"type":"LineString","coordinates":[[-74.8384131281144,39.2363849216669],[-74.8376252246915,39.2359424560763]]}},{"type":"Feature","id":119516,"properties":{"OBJECTID":119516,"PRIMENAME":"Bryant Street","ELEVTYP_F":0,"ELEVTYP_T":0},"geometry":{"type":"LineString","coordinates":[[-74.808311084524,39.2423640240557],[-74.8092409909996,39.2428998848013],[-74.809375579804,39.2429770109636]]}},{"type":"Feature","id":119603,"properties":{"OBJECTID":119603,"PRIMENAME":"Unnamed Segment","ELEVTYP_F":0,"ELEVTYP_T":0},"geometry":{"type":"LineString","coordinates":[[-74.7535443787989,39.1656574696695],[-74.75348249728,39.1656270802901],[-74.7533161745543,39.1655548884487],[-74.7532222853293,39.1655109919709]]}},{"type":"Feature","id":119841,"properties":{"OBJECTID":119841,"PRIMENAME":"Unnamed Segment","ELEVTYP_F":0,"ELEVTYP_T":0},"geometry":{"type":"LineString","coordinates":[[-74.8071686147943,39.2284929327704],[-74.8063166142651,39.2279949324252]]}},{"type":"Feature","id":119908,"properties":{"OBJECTID":119908,"PRIMENAME":"Main Street","ELEVTYP_F":0,"ELEVTYP_T":0},"geometry":{"type":"LineString","coordinates":[[-74.7605332967495,39.1788810199658],[-74.7615218958392,39.1790717491359]]}},{"type":"Feature","id":119912,"properties":{"OBJECTID":119912,"PRIMENAME":"6th Street","ELEVTYP_F":0,"ELEVTYP_T":0},"geometry":{"type":"LineString","coordinates":[[-74.8604640626464,39.2700698422816],[-74.8605853633619,39.2701661157257],[-74.86068878303,39.2702403680298],[-74.8607813947884,39.2702870327816],[-74.8608882968703,39.270344690921],[-74.8610877558126,39.27043797589],[-74.8613193231042,39.2705587827375],[-74.8615651774754,39.2706961009318],[-74.8618253955783,39.2708582501158],[-74.8619188989986,39.2709132581826]]}},{"type":"Feature","id":120295,"properties":{"OBJECTID":120295,"PRIMENAME":"Holly Glen Lane","ELEVTYP_F":0,"ELEVTYP_T":0},"geometry":{"type":"LineString","coordinates":[[-74.8074070105571,39.1682200748936],[-74.807444423532,39.1680391953574],[-74.8074885632014,39.1678803469383],[-74.80754919358,39.167750010607],[-74.8076198580551,39.1676480934817],[-74.8077094960196,39.167537093522],[-74.8078575419921,39.1674013094223],[-74.8080324804182,39.1672852229181],[-74.8081912100336,39.167205423292],[-74.8089364425784,39.1669558108544],[-74.8093518670821,39.1668245594853],[-74.8094537262509,39.1667988908477],[-74.8095393244622,39.1667891353601],[-74.8096250050431,39.1667984358968],[-74.8097066298161,39.1668236171949],[-74.8097843514285,39.1668678092654],[-74.8098335172441,39.1669153454457],[-74.8099238622306,39.1670547817821],[-74.8102319983645,39.1675683244499],[-74.8108236995947,39.1685635939173],[-74.811093816445,39.1689711674477]]}},{"type":"Feature","id":120501,"properties":{"OBJECTID":120501,"PRIMENAME":"Unnamed Segment","ELEVTYP_F":0,"ELEVTYP_T":0},"geometry":{"type":"LineString","coordinates":[[-74.7360830954845,39.1999210014734],[-74.7362648421866,39.199929696333],[-74.7365533493564,39.1999434972169]]}},{"type":"Feature","id":120739,"properties":{"OBJECTID":120739,"PRIMENAME":"Mt Pleasant Tuckahoe Road","ELEVTYP_F":0,"ELEVTYP_T":0},"geometry":{"type":"LineString","coordinates":[[-74.7544181433737,39.2878256872781],[-74.7544000932053,39.2879352185808]]}},{"type":"Feature","id":120746,"properties":{"OBJECTID":120746,"PRIMENAME":"Unnamed Segment","ELEVTYP_F":0,"ELEVTYP_T":0},"geometry":{"type":"LineString","coordinates":[[-74.8396035262761,39.2354415416905],[-74.8399493954099,39.2350833228727]]}},{"type":"Feature","id":121123,"properties":{"OBJECTID":121123,"PRIMENAME":"Isaacs Avenue","ELEVTYP_F":0,"ELEVTYP_T":0},"geometry":{"type":"LineString","coordinates":[[-74.8103226384968,39.2384103335629],[-74.8113543107394,39.2373266990607],[-74.8117570830389,39.236900802935]]}},{"type":"Feature","id":121285,"properties":{"OBJECTID":121285,"PRIMENAME":"Unnamed Segment","ELEVTYP_F":0,"ELEVTYP_T":0},"geometry":{"type":"LineString","coordinates":[[-74.7631386102515,39.1667715429122],[-74.7627647507837,39.1665054169139],[-74.7623687602966,39.1662106577525]]}},{"type":"Feature","id":121327,"properties":{"OBJECTID":121327,"PRIMENAME":"Linsay Lane","ELEVTYP_F":0,"ELEVTYP_T":0},"geometry":{"type":"LineString","coordinates":[[-74.7396912156584,39.2539588828219],[-74.7395348995867,39.2536036066121],[-74.7392538590807,39.2529906361998],[-74.7392136193033,39.2529028731304]]}},{"type":"Feature","id":121653,"properties":{"OBJECTID":121653,"PRIMENAME":"Jefferson Avenue","ELEVTYP_F":0,"ELEVTYP_T":0},"geometry":{"type":"LineString","coordinates":[[-74.8104574259904,39.2435969168941],[-74.810844868442,39.2431846018865],[-74.8118535692072,39.242122304367]]}},{"type":"Feature","id":121952,"properties":{"OBJECTID":121952,"PRIMENAME":"Miranda Lane","ELEVTYP_F":0,"ELEVTYP_T":0},"geometry":{"type":"LineString","coordinates":[[-74.8298188461532,39.1934060158075],[-74.829823383962,39.1931011432088]]}},{"type":"Feature","id":122477,"properties":{"OBJECTID":122477,"PRIMENAME":"Unnamed Segment","ELEVTYP_F":0,"ELEVTYP_T":0},"geometry":{"type":"LineString","coordinates":[[-74.7552852210959,39.1671699037001],[-74.7555664189178,39.1669337488948],[-74.7556728264396,39.1668372186257],[-74.7557393781459,39.1667768461789],[-74.7557622456831,39.1667288534018],[-74.7557570139699,39.1666879713485],[-74.7557145028743,39.1666471720043],[-74.7555651824882,39.166592095332],[-74.755444679324,39.1665395947588]]}},{"type":"Feature","id":122516,"properties":{"OBJECTID":122516,"PRIMENAME":"Pacific Avenue","ELEVTYP_F":0,"ELEVTYP_T":0},"geometry":{"type":"LineString","coordinates":[[-74.7951379659001,39.2367181125458],[-74.7947459487642,39.2364952840613]]}},{"type":"Feature","id":122969,"properties":{"OBJECTID":122969,"PRIMENAME":"Unnamed Segment","ELEVTYP_F":0,"ELEVTYP_T":0},"geometry":{"type":"LineString","coordinates":[[-74.7454064356379,39.2734783669221],[-74.7445706293805,39.2739102387614]]}},{"type":"Feature","id":123318,"properties":{"OBJECTID":123318,"PRIMENAME":"Unnamed Segment","ELEVTYP_F":0,"ELEVTYP_T":0},"geometry":{"type":"LineString","coordinates":[[-74.7300259405516,39.1895132488132],[-74.7299665269624,39.1896428142351],[-74.7299120792313,39.1897190872568],[-74.7298603363201,39.1897415913021],[-74.7297675504244,39.1897621854232]]}},{"type":"Feature","id":123749,"properties":{"OBJECTID":123749,"PRIMENAME":"Unnamed Segment","ELEVTYP_F":0,"ELEVTYP_T":0},"geometry":{"type":"LineString","coordinates":[[-74.755444679324,39.1665395947588],[-74.7549440593856,39.1669642794265]]}},{"type":"Feature","id":123982,"properties":{"OBJECTID":123982,"PRIMENAME":"Unnamed Segment","ELEVTYP_F":0,"ELEVTYP_T":0},"geometry":{"type":"LineString","coordinates":[[-74.8386094352371,39.2341187217651],[-74.8394861289002,39.2332081749807]]}},{"type":"Feature","id":125080,"properties":{"OBJECTID":125080,"PRIMENAME":"Unnamed Segment","ELEVTYP_F":0,"ELEVTYP_T":0},"geometry":{"type":"LineString","coordinates":[[-74.8007001284786,39.1728149590617],[-74.800620528828,39.1728270365588],[-74.8005664110814,39.1728535580477],[-74.8005055924203,39.1728985666368],[-74.8003160442833,39.1731406046064],[-74.8002411742216,39.1732278065992],[-74.8001956341945,39.1733743845711],[-74.8000792375541,39.1745531517964],[-74.7999856332054,39.17605427092],[-74.7999810791129,39.1761273007851],[-74.800028930865,39.1761597779323],[-74.8001362011522,39.1761928542292],[-74.8003148142595,39.1762090712134],[-74.8006635608348,39.1762407317024],[-74.8009148141404,39.1762297568661],[-74.8011717032969,39.1761790643904],[-74.8013054047105,39.1761526800975],[-74.8014068585597,39.1760561634272],[-74.8014206204913,39.1759338339754],[-74.8016584437719,39.1730926666056],[-74.8016663497127,39.1729982033754],[-74.8016149533044,39.1729426908646],[-74.8015290198067,39.1728873253563],[-74.8013503176298,39.1728488769051],[-74.801100273091,39.1728272879215],[-74.8009215571352,39.1728118552131],[-74.8008844005838,39.1728086468914],[-74.8008136377225,39.1728067513534],[-74.8007001284786,39.1728149590617]]}},{"type":"Feature","id":125389,"properties":{"OBJECTID":125389,"PRIMENAME":"Kansas Road","ELEVTYP_F":0,"ELEVTYP_T":0},"geometry":{"type":"LineString","coordinates":[[-74.7623088016311,39.3055575491269],[-74.7627613901197,39.3055017246614],[-74.7630545543177,39.3054751155138],[-74.7631325039472,39.3054807054857],[-74.7631457059067,39.3054871849448]]}},{"type":"Feature","id":125399,"properties":{"OBJECTID":125399,"PRIMENAME":"Pacific Avenue","ELEVTYP_F":0,"ELEVTYP_T":0},"geometry":{"type":"LineString","coordinates":[[-74.7971321576191,39.2378689602654],[-74.796817804379,39.2376813890819],[-74.7967359707212,39.2376338492942]]}},{"type":"Feature","id":125411,"properties":{"OBJECTID":125411,"PRIMENAME":"Unnamed Segment","ELEVTYP_F":0,"ELEVTYP_T":0},"geometry":{"type":"LineString","coordinates":[[-74.8429577184304,39.2000532068647],[-74.8428205008324,39.2002462075258],[-74.8428658065219,39.2013172741413]]}},{"type":"Feature","id":125845,"properties":{"OBJECTID":125845,"PRIMENAME":"Narrows Road","ELEVTYP_F":0,"ELEVTYP_T":0},"geometry":{"type":"LineString","coordinates":[[-74.8307918262079,39.2873069729683],[-74.8307556151855,39.2872897161737],[-74.8306663105587,39.2872327489633],[-74.8304487705603,39.2870979213544],[-74.830269998282,39.286971989756],[-74.8301300927002,39.2868760944658],[-74.8300561922051,39.2868190840066],[-74.8299822151174,39.2867230016328],[-74.8299157428072,39.2865997436846],[-74.8298805174038,39.2865246107614],[-74.8297908820919,39.286404438802],[-74.8295143460631,39.2860741178922],[-74.8292067913114,39.2857438840076],[-74.8290163929392,39.2855296121417],[-74.8289551027369,39.2854683278845],[-74.828891550328,39.2854041502499],[-74.8288441168029,39.2853676119076],[-74.8288347035651,39.2853614877046],[-74.8288250693526,39.2853554542067],[-74.8288154357905,39.2853495594322],[-74.8288055825349,39.2853437814828],[-74.8287956186681,39.2853381461742],[-74.8287854352427,39.2853326565165],[-74.8287752523369,39.2853272776571],[-74.8287649601348,39.285322074765],[-74.8287544470548,39.2853169832962],[-74.8287439358135,39.285312036853],[-74.8287332028172,39.2853072621905],[-74.8287224716552,39.2853026316527],[-74.8287116310325,39.2852981419506],[-74.8281191540025,39.2850585351513],[-74.8281083147493,39.2850540742151],[-74.828097581214,39.2850494147999],[-74.8280868481627,39.2850446103505],[-74.8280762258654,39.2850396929859],[-74.8280658267465,39.2850346596866],[-74.8280554588874,39.2850293695652],[-74.8280452033281,39.2850240493994],[-74.82803516592,39.2850185295372],[-74.828025202165,39.2850128950628],[-74.828015351474,39.285007145865],[-74.8280056055902,39.2850012513394],[-74.8279959714979,39.284995217772],[-74.8279865582491,39.2849890646737],[-74.8279772543265,39.284982741012],[-74.8279680624476,39.284976332357],[-74.8279590867881,39.2849698068868],[-74.8279502230421,39.2849631684983],[-74.8279415058452,39.2849563873671],[-74.827932935315,39.2849494887157],[-74.8279245114724,39.2849424770483],[-74.8279162344395,39.2849353784882],[-74.8279081038212,39.2849281083598],[-74.8279002327222,39.2849208095745],[-74.8278924664264,39.284913364561],[-74.8278849231915,39.2849057783911],[-74.8278780459233,39.2848988200176],[-74.8274072812454,39.2844059466737],[-74.8273998491216,39.284398301606],[-74.8273923062595,39.2843907721539],[-74.8273845447211,39.284383328894],[-74.8273765610416,39.2843759745382],[-74.8273684680346,39.2843687898432],[-74.8273601514423,39.2843616328008],[-74.827351728,39.2843546796431],[-74.8273431946934,39.2843477808428],[-74.8273344405307,39.2843409979675],[-74.8273255769188,39.2843343586294],[-74.8273164924551,39.284327836117],[-74.8273074098062,39.2843214541264],[-74.827297996188,39.2843151892711],[-74.8272948569462,39.284313138824],[-74.8263244357104,39.2836786027316],[-74.8263151325076,39.283672364511],[-74.8263059390218,39.2836660395036],[-74.8262968560317,39.2836595457327],[-74.8262878824828,39.2836529057217],[-74.82627912878,39.283646181318],[-74.8262704847942,39.2836393701275],[-74.8262619512833,39.2836323856696],[-74.8262536374806,39.2836252870923],[-74.8262455469929,39.283618102311],[-74.8262374537916,39.2836108319589],[-74.8262296879588,39.2836034174589],[-74.8262220376469,39.2835959179578],[-74.8262144922818,39.2835883028573],[-74.8262071691978,39.2835806285804],[-74.8262000665798,39.2835727537037],[-74.8261930752431,39.2835648794156],[-74.8261863024594,39.2835568919124],[-74.8261796404054,39.2835487860915],[-74.8261731994858,39.2835406237999],[-74.8261670153659,39.2835323472855],[-74.8261609770374,39.2835240145116],[-74.8261550865304,39.2835155633161],[-74.8261494158731,39.2835070286291],[-74.8261438564801,39.2834984909277],[-74.826138626652,39.2834897829491],[-74.8261335429994,39.2834811015853],[-74.8261286093861,39.2834722801742],[-74.8261239307592,39.2834634535446],[-74.8261193627655,39.2834544878788],[-74.8261151634895,39.2834455464031],[-74.8261109984577,39.2834364904274],[-74.8261070916555,39.2834273787783],[-74.8261034061037,39.2834182358816],[-74.8260999405305,39.2834090374188],[-74.8260967332952,39.2833998067037],[-74.8260944582481,39.2833933785272],[-74.8256849967248,39.2821385939609],[-74.8256826463559,39.2821316525188],[-74.8256800745835,39.2821247080927],[-74.8256775043835,39.2821178528431],[-74.8256746015068,39.2821109949207],[-74.8256716999316,39.2821041676224],[-74.8256685772324,39.282097397694],[-74.8256652334092,39.2820906851356],[-74.8256618908918,39.2820840041022],[-74.8256583271045,39.2820773489103],[-74.8256545424604,39.2820708087401],[-74.8256506475778,39.2820642418534],[-74.8256466431074,39.2820577887763],[-74.8256425286571,39.2820513648328],[-74.8256381932292,39.2820450297874],[-74.8256337476755,39.2820386923473],[-74.8256291948564,39.2820324696111],[-74.825624416144,39.2820262754317],[-74.8256196402928,39.2820201983506],[-74.8256145364144,39.2820141212858],[-74.8256094272628,39.2820081568379],[-74.8256041736298,39.2820022801732],[-74.8255987739517,39.2819964039166],[-74.8255932277202,39.2819906685973],[-74.8255875703624,39.2819849651171],[-74.825581803413,39.2819793745454],[-74.8255759264881,39.281973814008],[-74.8255698287068,39.2819683684918],[-74.8255637314519,39.2819630364769],[-74.8255574141076,39.2819577348041],[-74.82555098718,39.2819525478414],[-74.825544559357,39.2819474176324],[-74.8255379119743,39.2819424321679],[-74.8255311546037,39.281937474035],[-74.8255242864906,39.2819326306154],[-74.8255174200713,39.2819279024955],[-74.8255103327955,39.2819232893965],[-74.8255031355319,39.2819187036291],[-74.8254959379107,39.2819142908196],[-74.8254905134604,39.2819110729437],[-74.8251864058011,39.2817327092056],[-74.825176552058,39.2817269021196],[-74.8251669200664,39.281720922357],[-74.8251573965019,39.2817148278869],[-74.8251480936754,39.2817085922718],[-74.825138790176,39.2817022107252],[-74.8251297078062,39.2816957727096],[-74.8251208447322,39.2816891322975],[-74.8251119813976,39.2816824351339],[-74.8251033376336,39.2816755950272],[-74.8250949145995,39.2816686119741],[-74.8250865666372,39.2816615701576],[-74.8250783988365,39.2816543855081],[-74.8250704158338,39.2816470580127],[-74.8250625426756,39.2816396716569],[-74.8250548903845,39.2816321720816],[-74.8250473476714,39.2816245559943],[-74.8250400247954,39.2816168546157],[-74.8250329227738,39.2816090373154],[-74.8250259304759,39.2816011350314],[-74.8250190513706,39.2815931459524],[-74.8250124975791,39.2815850712879],[-74.8250060568386,39.2815768792011],[-74.8249998360764,39.2815686324508],[-74.8249937248879,39.2815602682878],[-74.8249878349574,39.2815518755816],[-74.8249821647263,39.2815433678578],[-74.8249766043475,39.2815348030756],[-74.8249713762325,39.281526151788],[-74.8249662566817,39.2815174155202],[-74.8249613582431,39.281508619181],[-74.8249565696608,39.2814997666842],[-74.8249521123037,39.2814908538089],[-74.824947765708,39.2814818298234],[-74.8249436381682,39.2814728025241],[-74.8249408477235,39.2814661739776],[-74.8248052287788,39.2811462787628],[-74.8248013223995,39.2811371940893],[-74.8247970884009,39.2811281968081],[-74.8247927387574,39.281119256601],[-74.8247881713412,39.2811103458273],[-74.8247833455845,39.2811014646003],[-74.8247784845547,39.2810927258007],[-74.8247732549431,39.2810839889299],[-74.8247679158774,39.2810753946934],[-74.8247623590393,39.2810668298904],[-74.8247566866898,39.2810583509869],[-74.8247506852963,39.2810499018272],[-74.8247445756123,39.2810415961993],[-74.8247383550532,39.2810333764581],[-74.8247318032695,39.2810252161936],[-74.8247251418948,39.2810171688367],[-74.8247183708001,39.2810092064623],[-74.824711268352,39.2810012756394],[-74.8247040555531,39.2809935442048],[-74.8246967339481,39.2809858446018],[-74.8246891913434,39.28097822849],[-74.8246814280177,39.2809707562233],[-74.8246735563975,39.2809634265875],[-74.8246655737777,39.2809561558139],[-74.8246573703039,39.2809490000595],[-74.8246489471394,39.2809419602218],[-74.8246404143798,39.2809350323907],[-74.8246317708911,39.2809282219742],[-74.8246229077075,39.2809215265734],[-74.82461393738,39.2809149719985],[-74.8246048515498,39.2809085051244],[-74.8245955486007,39.2809022091095],[-74.8245861359442,39.2808960007792],[-74.8245766138382,39.2808899359834],[-74.8245668710112,39.2808840150323],[-74.8245571287096,39.2808782075822],[-74.8245471655457,39.2808725133491],[-74.8245370929404,39.2808669644522],[-74.8245269110143,39.2808615870147],[-74.8245166196384,39.2808563531115],[-74.8245061074167,39.2808512360285],[-74.8244955968668,39.2808462297407],[-74.8244849759865,39.2808414273445],[-74.8244742443475,39.2808367360568],[-74.8244681600863,39.2808341811724],[-74.8239526987279,39.2806192819661],[-74.8235291443013,39.2804426982195],[-74.8235223956663,39.2804398289438],[-74.8235156476607,39.2804368443611],[-74.8235090093735,39.2804337738955],[-74.8235024808007,39.2804306166459],[-74.8234960631096,39.2804273744109],[-74.8234896441233,39.2804241024522],[-74.823483225642,39.2804206881622],[-74.8234770640893,39.280417189382],[-74.8234708278182,39.2804135737025],[-74.823464738617,39.2804099287879],[-74.8234587219156,39.2804061701684],[-74.8234527826115,39.2804023545819],[-74.8234469111628,39.2803984235018],[-74.8234411520118,39.2803944632833],[-74.8234355047733,39.2803903901512],[-74.8234299627455,39.2803862590742],[-74.8234245337727,39.2803820114772],[-74.8234191046762,39.2803777368557],[-74.8234137876124,39.2803733754441],[-74.8234086857423,39.2803689278569],[-74.8234035872217,39.2803644523346],[-74.8233985982788,39.2803598603021],[-74.8233937193237,39.2803552409394],[-74.8233889499589,39.2803505077689],[-74.8233842908303,39.2803458013166],[-74.8233797423102,39.2803409504258],[-74.8233753036411,39.2803360424782],[-74.8233708648484,39.2803311075062],[-74.823366647169,39.2803261133668],[-74.8233625381856,39.2803210630745],[-74.823358540084,39.2803159277971],[-74.823354652976,39.2803107318565],[-74.8233508746924,39.2803055076882],[-74.8233472097411,39.2803002273542],[-74.8233437603685,39.2802949446198],[-74.8233403127969,39.2802895492779],[-74.8233369765004,39.2802841545278],[-74.8233338217678,39.2802786700922],[-74.823330853662,39.2802731887417],[-74.8233278468933,39.2802676174165],[-74.8233250638373,39.2802620481725],[-74.8233223883139,39.2802564218782],[-74.823319820315,39.280250736732],[-74.8233174761612,39.2802450824929],[-74.8233151317261,39.2802393669989],[-74.8233130073938,39.2802336247699],[-74.8233109941996,39.280227853406],[-74.8233090896847,39.2802220222863],[-74.8233073346977,39.280216192553],[-74.8233056133239,39.2802103627263],[-74.8233041513202,39.2802044754279],[-74.8233027992954,39.2801985589978],[-74.8233015576511,39.2801927008145],[-74.823300426739,39.2801867252173],[-74.8232994062032,39.280180806966],[-74.8232986057699,39.2801748619798],[-74.8232979153028,39.2801688851596],[-74.8232973362469,39.2801629386579],[-74.823296832257,39.2801569324937],[-74.8232966193289,39.2801509552485],[-74.8232963703415,39.2801449501779],[-74.8232963427313,39.2801389435919],[-74.8232964255054,39.2801329961534],[-74.8232966946073,39.2801269869419],[-74.8232970333978,39.2801210090656],[-74.8232975578994,39.2801150874253],[-74.8232981931492,39.2801090519743],[-74.8232989378644,39.2801031279209],[-74.8232999049995,39.2800971771261],[-74.8233008732853,39.2800912245266],[-74.8233020584524,39.2800853010519],[-74.8233033560484,39.280079377265],[-74.8233047640119,39.2800735090224],[-74.8233063934928,39.2800676698918],[-74.8233080227126,39.2800617740103],[-74.8233098749939,39.2800559910126],[-74.8233118326253,39.2800501806978],[-74.8233139041014,39.2800444259177],[-74.8233161957989,39.280038670526],[-74.8233168511633,39.2800370111989],[-74.8234321291982,39.2797528816385],[-74.8234327833898,39.2797512205123],[-74.8234366027054,39.2797414279068],[-74.8234408557375,39.2797299198374],[-74.8234448522107,39.2797183242001],[-74.8234485496583,39.2797067320957],[-74.823452067049,39.279695053112],[-74.8234553245407,39.2796833162967],[-74.823458251576,39.2796715533748],[-74.8234608469835,39.2796597616469],[-74.8234633320312,39.2796479161764],[-74.8234654855675,39.2796360671226],[-74.8234673073645,39.2796241649411],[-74.8234689088038,39.2796122336446],[-74.8234702888629,39.2796003029631],[-74.823471338591,39.2795883731992],[-74.8234721668066,39.2795764152244],[-74.8234726635407,39.2795644599721],[-74.8234729399093,39.2795524738032],[-74.8234730320005,39.2795404908487],[-74.8234727182862,39.2795284792944],[-74.8234722217025,39.2795165249997],[-74.8234713946602,39.2795045436976],[-74.823470345341,39.2794926197646],[-74.8234690038165,39.2794806696186],[-74.8234673681456,39.2794687752397],[-74.8234654344704,39.2794568537632],[-74.8234632821284,39.2794450184719],[-74.8234609095713,39.2794331846931],[-74.8234582055219,39.2794213509343],[-74.8234552804923,39.2794096042678],[-74.8234521353763,39.2793978870388],[-74.8234486589011,39.2793861986556],[-74.823444852495,39.2793745976673],[-74.8234409349538,39.2793630258138],[-74.8234366863064,39.2793515377552],[-74.8234348987409,39.2793469386327],[-74.8232676612679,39.278918872441],[-74.8230940089017,39.2784879357471],[-74.8230893191855,39.2784765389798],[-74.8230842995303,39.2784652269038],[-74.8230790586248,39.2784539424662],[-74.8230735981703,39.2784428036693],[-74.823067806105,39.2784316378668],[-74.8230617944702,39.278420613201],[-74.8230555617387,39.2784096495032],[-74.8230491080099,39.2783987683927],[-74.8230423243635,39.2783879764774],[-74.8230354301013,39.2783773262972],[-74.8230282428784,39.2783667363834],[-74.8230249450061,39.2783621117165],[-74.822366495649,39.2774559355219],[-74.8223394936988,39.2774187739896],[-74.8223234997434,39.2773774490198]]}},{"type":"Feature","id":126407,"properties":{"OBJECTID":126407,"PRIMENAME":"Unnamed Segment","ELEVTYP_F":0,"ELEVTYP_T":0},"geometry":{"type":"LineString","coordinates":[[-74.8383011576723,39.23523557879],[-74.8375048026817,39.2347858419352]]}},{"type":"Feature","id":127701,"properties":{"OBJECTID":127701,"PRIMENAME":"Ocean Drive","ELEVTYP_F":0,"ELEVTYP_T":0},"geometry":{"type":"LineString","coordinates":[[-74.8068896147867,39.2351849345152],[-74.8065356140655,39.2349819348688]]}},{"type":"Feature","id":128062,"properties":{"OBJECTID":128062,"PRIMENAME":"Deerfield Trail","ELEVTYP_F":0,"ELEVTYP_T":0},"geometry":{"type":"LineString","coordinates":[[-74.7437545300217,39.2771558448898],[-74.7432924026076,39.2774592232397],[-74.7427800934261,39.2778000470091],[-74.741636797865,39.278544561836],[-74.7404543733307,39.27933309181],[-74.7403369330243,39.2794114083905]]}},{"type":"Feature","id":128221,"properties":{"OBJECTID":128221,"PRIMENAME":"Maple Street","ELEVTYP_F":0,"ELEVTYP_T":0},"geometry":{"type":"LineString","coordinates":[[-74.7516212820572,39.1771915378899],[-74.7519780993971,39.1760515808551],[-74.7521240077281,39.1755884676981]]}},{"type":"Feature","id":128459,"properties":{"OBJECTID":128459,"PRIMENAME":"Unnamed Segment","ELEVTYP_F":0,"ELEVTYP_T":0},"geometry":{"type":"LineString","coordinates":[[-74.7328952444841,39.1810192128398],[-74.7332606085528,39.1808478105277],[-74.7333130551304,39.180826884504]]}},{"type":"Feature","id":128690,"properties":{"OBJECTID":128690,"PRIMENAME":"North Delsea Drive","ELEVTYP_F":0,"ELEVTYP_T":0},"geometry":{"type":"LineString","coordinates":[[-74.8434772790764,39.1953086969545],[-74.8435944879237,39.1953712834825],[-74.8437945920105,39.1955006490166],[-74.8439948191773,39.1956408598559],[-74.8442275110054,39.1958026385412],[-74.844441661679,39.195953625555],[-74.8446511013611,39.1960865860474],[-74.8448185693557,39.1961799671226],[-74.8450279047677,39.1962839880175],[-74.8451303141716,39.1963359086234],[-74.8456044853457,39.1965711038119],[-74.8460975108948,39.1968150818124],[-74.847664722783,39.1975974273287],[-74.8485494424505,39.1980317962288]]}},{"type":"Feature","id":128752,"properties":{"OBJECTID":128752,"PRIMENAME":"Unnamed Segment","ELEVTYP_F":0,"ELEVTYP_T":0},"geometry":{"type":"LineString","coordinates":[[-74.7540384981091,39.1916926759222],[-74.7538246118748,39.1920489480782]]}},{"type":"Feature","id":129059,"properties":{"OBJECTID":129059,"PRIMENAME":"Unnamed Segment","ELEVTYP_F":0,"ELEVTYP_T":0},"geometry":{"type":"LineString","coordinates":[[-74.7741005287035,39.1562491437953],[-74.7734998341451,39.1558923353995]]}},{"type":"Feature","id":129298,"properties":{"OBJECTID":129298,"PRIMENAME":"Unnamed Segment","ELEVTYP_F":0,"ELEVTYP_T":0},"geometry":{"type":"LineString","coordinates":[[-74.7298676033118,39.1976495477734],[-74.7299463454096,39.197688814665],[-74.7301338624168,39.1978901248111],[-74.7302210319261,39.1979428369227]]}},{"type":"Feature","id":129812,"properties":{"OBJECTID":129812,"PRIMENAME":"Unnamed Segment","ELEVTYP_F":0,"ELEVTYP_T":0},"geometry":{"type":"LineString","coordinates":[[-74.7393876673332,39.1882458384572],[-74.7392182378391,39.1882343764877],[-74.7390903411594,39.1882465858696],[-74.7389727200613,39.188270722709],[-74.7388858436724,39.1883067441719],[-74.7388346701446,39.1883068490777],[-74.7387732052284,39.1882910446892],[-74.7386962270965,39.1882274827645],[-74.737054674152,39.187052011443]]}},{"type":"Feature","id":130219,"properties":{"OBJECTID":130219,"PRIMENAME":"Head Of River Road","ELEVTYP_F":0,"ELEVTYP_T":0},"geometry":{"type":"LineString","coordinates":[[-74.8202763413125,39.306769788712],[-74.820323930904,39.3067198237854],[-74.820362527927,39.3066895970243],[-74.8203940801466,39.3066566718787],[-74.8204150148129,39.3066128481576],[-74.8204288296859,39.3065498782846],[-74.8204456541301,39.3064026396713],[-74.8204457198948,39.3064020593653],[-74.8204588456027,39.3061803632323],[-74.8204759462928,39.3060708454851],[-74.8205000778642,39.3059531262726],[-74.8205348282845,39.3058545156385],[-74.8205837427913,39.3057695664905],[-74.8206607343069,39.3056571380897],[-74.8207413362795,39.3055693559064],[-74.8208429996641,39.3054733055943],[-74.8209483050939,39.3053854551833],[-74.8210817513658,39.305292063624],[-74.8212081067461,39.3052014092347],[-74.8213872075505,39.3050832342336],[-74.8216330166511,39.3049156730446],[-74.8217875097226,39.3048112388816],[-74.8219068674654,39.3047287851768],[-74.8220507685762,39.3046189444279],[-74.8221840864178,39.30449817707],[-74.8224331771635,39.3042840374405],[-74.822583995611,39.304149547671],[-74.8226646700043,39.3040781831035],[-74.8227138038677,39.30403425287],[-74.8227689183843,39.3039996970372],[-74.8227888498357,39.3039918983672]]}},{"type":"Feature","id":131715,"properties":{"OBJECTID":131715,"PRIMENAME":"Lehner Road","ELEVTYP_F":0,"ELEVTYP_T":0},"geometry":{"type":"LineString","coordinates":[[-74.8963688085443,39.2341171021106],[-74.8966573012652,39.2340122765429],[-74.8968115194889,39.2339501375448],[-74.8969340499599,39.2338911817475],[-74.8970248416956,39.233832306083],[-74.8971156344409,39.2337611016538],[-74.8972535474333,39.2336311981512],[-74.8974228839517,39.2334456964532],[-74.8976199013406,39.2332416213921],[-74.8977615056009,39.2330531384408],[-74.8979659583642,39.2327658137688],[-74.898138689246,39.2324817005016],[-74.8983039115448,39.2322561239382],[-74.8984415742754,39.2320769339137],[-74.8985754049467,39.2319192838544],[-74.8986934889769,39.2317801931895],[-74.8988354352309,39.2316533493936],[-74.8989891749193,39.2315079584728],[-74.8992100112688,39.2313160998497],[-74.8994190180572,39.2311428149477],[-74.8996439289042,39.2309725496189],[-74.8998529868121,39.2308023121492],[-74.8999791310189,39.2306847735659],[-74.9001210213656,39.2305486751011],[-74.9002905373754,39.2303847496193],[-74.9004520376277,39.2302208514451],[-74.900633116015,39.2300106751644],[-74.900790521869,39.2298098063055],[-74.9009281393759,39.229624408556],[-74.9011244684219,39.2293093751588],[-74.9013285807862,39.2289665817842],[-74.9015208117703,39.2286269332363],[-74.9016696367421,39.2283212600437],[-74.901814505511,39.2280156561455],[-74.9019473369421,39.2276915870263],[-74.9021116216599,39.2273057953818],[-74.9022639194253,39.226916941534],[-74.9024439273445,39.2265156639286],[-74.9026589172921,39.2260032833394],[-74.902827113446,39.2256174761662],[-74.9029914060344,39.2252470863593],[-74.9031555557032,39.2248520132568],[-74.9033862442987,39.2243087965314],[-74.9037068733514,39.2235556867821],[-74.9039061904551,39.2230834726806],[-74.9041174184198,39.2226019365697],[-74.9044028581609,39.2219383204935],[-74.904696110373,39.2212592723743],[-74.9049658494165,39.2206234683073],[-74.9052434021783,39.2199722052085],[-74.9054976191006,39.2193949931237],[-74.9056540483534,39.2190369544059],[-74.9058924462533,39.2184659464104],[-74.9062637924776,39.217592471979],[-74.9063930022063,39.2173207984233],[-74.9065731235251,39.2169534512347],[-74.9065977717731,39.2169156079305],[-74.9066612558256,39.2168181357172]]}},{"type":"Feature","id":131746,"properties":{"OBJECTID":131746,"PRIMENAME":"Garden State Parkway","ELEVTYP_F":1,"ELEVTYP_T":0},"geometry":{"type":"LineString","coordinates":[[-74.730117148072,39.1722148233406],[-74.7301660916235,39.1721555011262],[-74.7302506839876,39.1720530151]]}},{"type":"Feature","id":131783,"properties":{"OBJECTID":131783,"PRIMENAME":"Unnamed Segment","ELEVTYP_F":0,"ELEVTYP_T":0},"geometry":{"type":"LineString","coordinates":[[-74.7740172397257,39.1554162065488],[-74.7746842284701,39.1558452628363],[-74.7746924672402,39.1558984001415],[-74.7746163678592,39.1559517353044],[-74.7744039898368,39.1560741839564],[-74.7743935916453,39.1560801783003]]}},{"type":"Feature","id":132098,"properties":{"OBJECTID":132098,"PRIMENAME":"Unnamed Segment","ELEVTYP_F":0,"ELEVTYP_T":0},"geometry":{"type":"LineString","coordinates":[[-74.8387417629613,39.2360470629631],[-74.8391132960401,39.2356942175077]]}},{"type":"Feature","id":132390,"properties":{"OBJECTID":132390,"PRIMENAME":"Unnamed Segment","ELEVTYP_F":0,"ELEVTYP_T":0},"geometry":{"type":"LineString","coordinates":[[-74.7693732563609,39.1477503805972],[-74.7693920574322,39.147969544088],[-74.7693993118798,39.1480540730087],[-74.7693858056131,39.148106749349],[-74.7693370733449,39.148160555675]]}},{"type":"Feature","id":132661,"properties":{"OBJECTID":132661,"PRIMENAME":"Sherman Avenue","ELEVTYP_F":0,"ELEVTYP_T":0},"geometry":{"type":"LineString","coordinates":[[-74.8089096160527,39.2318229334704],[-74.8095552013721,39.2321726636938],[-74.8097730385319,39.2322906703266],[-74.8097931095121,39.2323067624675],[-74.8102133026358,39.2326436515076],[-74.8102990830825,39.2327489413716]]}},{"type":"Feature","id":133262,"properties":{"OBJECTID":133262,"PRIMENAME":"Woodbine Boulevard","ELEVTYP_F":0,"ELEVTYP_T":0},"geometry":{"type":"LineString","coordinates":[[-74.7600462853485,39.1852781448183],[-74.7600591685359,39.1851766811493],[-74.7600978167235,39.1848722901263],[-74.7601623000221,39.1843907615435],[-74.760218417615,39.1840330290198],[-74.7603529410208,39.1833725127225],[-74.7604787818726,39.1827499074439],[-74.7606614727784,39.181979287355],[-74.7608487833711,39.1812567908869],[-74.7611715537029,39.1801316817822],[-74.7614817238499,39.1791888362483],[-74.7615218958392,39.1790717491359]]}},{"type":"Feature","id":133420,"properties":{"OBJECTID":133420,"PRIMENAME":"Unnamed Segment","ELEVTYP_F":0,"ELEVTYP_T":0},"geometry":{"type":"LineString","coordinates":[[-74.7523843284559,39.1658222980943],[-74.7523330651966,39.1660388597679],[-74.7520197375205,39.1663655961085]]}},{"type":"Feature","id":134068,"properties":{"OBJECTID":134068,"PRIMENAME":"Perry Road","ELEVTYP_F":0,"ELEVTYP_T":0},"geometry":{"type":"LineString","coordinates":[[-74.7359542130578,39.2534212690699],[-74.7360898604977,39.2532110839906],[-74.7363346847284,39.2528378558714],[-74.7367781037408,39.2522399533703],[-74.7369791121784,39.2519812293906],[-74.7371117953308,39.2518104484878],[-74.7376482374935,39.251113424552],[-74.7380832486245,39.2505418931276],[-74.7384043118448,39.2501421455864],[-74.7388140293273,39.2496234911198],[-74.739206890614,39.2491345231619],[-74.7392871413973,39.2490155781823],[-74.7393208873697,39.2489594414741],[-74.7393333961453,39.2489099379364],[-74.7393399901695,39.2488654713558]]}},{"type":"Feature","id":134234,"properties":{"OBJECTID":134234,"PRIMENAME":"West Rising Sun Drive","ELEVTYP_F":0,"ELEVTYP_T":0},"geometry":{"type":"LineString","coordinates":[[-74.7295072598176,39.1867616399336],[-74.7290837673822,39.1864750132194]]}},{"type":"Feature","id":134291,"properties":{"OBJECTID":134291,"PRIMENAME":"Wescott Road","ELEVTYP_F":0,"ELEVTYP_T":0},"geometry":{"type":"LineString","coordinates":[[-74.7666635324161,39.1694378438178],[-74.7676281872279,39.1682184380471],[-74.7681041883772,39.1676131675012],[-74.7690291748099,39.1664097390495],[-74.7694647953645,39.1658677903104],[-74.7699273892297,39.1652976884004],[-74.7705514612658,39.1644918442881],[-74.771069696911,39.1638486811922]]}},{"type":"Feature","id":134390,"properties":{"OBJECTID":134390,"PRIMENAME":"Fidler Road","ELEVTYP_F":0,"ELEVTYP_T":0},"geometry":{"type":"LineString","coordinates":[[-74.8088878212458,39.2175803086094],[-74.8085877674551,39.2180356568111],[-74.8081548285005,39.2186784805134],[-74.8077975877526,39.2192224212541],[-74.8073899406175,39.2198322534814],[-74.8070326451035,39.2203663071348],[-74.8065703543096,39.2210684549949],[-74.8063224510853,39.2214508458942],[-74.8062470050698,39.2216188632266],[-74.8062304623918,39.2217110542727],[-74.8062350132128,39.2217834193806],[-74.8062439038117,39.2218393266515]]}},{"type":"Feature","id":134504,"properties":{"OBJECTID":134504,"PRIMENAME":"Samson Road","ELEVTYP_F":0,"ELEVTYP_T":0},"geometry":{"type":"LineString","coordinates":[[-74.7668996577342,39.3088182507089],[-74.767230553791,39.3086137343223],[-74.7674866707925,39.3084554331248]]}},{"type":"Feature","id":134610,"properties":{"OBJECTID":134610,"PRIMENAME":"Webster Street","ELEVTYP_F":0,"ELEVTYP_T":0},"geometry":{"type":"LineString","coordinates":[[-74.8134400718738,39.2333152580913],[-74.8136905675848,39.2334588439338],[-74.8142080870883,39.2337557343642],[-74.8152092777852,39.2343300807589],[-74.8156568601022,39.2345846610469]]}},{"type":"Feature","id":134663,"properties":{"OBJECTID":134663,"PRIMENAME":"Unnamed Segment","ELEVTYP_F":0,"ELEVTYP_T":0},"geometry":{"type":"LineString","coordinates":[[-74.7306758907073,39.194221428419],[-74.7310105893603,39.1946699291871],[-74.7314772547797,39.1951111979964],[-74.7315541015831,39.195347817748],[-74.7312052645079,39.1956799930013],[-74.7311375178013,39.1958991417134],[-74.731292893647,39.196129836852]]}},{"type":"Feature","id":134696,"properties":{"OBJECTID":134696,"PRIMENAME":"Unnamed Segment","ELEVTYP_F":0,"ELEVTYP_T":0},"geometry":{"type":"LineString","coordinates":[[-74.7673833108474,39.149555884384],[-74.7676655083553,39.1488278080028]]}},{"type":"Feature","id":134941,"properties":{"OBJECTID":134941,"PRIMENAME":"Unnamed Segment","ELEVTYP_F":0,"ELEVTYP_T":0},"geometry":{"type":"LineString","coordinates":[[-74.7743935916453,39.1560801783003],[-74.7737369134925,39.1556793770998]]}},{"type":"Feature","id":135086,"properties":{"OBJECTID":135086,"PRIMENAME":"Unnamed Segment","ELEVTYP_F":0,"ELEVTYP_T":0},"geometry":{"type":"LineString","coordinates":[[-74.8001286177054,39.3057349502293],[-74.8001446180175,39.3056169480669],[-74.8001566187301,39.3055729483132],[-74.8001926177462,39.3055189497828],[-74.800578616964,39.3051939484436],[-74.8006446178745,39.3051609495947],[-74.8007146175022,39.3051449486821],[-74.8013366181512,39.3051399470352],[-74.8013066167783,39.3056519492439]]}},{"type":"Feature","id":135527,"properties":{"OBJECTID":135527,"PRIMENAME":"Unnamed Segment","ELEVTYP_F":0,"ELEVTYP_T":0},"geometry":{"type":"LineString","coordinates":[[-74.7675801413997,39.1757924344523],[-74.7675999307977,39.1754427338941],[-74.7676305762442,39.1753483279311]]}},{"type":"Feature","id":136059,"properties":{"OBJECTID":136059,"PRIMENAME":"Unnamed Segment","ELEVTYP_F":0,"ELEVTYP_T":0},"geometry":{"type":"LineString","coordinates":[[-74.8433609841962,39.1980834799699],[-74.8426269232026,39.1974617169132],[-74.8424030594703,39.1975045871012],[-74.8422547865491,39.1975710933561]]}},{"type":"Feature","id":136517,"properties":{"OBJECTID":136517,"PRIMENAME":"Poplar Street","ELEVTYP_F":0,"ELEVTYP_T":0},"geometry":{"type":"LineString","coordinates":[[-74.7983362951173,39.2406898014946],[-74.798353882221,39.2406793672221],[-74.7987691374291,39.2404330016187],[-74.7991854075389,39.2401404420764],[-74.7994543002485,39.2399181199815],[-74.7994540177928,39.2399176216501],[-74.7994171506022,39.2398526335612],[-74.7991044248065,39.2396260001327]]}},{"type":"Feature","id":136777,"properties":{"OBJECTID":136777,"PRIMENAME":"Unnamed Segment","ELEVTYP_F":0,"ELEVTYP_T":0},"geometry":{"type":"LineString","coordinates":[[-74.7492408024304,39.192319091044],[-74.7488831788046,39.1919375190203],[-74.7485872869903,39.1916617342553]]}},{"type":"Feature","id":136848,"properties":{"OBJECTID":136848,"PRIMENAME":"Unnamed Segment","ELEVTYP_F":0,"ELEVTYP_T":0},"geometry":{"type":"LineString","coordinates":[[-74.7401549112554,39.1882842224386],[-74.7373695160889,39.1863265522991]]}},{"type":"Feature","id":137059,"properties":{"OBJECTID":137059,"PRIMENAME":"Unnamed Segment","ELEVTYP_F":0,"ELEVTYP_T":0},"geometry":{"type":"LineString","coordinates":[[-74.7701840181533,39.1510736317356],[-74.769500821183,39.1509184673598],[-74.7680266829968,39.1505677510123],[-74.7679663412763,39.1505397493189],[-74.7679481086244,39.150497577866],[-74.7679627149556,39.1503779424323],[-74.7680270481707,39.1500924389422]]}},{"type":"Feature","id":137098,"properties":{"OBJECTID":137098,"PRIMENAME":"FR CO 610 SB TO CO 550 WB","ELEVTYP_F":0,"ELEVTYP_T":0},"geometry":{"type":"LineString","coordinates":[[-74.7787241382548,39.2216144383016],[-74.7789518321571,39.221430396202],[-74.7790354525405,39.2213490591577],[-74.7790558149411,39.2213298722669],[-74.779086365601,39.2213075594094],[-74.7791210533786,39.2212868004703],[-74.7791557663679,39.2212724121237],[-74.7791945805825,39.2212595786774],[-74.7792354538754,39.2212499535397],[-74.7792742700226,39.2212466751563],[-74.7793274882932,39.2212433622264],[-74.7793785852169,39.221248017689],[-74.7794399500492,39.2212605830012],[-74.7795075648446,39.2212826883789],[-74.7796899302837,39.221364980105],[-74.7800309689146,39.2215101239101]]}},{"type":"Feature","id":137148,"properties":{"OBJECTID":137148,"PRIMENAME":"Unnamed Segment","ELEVTYP_F":0,"ELEVTYP_T":0},"geometry":{"type":"LineString","coordinates":[[-74.7737280379926,39.1565020974986],[-74.7733504912497,39.1567833247901],[-74.7730820269727,39.1569434225073],[-74.7729148599942,39.1570431126868],[-74.7727893572874,39.1570754358507],[-74.772721058079,39.1570693420721],[-74.7726204851893,39.1570258020025],[-74.7723829076153,39.1568922216606]]}},{"type":"Feature","id":137240,"properties":{"OBJECTID":137240,"PRIMENAME":"Unnamed Segment","ELEVTYP_F":0,"ELEVTYP_T":0},"geometry":{"type":"LineString","coordinates":[[-74.7601383787618,39.1725633149406],[-74.7601303476593,39.1723894695417],[-74.7601739111642,39.1722205221123],[-74.7601737844261,39.1721861284401],[-74.7601616413209,39.1721611393085],[-74.7601219145345,39.1721391610919],[-74.760041027291,39.1721332681794],[-74.7595829636081,39.1720998937043],[-74.7590766244081,39.172047864836],[-74.7587070308032,39.1719974877792],[-74.758140308265,39.1719530108764],[-74.7575978538814,39.1719104350915],[-74.75691137215,39.1718437959495]]}},{"type":"Feature","id":137542,"properties":{"OBJECTID":137542,"PRIMENAME":"Pacific Avenue","ELEVTYP_F":0,"ELEVTYP_T":0},"geometry":{"type":"LineString","coordinates":[[-74.7991104649729,39.238998367457],[-74.7987683542386,39.238797676665],[-74.7987200979491,39.2387698838363]]}},{"type":"Feature","id":137837,"properties":{"OBJECTID":137837,"PRIMENAME":"Franklin Street","ELEVTYP_F":0,"ELEVTYP_T":0},"geometry":{"type":"LineString","coordinates":[[-74.8204598899023,39.2418740413302],[-74.8193803121322,39.2412538931878]]}},{"type":"Feature","id":137968,"properties":{"OBJECTID":137968,"PRIMENAME":"Atlantic Boulevard","ELEVTYP_F":0,"ELEVTYP_T":0},"geometry":{"type":"LineString","coordinates":[[-74.7968416123088,39.2392129364378],[-74.7971234981916,39.2395096578321]]}},{"type":"Feature","id":138048,"properties":{"OBJECTID":138048,"PRIMENAME":"Unnamed Segment","ELEVTYP_F":0,"ELEVTYP_T":0},"geometry":{"type":"LineString","coordinates":[[-74.843954113938,39.2016639967868],[-74.843753469804,39.2016555401185],[-74.8435203918573,39.2015934414691],[-74.8433646435665,39.2014779879631],[-74.8433626749575,39.2014771974303]]}},{"type":"Feature","id":138429,"properties":{"OBJECTID":138429,"PRIMENAME":"Upper Bridge Road","ELEVTYP_F":0,"ELEVTYP_T":0},"geometry":{"type":"LineString","coordinates":[[-74.734299440078,39.2589183527314],[-74.7343292447618,39.2590021738819],[-74.7343692951488,39.2590762833416],[-74.7344690908864,39.2591781404024],[-74.7347681318619,39.2594217693105],[-74.7351110780359,39.2597086087052],[-74.73541367045,39.2599515531413],[-74.7358408868117,39.2602945520847],[-74.7360003662082,39.2604148483976],[-74.7360203240334,39.2604364439338],[-74.7360323651363,39.2604673357971],[-74.7360324376966,39.2604889725328],[-74.7360268597429,39.2604977011081]]}},{"type":"Feature","id":139128,"properties":{"OBJECTID":139128,"PRIMENAME":"Unnamed Segment","ELEVTYP_F":0,"ELEVTYP_T":0},"geometry":{"type":"LineString","coordinates":[[-74.7699300494383,39.1467193729498],[-74.7693101559704,39.1465921254572]]}},{"type":"Feature","id":139137,"properties":{"OBJECTID":139137,"PRIMENAME":"Unnamed Segment","ELEVTYP_F":0,"ELEVTYP_T":0},"geometry":{"type":"LineString","coordinates":[[-74.8391132960401,39.2356942175077],[-74.8392082094632,39.23570184048],[-74.8393017296591,39.2356780096952],[-74.8394580001712,39.2355319178604],[-74.839471550466,39.2355235015898]]}},{"type":"Feature","id":139146,"properties":{"OBJECTID":139146,"PRIMENAME":"Unnamed Segment","ELEVTYP_F":0,"ELEVTYP_T":0},"geometry":{"type":"LineString","coordinates":[[-74.8073956156356,39.228254933465],[-74.8075006173608,39.2282229327808],[-74.8075956162891,39.2282309326386],[-74.8076706157358,39.2282579323512],[-74.807740615375,39.228292932862],[-74.8083533862703,39.2286369823938],[-74.8085180398609,39.2287294289275]]}},{"type":"Feature","id":139507,"properties":{"OBJECTID":139507,"PRIMENAME":"Unnamed Segment","ELEVTYP_F":0,"ELEVTYP_T":0},"geometry":{"type":"LineString","coordinates":[[-74.728932222462,39.1884889286805],[-74.7289354417604,39.1885942092311],[-74.7289531438355,39.1887263449362],[-74.7289821169844,39.1887845323774],[-74.7290629804622,39.1888650188691],[-74.7291495509747,39.1889298132484],[-74.7292880147591,39.18901914689],[-74.7294929038462,39.189151335585],[-74.7297091088343,39.1892692152693],[-74.7300259405516,39.1895132488132]]}},{"type":"Feature","id":139644,"properties":{"OBJECTID":139644,"PRIMENAME":"Unnamed Segment","ELEVTYP_F":0,"ELEVTYP_T":0},"geometry":{"type":"LineString","coordinates":[[-74.7374501735495,39.1999417899886],[-74.7375053920687,39.1989378521315],[-74.7375403047317,39.1985458392541]]}},{"type":"Feature","id":139736,"properties":{"OBJECTID":139736,"PRIMENAME":"Unnamed Segment","ELEVTYP_F":0,"ELEVTYP_T":0},"geometry":{"type":"LineString","coordinates":[[-74.7416695510043,39.1874945448668],[-74.741238512802,39.1871519461407],[-74.7411548840528,39.1870854763888],[-74.7410808556165,39.1870266357024],[-74.7410230633205,39.1870000617218],[-74.7409885628014,39.1869841991142],[-74.7409385833845,39.186988288668],[-74.7408846034345,39.1869927062673],[-74.7407890025419,39.1870184668624],[-74.7405437126524,39.1871205282304]]}},{"type":"Feature","id":140682,"properties":{"OBJECTID":140682,"PRIMENAME":"Unnamed Segment","ELEVTYP_F":0,"ELEVTYP_T":0},"geometry":{"type":"LineString","coordinates":[[-74.7404988267179,39.2606483336367],[-74.7403936433876,39.2604941883824],[-74.7403254667897,39.2603496298013],[-74.7402319991488,39.260231434606],[-74.7401725737288,39.2601723631538],[-74.7388322727675,39.2591227700736],[-74.7387475356675,39.2590834814315],[-74.7387219553367,39.2590243398361],[-74.7387470671675,39.2589453608772],[-74.7406429610247,39.2567052181944],[-74.7409298337378,39.2564810017841],[-74.741149362997,39.2563555805893],[-74.7413690707337,39.2562827766519],[-74.7416733325785,39.2561966421331],[-74.7420029721662,39.2561104540877],[-74.7426199957047,39.2559513170692],[-74.7436763348406,39.2556202540453],[-74.7444961787976,39.2554014884738],[-74.7446737647822,39.2553813838658]]}},{"type":"Feature","id":140991,"properties":{"OBJECTID":140991,"PRIMENAME":"Stoney Court","ELEVTYP_F":0,"ELEVTYP_T":0},"geometry":{"type":"LineString","coordinates":[[-74.7422722423637,39.1939227056588],[-74.742456060118,39.1936803403947],[-74.7425938319206,39.1935008939708],[-74.7427604165764,39.1933270427852],[-74.7429563511521,39.1931823451056],[-74.7430662139178,39.193095817873],[-74.7431476208572,39.19302524694],[-74.74326581361,39.1928987780718],[-74.7433721760418,39.1927696430018],[-74.7434704782718,39.1926464557666]]}},{"type":"Feature","id":141096,"properties":{"OBJECTID":141096,"PRIMENAME":"Unnamed Segment","ELEVTYP_F":0,"ELEVTYP_T":0},"geometry":{"type":"LineString","coordinates":[[-74.7371923632653,39.1969835878937],[-74.7365640809053,39.1977507925523],[-74.7361775838461,39.1983767729878]]}},{"type":"Feature","id":141110,"properties":{"OBJECTID":141110,"PRIMENAME":"Unnamed Segment","ELEVTYP_F":0,"ELEVTYP_T":0},"geometry":{"type":"LineString","coordinates":[[-74.768466791174,39.1765208822723],[-74.7673192699466,39.1774474134197],[-74.7672550713421,39.1774684060244],[-74.7671586386751,39.1774644589868],[-74.7670673911929,39.1774146384222],[-74.7664873414138,39.1770032249241],[-74.7661789381332,39.1767844789201],[-74.7658533417209,39.1764877021482],[-74.7655040817008,39.1761966608427],[-74.7653063644416,39.1760318995971]]}},{"type":"Feature","id":141669,"properties":{"OBJECTID":141669,"PRIMENAME":"Furlong Road","ELEVTYP_F":0,"ELEVTYP_T":0},"geometry":{"type":"LineString","coordinates":[[-74.7593722172685,39.1756149269736],[-74.7592968144067,39.1755718771557],[-74.7592342336561,39.175533136292],[-74.7591632594641,39.1754857921563],[-74.7591011813719,39.1754398569232],[-74.7590541959293,39.1754022893059],[-74.7589994012419,39.1753610879365],[-74.7589602842673,39.1753429428432],[-74.758921224189,39.1753308386198],[-74.7588649633211,39.1753224786373],[-74.7588087816806,39.1753262554217],[-74.758746391766,39.1753397659903],[-74.7586902421923,39.1753617746763],[-74.7586565048385,39.1753869450709],[-74.7586280215106,39.1754214950151],[-74.7586031490831,39.1754591952715],[-74.7585942455795,39.1754841736056],[-74.7585924182256,39.1755053752439],[-74.7585941517915,39.1755454586198],[-74.7586083039539,39.1755855702873],[-74.7586329688739,39.1756257964483],[-74.7586532248319,39.1756472229252],[-74.7586740003076,39.1756657655687],[-74.7586979382417,39.1756809789027],[-74.7587227077221,39.1756922366144],[-74.7587711213998,39.1757055002281],[-74.7588195464157,39.175712696663],[-74.7588663938039,39.1757125926006],[-74.7589116612352,39.1757051880481],[-74.7589575397735,39.1756911654764],[-74.7590078676831,39.1756687579205],[-74.7590529010212,39.1756455117238],[-74.7590868045898,39.1756268475876],[-74.7591236549373,39.1756135855108],[-74.7591657822809,39.1756061608171],[-74.7592001330943,39.1756037233209],[-74.7592516451085,39.1756059698202],[-74.7593722172685,39.1756149269736]]}},{"type":"Feature","id":142291,"properties":{"OBJECTID":142291,"PRIMENAME":"Unnamed Segment","ELEVTYP_F":0,"ELEVTYP_T":0},"geometry":{"type":"LineString","coordinates":[[-74.773413720345,39.1510408195346],[-74.7735590435165,39.1511050264157],[-74.7738644036735,39.1512098408846]]}},{"type":"Feature","id":142399,"properties":{"OBJECTID":142399,"PRIMENAME":"Unnamed Segment","ELEVTYP_F":0,"ELEVTYP_T":0},"geometry":{"type":"LineString","coordinates":[[-74.7374501735495,39.1999417899886],[-74.7380031081895,39.199954616562]]}},{"type":"Feature","id":142847,"properties":{"OBJECTID":142847,"PRIMENAME":"Unnamed Segment","ELEVTYP_F":0,"ELEVTYP_T":0},"geometry":{"type":"LineString","coordinates":[[-74.7715168493842,39.1483098237127],[-74.7716104696377,39.1483297970145],[-74.7716862483977,39.1483459625408],[-74.7717868913834,39.1483909437774],[-74.7718363558889,39.1484383081166]]}},{"type":"Feature","id":142877,"properties":{"OBJECTID":142877,"PRIMENAME":"Unnamed Segment","ELEVTYP_F":0,"ELEVTYP_T":0},"geometry":{"type":"LineString","coordinates":[[-74.7486506546132,39.1924567553497],[-74.7487037616575,39.192542247355],[-74.7488353225037,39.1926675454151],[-74.7489363486202,39.1927144225084],[-74.7491835830799,39.1927492130146],[-74.7493603106982,39.1928116230437],[-74.7496453645704,39.1929353349131],[-74.749892927828,39.1930600237264]]}},{"type":"Feature","id":143750,"properties":{"OBJECTID":143750,"PRIMENAME":"Unnamed Segment","ELEVTYP_F":0,"ELEVTYP_T":0},"geometry":{"type":"LineString","coordinates":[[-74.7308041518352,39.1978291493151],[-74.7311472135587,39.1980801746631],[-74.7311877723733,39.1981098532195]]}},{"type":"Feature","id":143798,"properties":{"OBJECTID":143798,"PRIMENAME":"Unnamed Segment","ELEVTYP_F":0,"ELEVTYP_T":0},"geometry":{"type":"LineString","coordinates":[[-74.7740172397257,39.1554162065488],[-74.7737369134925,39.1556793770998]]}},{"type":"Feature","id":143854,"properties":{"OBJECTID":143854,"PRIMENAME":"Unnamed Segment","ELEVTYP_F":0,"ELEVTYP_T":0},"geometry":{"type":"LineString","coordinates":[[-74.7330275552355,39.2630442381484],[-74.7308549117184,39.2629140291659]]}},{"type":"Feature","id":144005,"properties":{"OBJECTID":144005,"PRIMENAME":"Unnamed Segment","ELEVTYP_F":0,"ELEVTYP_T":0},"geometry":{"type":"LineString","coordinates":[[-74.7634817573783,39.1492346226957],[-74.7636011148106,39.149245597996],[-74.7644280883269,39.1493216347719],[-74.7647112577436,39.1493374061838],[-74.7649943645709,39.1493367628365],[-74.7653046661144,39.14935950938],[-74.7661366257326,39.1495452216147],[-74.7671228980866,39.1497653746893],[-74.767422859859,39.1498323282063],[-74.7675866923636,39.1499100883608],[-74.767680368769,39.1499919533127],[-74.767834203439,39.1500525723685],[-74.7680270481707,39.1500924389422]]}},{"type":"Feature","id":144255,"properties":{"OBJECTID":144255,"PRIMENAME":"Unnamed Segment","ELEVTYP_F":0,"ELEVTYP_T":0},"geometry":{"type":"LineString","coordinates":[[-74.7311877723733,39.1981098532195],[-74.7313230990249,39.1982088744642],[-74.731500281564,39.1982344953683],[-74.7317322807392,39.198212927636],[-74.7319701692345,39.1981491364681],[-74.7320694573083,39.1980973453148],[-74.7321053853941,39.1980245755938],[-74.7320931602775,39.1979730074197],[-74.7320719705345,39.1979449093965],[-74.7320296913713,39.1979191973395],[-74.7319633169737,39.1978982229803],[-74.7318708724481,39.1978690100999],[-74.7317913798744,39.1978540063484],[-74.7317100434214,39.1978658942844],[-74.7316559501621,39.1979129046416],[-74.731598777055,39.1979411603398],[-74.7315054632341,39.1979765224353],[-74.7314512354679,39.1979836647819],[-74.7313880078214,39.1980025520261],[-74.7311877723733,39.1981098532195]]}},{"type":"Feature","id":144517,"properties":{"OBJECTID":144517,"PRIMENAME":"State Highway 50","ELEVTYP_F":0,"ELEVTYP_T":0},"geometry":{"type":"LineString","coordinates":[[-74.7598576725091,39.3067584930431],[-74.7602405696437,39.3070542278647],[-74.7605647604349,39.3073101704512],[-74.76074287189,39.3074394774738],[-74.7613876966934,39.3079430469404],[-74.7614268276267,39.3079732715323]]}},{"type":"Feature","id":144651,"properties":{"OBJECTID":144651,"PRIMENAME":"Siskin Lane","ELEVTYP_F":0,"ELEVTYP_T":0},"geometry":{"type":"LineString","coordinates":[[-74.7557652513817,39.1762917383265],[-74.7556599752952,39.1766201971878],[-74.755515958109,39.1770931395445]]}},{"type":"Feature","id":144865,"properties":{"OBJECTID":144865,"PRIMENAME":"Unnamed Segment","ELEVTYP_F":0,"ELEVTYP_T":0},"geometry":{"type":"LineString","coordinates":[[-74.7693370733449,39.148160555675],[-74.7692868341003,39.1482160257112],[-74.7692225165153,39.1482870416209],[-74.7691699778693,39.1483745931455],[-74.7691409237554,39.1484555674302],[-74.7691299771991,39.1485470523407],[-74.7691504467725,39.1486604055736]]}},{"type":"Feature","id":145020,"properties":{"OBJECTID":145020,"PRIMENAME":"Unnamed Segment","ELEVTYP_F":0,"ELEVTYP_T":0},"geometry":{"type":"LineString","coordinates":[[-74.7701840181533,39.1510736317356],[-74.7701735408439,39.1511983250829],[-74.7701292326966,39.1514259061131],[-74.7701208154852,39.1515877408111],[-74.7701474757257,39.151628952804]]}},{"type":"Feature","id":145313,"properties":{"OBJECTID":145313,"PRIMENAME":"Unnamed Segment","ELEVTYP_F":0,"ELEVTYP_T":0},"geometry":{"type":"LineString","coordinates":[[-74.7597558061152,39.1731849008074],[-74.7594169920747,39.1732101430121],[-74.7591729810403,39.1732177215075],[-74.7590012347297,39.173213413605],[-74.7588083287834,39.1731903898168],[-74.7586231873644,39.1731682943555],[-74.7583771377333,39.173092850982],[-74.7582625649229,39.17306965528],[-74.7577140312744,39.173014586308],[-74.7573583422599,39.1729661236458],[-74.7567856886215,39.1729064147121]]}},{"type":"Feature","id":146261,"properties":{"OBJECTID":146261,"PRIMENAME":"State Highway 50","ELEVTYP_F":0,"ELEVTYP_T":0},"geometry":{"type":"LineString","coordinates":[[-74.7519526447167,39.2964240598033],[-74.7517796201163,39.2971539532835],[-74.7516395537462,39.2977098480222],[-74.7516218876672,39.2977876871209],[-74.7515950928295,39.2979057395248],[-74.7515612083748,39.2980549043631],[-74.7515411414999,39.2981649402497],[-74.7515272616708,39.2982560455957],[-74.7515169254897,39.298349915099],[-74.7515095680062,39.2984762607449],[-74.751513421032,39.298595278342],[-74.7515218370687,39.2987252138961],[-74.7515363886066,39.2988217762176],[-74.7515509204352,39.2989128201704],[-74.7515726051692,39.2990176311713],[-74.7516157070063,39.299152763339],[-74.7516703376504,39.2993000892545],[-74.7517446566523,39.2994588498849],[-74.7518126731757,39.2995939010695],[-74.7518876623508,39.2997123801032],[-74.7519840953906,39.2998584623631],[-74.752159077685,39.3001202699895],[-74.7523555098619,39.3004206623952],[-74.7526781898525,39.3009114321707],[-74.7528483584351,39.3011702395252],[-74.7529206408345,39.3012817775357]]}},{"type":"Feature","id":146314,"properties":{"OBJECTID":146314,"PRIMENAME":"Clermont Southseaville Road","ELEVTYP_F":0,"ELEVTYP_T":0},"geometry":{"type":"LineString","coordinates":[[-74.7606437192556,39.1784899426443],[-74.7605332967495,39.1788810199658]]}},{"type":"Feature","id":146508,"properties":{"OBJECTID":146508,"PRIMENAME":"Unnamed Segment","ELEVTYP_F":0,"ELEVTYP_T":0},"geometry":{"type":"LineString","coordinates":[[-74.7395615579627,39.2014219150203],[-74.739593355221,39.2017289489074],[-74.7396176170579,39.2032571263167]]}},{"type":"Feature","id":146597,"properties":{"OBJECTID":146597,"PRIMENAME":"Alexandria Way","ELEVTYP_F":0,"ELEVTYP_T":0},"geometry":{"type":"LineString","coordinates":[[-74.7458003518208,39.1655880893924],[-74.7459684320853,39.1656926229444],[-74.7461381874971,39.165771974287],[-74.7465095034557,39.1659470825791],[-74.747146007211,39.1662370600677],[-74.7472601371762,39.1662946436631]]}},{"type":"Feature","id":146927,"properties":{"OBJECTID":146927,"PRIMENAME":"Unnamed Segment","ELEVTYP_F":0,"ELEVTYP_T":0},"geometry":{"type":"LineString","coordinates":[[-74.7669436907992,39.1494686638121],[-74.7673833108474,39.149555884384]]}},{"type":"Feature","id":146947,"properties":{"OBJECTID":146947,"PRIMENAME":"Unnamed Segment","ELEVTYP_F":0,"ELEVTYP_T":0},"geometry":{"type":"LineString","coordinates":[[-74.7375403047317,39.1985458392541],[-74.7379909196815,39.1986017433162]]}},{"type":"Feature","id":147223,"properties":{"OBJECTID":147223,"PRIMENAME":"Unnamed Segment","ELEVTYP_F":0,"ELEVTYP_T":0},"geometry":{"type":"LineString","coordinates":[[-74.7485872869903,39.1916617342553],[-74.7482930656016,39.1919152311519],[-74.7482328823275,39.1920095433917],[-74.7482275779626,39.1920470257862],[-74.7482837272838,39.1921271641574],[-74.7483496173979,39.1922212086324],[-74.7484861920033,39.1923386483421],[-74.7486428984252,39.1924442701277],[-74.7486506546132,39.1924567553497]]}},{"type":"Feature","id":147226,"properties":{"OBJECTID":147226,"PRIMENAME":"Blue Heron Drive","ELEVTYP_F":0,"ELEVTYP_T":0},"geometry":{"type":"LineString","coordinates":[[-74.7784543761887,39.1689492537036],[-74.7769115281532,39.1685620442197],[-74.7764100226672,39.168419219784],[-74.7757638079264,39.1681713539586],[-74.7753916756801,39.1680343139714]]}},{"type":"Feature","id":147246,"properties":{"OBJECTID":147246,"PRIMENAME":"Unnamed Segment","ELEVTYP_F":0,"ELEVTYP_T":0},"geometry":{"type":"LineString","coordinates":[[-74.8439198576858,39.2000658586681],[-74.8433824112823,39.2000587932465]]}},{"type":"Feature","id":147345,"properties":{"OBJECTID":147345,"PRIMENAME":"Unnamed Segment","ELEVTYP_F":0,"ELEVTYP_T":0},"geometry":{"type":"LineString","coordinates":[[-74.7738644036735,39.1512098408846],[-74.7741820010914,39.1505064335138]]}},{"type":"Feature","id":147359,"properties":{"OBJECTID":147359,"PRIMENAME":"Franks Road","ELEVTYP_F":0,"ELEVTYP_T":0},"geometry":{"type":"LineString","coordinates":[[-74.8522364120142,39.2392857390191],[-74.8521819318553,39.2393498452221],[-74.8520859934504,39.2394545273741],[-74.8519817839517,39.2395787291942],[-74.8518524804344,39.2397193711132],[-74.8517524738943,39.2398370524678],[-74.8516274499829,39.2400004711772],[-74.8515442281863,39.2401279044519],[-74.8514693907008,39.2402585787557],[-74.8513737738938,39.240428416],[-74.8512573823377,39.2406309617069],[-74.8511493096279,39.2408236803372],[-74.8510411517001,39.2410066242689],[-74.850949559109,39.2411340544031],[-74.8508328403519,39.2412713899485],[-74.850686808328,39.2414218278515],[-74.8505616330556,39.2415558942652],[-74.8504072024036,39.2416933149504],[-74.8502862150401,39.2418175936156],[-74.8501694126342,39.2419385913796],[-74.8500943588061,39.2420268726095],[-74.8500068653959,39.2421412745492],[-74.8499278211566,39.2422719343425],[-74.8498488264457,39.2424058603209],[-74.8497616051777,39.2425822325775],[-74.8496953617464,39.2427454726199],[-74.8496083362214,39.2429544359954],[-74.8494963899718,39.2432221501837],[-74.8494223812603,39.2434227507269],[-74.8494012373313,39.2434800660546],[-74.8493808968663,39.2435295778283]]}},{"type":"Feature","id":147491,"properties":{"OBJECTID":147491,"PRIMENAME":"Unnamed Segment","ELEVTYP_F":0,"ELEVTYP_T":0},"geometry":{"type":"LineString","coordinates":[[-74.7710259606126,39.148541011191],[-74.7710273457849,39.1485338607017],[-74.7711038602416,39.1484598111278],[-74.771135234598,39.1483946623294],[-74.7711460435535,39.1482679988292],[-74.771135695101,39.1482200936848]]}},{"type":"Feature","id":147614,"properties":{"OBJECTID":147614,"PRIMENAME":"Unnamed Segment","ELEVTYP_F":0,"ELEVTYP_T":0},"geometry":{"type":"LineString","coordinates":[[-74.77185594138,39.1472567641057],[-74.7718535466583,39.1472215927649],[-74.7718399069365,39.1471987594411],[-74.7717764841143,39.1471531779749],[-74.7716881969875,39.1471023764113],[-74.7716203446022,39.1470796703227],[-74.7715096396301,39.1470728927005],[-74.7713763847335,39.1470767208289],[-74.7712791234994,39.1470417703225],[-74.771233423748,39.1470263633047]]}},{"type":"Feature","id":147981,"properties":{"OBJECTID":147981,"PRIMENAME":"Unnamed Segment","ELEVTYP_F":0,"ELEVTYP_T":0},"geometry":{"type":"LineString","coordinates":[[-74.7365533493564,39.1999434972169],[-74.7370325679341,39.1999425232403]]}},{"type":"Feature","id":148126,"properties":{"OBJECTID":148126,"PRIMENAME":"Narrows Road","ELEVTYP_F":0,"ELEVTYP_T":0},"geometry":{"type":"LineString","coordinates":[[-74.8392468569149,39.2902748994274],[-74.8391286773689,39.2902335097327],[-74.8390472675338,39.2902187004684],[-74.8389155078165,39.2902040377167],[-74.8387449144206,39.2901744135241],[-74.8386014576517,39.2901447380935],[-74.8384851450249,39.2901240439997],[-74.8383417316725,39.2901033465696],[-74.8382332147469,39.2900946284583],[-74.8381054002762,39.2900920071662],[-74.8378343248721,39.2901078403648],[-74.8372263699993,39.2901517493139],[-74.836997906207,39.290167457142],[-74.8367539451453,39.2901862297856],[-74.8366726079027,39.2901864650039],[-74.8366028953991,39.2901866665595],[-74.8365369907413,39.2901778506945],[-74.8364672061105,39.2901629789989],[-74.8363934769428,39.2901360639187],[-74.8361101863495,39.2900285371203],[-74.8355513670754,39.2898104377352],[-74.8353883129096,39.289738668267],[-74.8351242084034,39.2895858897737],[-74.8348639274496,39.2894271137463],[-74.8346775540403,39.2893403639827],[-74.8343476064295,39.2891908195181],[-74.8341212005405,39.2890850720595]]}},{"type":"Feature","id":148179,"properties":{"OBJECTID":148179,"PRIMENAME":"Upper Champion Road","ELEVTYP_F":0,"ELEVTYP_T":0},"geometry":{"type":"LineString","coordinates":[[-74.8599167343392,39.2670451599244],[-74.8608775227931,39.2676035219632],[-74.8618074747597,39.2681427212776],[-74.862542753709,39.2685746947411],[-74.8627733676862,39.2687372087864],[-74.8630718390963,39.268988828948],[-74.8631673753082,39.2690686229686],[-74.8632667538565,39.2691330017991],[-74.8633780205688,39.2691942410232],[-74.8634823389358,39.2692505869537]]}},{"type":"Feature","id":148572,"properties":{"OBJECTID":148572,"PRIMENAME":"Unnamed Segment","ELEVTYP_F":0,"ELEVTYP_T":0},"geometry":{"type":"LineString","coordinates":[[-74.8441484058561,39.202122675653],[-74.8441530574833,39.2021173749357],[-74.8443783539553,39.2017548138821],[-74.8444036946202,39.2016659278511]]}},{"type":"Feature","id":148613,"properties":{"OBJECTID":148613,"PRIMENAME":"Sumner Avenue","ELEVTYP_F":0,"ELEVTYP_T":0},"geometry":{"type":"LineString","coordinates":[[-74.8163153603491,39.2302931728515],[-74.8154840574382,39.2298190438339],[-74.8148598133128,39.2294620856414],[-74.8137969494599,39.2288549909972],[-74.8131568314624,39.2284888959344],[-74.8121927774472,39.2279305591761],[-74.8115053055756,39.2275338843596],[-74.8114750806853,39.2275165557896],[-74.8101856887283,39.2267772784351],[-74.8091861290551,39.2262097848277],[-74.8084828707323,39.2258039914085],[-74.8081865441958,39.2256331131051],[-74.8080956978745,39.2255812666487],[-74.8080364481514,39.2255538291821],[-74.8079732803912,39.2255264011431],[-74.8078668500658,39.2254867875133]]}},{"type":"Feature","id":148927,"properties":{"OBJECTID":148927,"PRIMENAME":"Franklin Street","ELEVTYP_F":0,"ELEVTYP_T":0},"geometry":{"type":"LineString","coordinates":[[-74.8161125732839,39.2393881114831],[-74.8151679912795,39.2388486380979],[-74.8150261504215,39.2387679402886]]}},{"type":"Feature","id":148961,"properties":{"OBJECTID":148961,"PRIMENAME":"State Highway 83","ELEVTYP_F":0,"ELEVTYP_T":0},"geometry":{"type":"LineString","coordinates":[[-74.8106952980979,39.1729787804456],[-74.8104998186393,39.1727255395629],[-74.8104371023194,39.1726378147831],[-74.8101907287149,39.1723137302549],[-74.8099443453992,39.1719866526328],[-74.8096864253141,39.1716506814445],[-74.8094939528089,39.1713979523999],[-74.8092783407239,39.1711124994023],[-74.8091165493151,39.1709057066],[-74.8090935558827,39.1708746581076],[-74.8089896917774,39.170749782157],[-74.8088974093909,39.1706517284438],[-74.8088197489535,39.1705659926803]]}},{"type":"Feature","id":149014,"properties":{"OBJECTID":149014,"PRIMENAME":"Hoffman Drive","ELEVTYP_F":0,"ELEVTYP_T":0},"geometry":{"type":"LineString","coordinates":[[-74.8154239228622,39.1713431441087],[-74.8154104157425,39.1713754432165],[-74.8152652868953,39.1716574679594],[-74.8151202001758,39.1719730458383],[-74.8150394108847,39.1722079437929],[-74.8149714720706,39.1724294079144],[-74.8149212309758,39.1727514006995],[-74.81483546274,39.1733966652242]]}},{"type":"Feature","id":149072,"properties":{"OBJECTID":149072,"PRIMENAME":"Unnamed Segment","ELEVTYP_F":0,"ELEVTYP_T":0},"geometry":{"type":"LineString","coordinates":[[-74.7725273509874,39.1507004249603],[-74.7728267883255,39.1499538161334]]}},{"type":"Feature","id":149164,"properties":{"OBJECTID":149164,"PRIMENAME":"Henkensifkin Road","ELEVTYP_F":0,"ELEVTYP_T":0},"geometry":{"type":"LineString","coordinates":[[-74.8490505245112,39.2441476763172],[-74.849006426827,39.2441986509895],[-74.8488895177691,39.2443066056152],[-74.8487642916431,39.2444178532177],[-74.8485761712018,39.2445423301657],[-74.8483880376552,39.2446570329043],[-74.8481329388685,39.2448045264378],[-74.8478192010553,39.2449619973102],[-74.847522218252,39.2451161500538],[-74.8472502790957,39.245250649762],[-74.8470034348211,39.2453687655494],[-74.8466895635351,39.2455001486035],[-74.8463672392902,39.245621782007],[-74.8459193402831,39.2457926617606],[-74.845408743193,39.2460028791671],[-74.8449483964134,39.2461999033849],[-74.8446178721082,39.2463573594803],[-74.8443501405996,39.2464951351682],[-74.844149487678,39.2466229101841],[-74.8439697859632,39.2467603978203],[-74.8437985700207,39.2469076619945],[-74.8436147962602,39.2470647098795],[-74.843456122233,39.2471988944127],[-74.843268083286,39.2473364046415],[-74.8430757562125,39.2474706608084],[-74.8428500498882,39.2476180561476],[-74.8425365066865,39.2478276806898],[-74.8423149982576,39.2479815981172],[-74.8420810401489,39.2481681705189],[-74.8418137082315,39.2483906994916],[-74.8416675313588,39.2485182823878],[-74.8414462676048,39.2487309005146],[-74.8411792159902,39.2490121302728],[-74.84106366667,39.2491351203595]]}},{"type":"Feature","id":149189,"properties":{"OBJECTID":149189,"PRIMENAME":"Hagen Road","ELEVTYP_F":0,"ELEVTYP_T":0},"geometry":{"type":"LineString","coordinates":[[-74.7668075461043,39.1622565582597],[-74.7667681785965,39.1622362470951],[-74.7666368808839,39.1621270740869],[-74.7663596190381,39.1618824017072],[-74.7659413374174,39.1615210541442],[-74.7645308524804,39.1603089627291],[-74.7629745148975,39.1589650841163],[-74.7618446685191,39.15799562819]]}},{"type":"Feature","id":149257,"properties":{"OBJECTID":149257,"PRIMENAME":"Unnamed Segment","ELEVTYP_F":0,"ELEVTYP_T":0},"geometry":{"type":"LineString","coordinates":[[-74.7304920255249,39.1980414954931],[-74.7306800547729,39.1980977605548],[-74.7307948127969,39.1981678865682],[-74.7308644232436,39.1982568635927],[-74.7306499522928,39.1984159737662],[-74.7304935941884,39.1985704572159],[-74.7304813570255,39.1985825471856],[-74.7304216309865,39.1986415572982],[-74.7303754043088,39.1986946014941],[-74.7303015265997,39.1987793736294],[-74.7301855286163,39.1989453246523],[-74.7302095663753,39.1990026368134]]}},{"type":"Feature","id":149319,"properties":{"OBJECTID":149319,"PRIMENAME":"Dogwood Street","ELEVTYP_F":0,"ELEVTYP_T":0},"geometry":{"type":"LineString","coordinates":[[-74.7953075078958,39.2376570825725],[-74.7954978532464,39.2375414616147],[-74.7957026130814,39.2374049343074],[-74.7958106119051,39.2372769337141],[-74.7959207663973,39.2371796186955]]}},{"type":"Feature","id":149350,"properties":{"OBJECTID":149350,"PRIMENAME":"Madison Avenue","ELEVTYP_F":0,"ELEVTYP_T":0},"geometry":{"type":"LineString","coordinates":[[-74.8153395704446,39.2366757301668],[-74.8155875241171,39.2364141046039],[-74.8161028244551,39.2358703721039]]}},{"type":"Feature","id":149383,"properties":{"OBJECTID":149383,"PRIMENAME":"Indian Road","ELEVTYP_F":0,"ELEVTYP_T":0},"geometry":{"type":"LineString","coordinates":[[-74.8244156193101,39.2041979283878],[-74.824313619674,39.204464926793],[-74.8239666182893,39.2050109273483],[-74.8239786193002,39.2054459276949]]}},{"type":"Feature","id":149701,"properties":{"OBJECTID":149701,"PRIMENAME":"Unnamed Segment","ELEVTYP_F":0,"ELEVTYP_T":0},"geometry":{"type":"LineString","coordinates":[[-74.8387417629613,39.2360470629631],[-74.8379613158187,39.2355911997684]]}},{"type":"Feature","id":149800,"properties":{"OBJECTID":149800,"PRIMENAME":"Sunset Road","ELEVTYP_F":0,"ELEVTYP_T":0},"geometry":{"type":"LineString","coordinates":[[-74.841301214112,39.2370491079819],[-74.8413916207888,39.2369122778785],[-74.8414507087081,39.2368070530992],[-74.8415016979596,39.2366771405848],[-74.8415051949375,39.2366632576172],[-74.8415328397875,39.2365534641057],[-74.8415481140327,39.2364051235969],[-74.8415462328909,39.2363592599707]]}},{"type":"Feature","id":149826,"properties":{"OBJECTID":149826,"PRIMENAME":"Tyler Road","ELEVTYP_F":0,"ELEVTYP_T":0},"geometry":{"type":"LineString","coordinates":[[-74.8220404257147,39.233558187294],[-74.821916181373,39.2340285990831],[-74.8217213832933,39.234774821514],[-74.8216671422007,39.2350044306859],[-74.8216125550176,39.2351659203009],[-74.8215716271653,39.2352879159888],[-74.8215200128671,39.2353805949439],[-74.8214323197,39.235538051862]]}},{"type":"Feature","id":150295,"properties":{"OBJECTID":150295,"PRIMENAME":"Fidler Road","ELEVTYP_F":0,"ELEVTYP_T":0},"geometry":{"type":"LineString","coordinates":[[-74.8085180398609,39.2287294289275],[-74.8085204040191,39.2287405857195],[-74.8086718504425,39.2295135186839],[-74.8087319832827,39.2297173669786],[-74.8087877068391,39.2298817977143],[-74.8088731642751,39.2300723996834],[-74.8089755843014,39.2302663058657],[-74.8090991004257,39.2304568057954],[-74.809226286308,39.2306340428761],[-74.8092310970535,39.2306407484737],[-74.8092344443458,39.2306444221688]]}},{"type":"Feature","id":150298,"properties":{"OBJECTID":150298,"PRIMENAME":"Admiral Road","ELEVTYP_F":0,"ELEVTYP_T":0},"geometry":{"type":"LineString","coordinates":[[-74.8096804362774,39.2310855280963],[-74.8096249651944,39.231135803883],[-74.8092596168818,39.231466932071],[-74.8089185759608,39.2318138203642],[-74.8089096160527,39.2318229334704]]}},{"type":"Feature","id":150362,"properties":{"OBJECTID":150362,"PRIMENAME":"Atlantic Boulevard","ELEVTYP_F":0,"ELEVTYP_T":0},"geometry":{"type":"LineString","coordinates":[[-74.7977254520482,39.2400944169569],[-74.7980528983301,39.2403999882014]]}},{"type":"Feature","id":150613,"properties":{"OBJECTID":150613,"PRIMENAME":"Goff Avenue","ELEVTYP_F":0,"ELEVTYP_T":0},"geometry":{"type":"LineString","coordinates":[[-74.8302185297796,39.2023401833237],[-74.8287570305408,39.2021036802478],[-74.8274899607759,39.2018920924599]]}},{"type":"Feature","id":150640,"properties":{"OBJECTID":150640,"PRIMENAME":"Myrtle Avenue","ELEVTYP_F":0,"ELEVTYP_T":0},"geometry":{"type":"LineString","coordinates":[[-74.8338933378111,39.1984140928863],[-74.8331484221133,39.1984162253061],[-74.8320196133396,39.1984415233756],[-74.831242782704,39.1984406041664]]}},{"type":"Feature","id":150667,"properties":{"OBJECTID":150667,"PRIMENAME":"Unnamed Segment","ELEVTYP_F":0,"ELEVTYP_T":0},"geometry":{"type":"LineString","coordinates":[[-74.7677058588697,39.1476726647756],[-74.7676251437416,39.1478311476604],[-74.7675084109026,39.1480231298414]]}},{"type":"Feature","id":150900,"properties":{"OBJECTID":150900,"PRIMENAME":"Jefferson Avenue","ELEVTYP_F":0,"ELEVTYP_T":0},"geometry":{"type":"LineString","coordinates":[[-74.8135914315893,39.24028794475],[-74.8148466187518,39.2389595278016],[-74.8150261504215,39.2387679402886]]}},{"type":"Feature","id":151118,"properties":{"OBJECTID":151118,"PRIMENAME":"Leesburg Belleplain Road","ELEVTYP_F":0,"ELEVTYP_T":0},"geometry":{"type":"LineString","coordinates":[[-74.9009222570259,39.2604529710986],[-74.9008199756507,39.2604711783408],[-74.8998083186418,39.2606358568136],[-74.8990607657503,39.2607680453326],[-74.8985204210875,39.2608616298433],[-74.8979394571809,39.2609616113568],[-74.8971512639358,39.2610970568379],[-74.8964971711711,39.261213094434],[-74.8958105645373,39.2613323980478],[-74.8953108087345,39.2614163017312],[-74.8949817463379,39.2614743366219],[-74.8945104199439,39.2615517977666],[-74.8941244393452,39.2616194960696],[-74.8936043717147,39.2617097768262],[-74.8931330771019,39.2617872602164],[-74.8926780634119,39.2618709745321],[-74.8921458588937,39.2619644470777],[-74.8917154988667,39.2620399501124],[-74.8914823922921,39.2620808457074],[-74.891131752381,39.2621423311442]]}},{"type":"Feature","id":151172,"properties":{"OBJECTID":151172,"PRIMENAME":"State Highway 49","ELEVTYP_F":0,"ELEVTYP_T":0},"geometry":{"type":"LineString","coordinates":[[-74.8143338022387,39.302069464015],[-74.8141471831068,39.3020478923214],[-74.8138938788391,39.302028903516]]}},{"type":"Feature","id":151219,"properties":{"OBJECTID":151219,"PRIMENAME":"Dehirsch Avenue","ELEVTYP_F":0,"ELEVTYP_T":0},"geometry":{"type":"LineString","coordinates":[[-74.8037135556244,39.2346455567229],[-74.8020257072857,39.2336902218131],[-74.7997781153913,39.2324023243384],[-74.7977436695751,39.231240416406],[-74.7966777008494,39.2306136787086]]}},{"type":"Feature","id":151490,"properties":{"OBJECTID":151490,"PRIMENAME":"Chestnut Street","ELEVTYP_F":0,"ELEVTYP_T":0},"geometry":{"type":"LineString","coordinates":[[-74.8634823389358,39.2692505869537],[-74.8636855580006,39.269032739492]]}},{"type":"Feature","id":151579,"properties":{"OBJECTID":151579,"PRIMENAME":"East Avenue","ELEVTYP_F":0,"ELEVTYP_T":0},"geometry":{"type":"LineString","coordinates":[[-74.8616950946593,39.2729557138275],[-74.8611133449559,39.2726293255093],[-74.8607238191136,39.2724025848831],[-74.8606721109416,39.2723627126204],[-74.8606521364465,39.2723319673511]]}},{"type":"Feature","id":151614,"properties":{"OBJECTID":151614,"PRIMENAME":"Fidler Road","ELEVTYP_F":0,"ELEVTYP_T":0},"geometry":{"type":"LineString","coordinates":[[-74.8210001395993,39.1933001681724],[-74.8210910951775,39.1938641126484],[-74.8212031637496,39.1945773676353],[-74.8212422189806,39.1948705052559],[-74.8212727581631,39.1951376088525],[-74.8212862993633,39.1953526182237],[-74.821287234217,39.1955578874171],[-74.8212756367659,39.1957696987741],[-74.8212389599045,39.1959913812292],[-74.821206111838,39.1961315593189],[-74.8211566202696,39.1962978677729],[-74.8210863019967,39.1964935583901],[-74.8209700735269,39.196712192623],[-74.8208248122492,39.1970025705815],[-74.8206130051076,39.1973876404845],[-74.8203764261959,39.1978509757247],[-74.820006936885,39.1985525123305],[-74.8194215672546,39.1996717176636],[-74.819180803235,39.2001415693982],[-74.8188071940986,39.2008659304063],[-74.8184542980315,39.2015445992014],[-74.8181470411252,39.2021254209497],[-74.8178273733387,39.2027486426918],[-74.8175824382984,39.203221742573],[-74.8171298681217,39.2040831880638],[-74.816826783171,39.2046704753295],[-74.8163285136624,39.2056232545195],[-74.8160586155299,39.2061453203695],[-74.8160172629713,39.2062242318212]]}},{"type":"Feature","id":151672,"properties":{"OBJECTID":151672,"PRIMENAME":"Upper Champion Road","ELEVTYP_F":0,"ELEVTYP_T":0},"geometry":{"type":"LineString","coordinates":[[-74.8581041810987,39.2660074920859],[-74.85914090277,39.2666017381598],[-74.8598442720313,39.2670030479949],[-74.8599167343392,39.2670451599244]]}},{"type":"Feature","id":151687,"properties":{"OBJECTID":151687,"PRIMENAME":"Unnamed Segment","ELEVTYP_F":0,"ELEVTYP_T":0},"geometry":{"type":"LineString","coordinates":[[-74.7904385364618,39.227067891008],[-74.7905940129117,39.2271805175237],[-74.7910017493527,39.2274017383973],[-74.7911731035919,39.2274861807985]]}},{"type":"Feature","id":152052,"properties":{"OBJECTID":152052,"PRIMENAME":"Aetna Drive","ELEVTYP_F":0,"ELEVTYP_T":0},"geometry":{"type":"LineString","coordinates":[[-74.7539556479401,39.3001529652636],[-74.7542197981815,39.3001800654914],[-74.7544537526877,39.3002026180326],[-74.7548398510856,39.3002277206972],[-74.7551739552426,39.3002500795584],[-74.7556343104813,39.300277899428],[-74.7562505738411,39.3003226728234],[-74.7567925941483,39.300358985011],[-74.7572974987536,39.3003924661647],[-74.7577689841074,39.3004289017386],[-74.7580993481485,39.3004425847128],[-74.7585596816681,39.3004733035999],[-74.7589383297172,39.300489759568],[-74.7593429308469,39.3005003912661],[-74.759858915791,39.3005194217506],[-74.7603080228751,39.3005241846195],[-74.7607497086445,39.3005289614764],[-74.7615588678705,39.3005386787118],[-74.7623012265729,39.3005456573253],[-74.762657499783,39.300550812118]]}},{"type":"Feature","id":152327,"properties":{"OBJECTID":152327,"PRIMENAME":"Longfellow Street","ELEVTYP_F":0,"ELEVTYP_T":0},"geometry":{"type":"LineString","coordinates":[[-74.8107714881997,39.2415029892895],[-74.8106707296037,39.2414421659079],[-74.8097626319329,39.2409178448516],[-74.8096966574224,39.2408818863782]]}},{"type":"Feature","id":152744,"properties":{"OBJECTID":152744,"PRIMENAME":"Holly Road","ELEVTYP_F":0,"ELEVTYP_T":0},"geometry":{"type":"LineString","coordinates":[[-74.8426238676922,39.1965046462272],[-74.8423482100823,39.1968833797919],[-74.8421372800217,39.1971705179342],[-74.8420811772843,39.1972077771184]]}},{"type":"Feature","id":153303,"properties":{"OBJECTID":153303,"PRIMENAME":"Unnamed Segment","ELEVTYP_F":0,"ELEVTYP_T":0},"geometry":{"type":"LineString","coordinates":[[-74.7352484091791,39.1982614841533],[-74.7356567329391,39.1983121469987]]}},{"type":"Feature","id":153928,"properties":{"OBJECTID":153928,"PRIMENAME":"Unnamed Segment","ELEVTYP_F":0,"ELEVTYP_T":0},"geometry":{"type":"LineString","coordinates":[[-74.7302095663753,39.1990026368134],[-74.7302140749882,39.1990133856551],[-74.7302296894692,39.1990506159651],[-74.7302300803581,39.1990515484559],[-74.7300947343906,39.1992355344583],[-74.7300780476345,39.1992582188627]]}},{"type":"Feature","id":153938,"properties":{"OBJECTID":153938,"PRIMENAME":"Unnamed Segment","ELEVTYP_F":0,"ELEVTYP_T":0},"geometry":{"type":"LineString","coordinates":[[-74.7487674283002,39.1721427443612],[-74.7487618052951,39.1719253915674],[-74.7487614448298,39.1719114410717],[-74.7487597231053,39.1718448566649]]}},{"type":"Feature","id":154021,"properties":{"OBJECTID":154021,"PRIMENAME":"Unnamed Segment","ELEVTYP_F":0,"ELEVTYP_T":0},"geometry":{"type":"LineString","coordinates":[[-74.7709366585074,39.1487411765725],[-74.770969102112,39.1486606344771],[-74.7710184857242,39.1485796124705],[-74.7710259606126,39.148541011191]]}},{"type":"Feature","id":154059,"properties":{"OBJECTID":154059,"PRIMENAME":"Sumner Avenue","ELEVTYP_F":0,"ELEVTYP_T":0},"geometry":{"type":"LineString","coordinates":[[-74.822860887039,39.2340277688883],[-74.8222963296703,39.2336992966037],[-74.8220404257147,39.233558187294]]}},{"type":"Feature","id":154251,"properties":{"OBJECTID":154251,"PRIMENAME":"California Road","ELEVTYP_F":0,"ELEVTYP_T":0},"geometry":{"type":"LineString","coordinates":[[-74.7438699899465,39.2590382145848],[-74.7438959849895,39.2590077924778],[-74.7439345549464,39.258947388033],[-74.7439660399936,39.2588704971272],[-74.7439904127587,39.258779919583],[-74.7440147010493,39.2586646587364],[-74.74404931093,39.2584808154528],[-74.7441708041202,39.2578798526954],[-74.7443408382534,39.257070333636],[-74.7445385321026,39.2560906859443],[-74.7445619983315,39.2559734493491]]}},{"type":"Feature","id":154322,"properties":{"OBJECTID":154322,"PRIMENAME":"North Delsea Drive","ELEVTYP_F":0,"ELEVTYP_T":0},"geometry":{"type":"LineString","coordinates":[[-74.9075865631307,39.2150410798759],[-74.9077770564652,39.2151814612066],[-74.9080240328104,39.2153539066386],[-74.9081963583879,39.2154652460689],[-74.9083314219649,39.2155478037986],[-74.908522208259,39.2156409290607],[-74.9087037360194,39.2157197534251],[-74.9088710965742,39.2157841302138],[-74.9090422449077,39.2158380591768]]}},{"type":"Feature","id":154431,"properties":{"OBJECTID":154431,"PRIMENAME":"Edwards Creek Lane","ELEVTYP_F":0,"ELEVTYP_T":0},"geometry":{"type":"LineString","coordinates":[[-74.8252606202332,39.2047679260632],[-74.8248586192779,39.2044589276572]]}},{"type":"Feature","id":154521,"properties":{"OBJECTID":154521,"PRIMENAME":"Unnamed Segment","ELEVTYP_F":0,"ELEVTYP_T":0},"geometry":{"type":"LineString","coordinates":[[-74.7503622324159,39.1726300869036],[-74.7501645523469,39.1726322239386],[-74.7500530380798,39.1726207370864],[-74.7499384687239,39.172597532286],[-74.7497395258245,39.1725698166678],[-74.7496190967598,39.1725530389717],[-74.7494080789316,39.1725588003357],[-74.7492544929425,39.1725629935439],[-74.7491338592827,39.1725429709687],[-74.7489770605165,39.1725057853242],[-74.7488625601336,39.1725013392497],[-74.7487658471474,39.1725085785856]]}},{"type":"Feature","id":154649,"properties":{"OBJECTID":154649,"PRIMENAME":"Unnamed Segment","ELEVTYP_F":0,"ELEVTYP_T":0},"geometry":{"type":"LineString","coordinates":[[-74.7706636853388,39.1502269631929],[-74.7709681000087,39.1494603983916]]}},{"type":"Feature","id":154874,"properties":{"OBJECTID":154874,"PRIMENAME":"State Highway 83","ELEVTYP_F":0,"ELEVTYP_T":0},"geometry":{"type":"LineString","coordinates":[[-74.8174924201856,39.1783743411735],[-74.8184197813585,39.179057589396],[-74.8185567452709,39.1791431988369],[-74.8188210458035,39.179324477972],[-74.818982927013,39.1794342610956],[-74.8191118004405,39.1795287553381],[-74.8193364436302,39.1796793810795],[-74.8195380204486,39.179827504962],[-74.8196536658788,39.1799092159914]]}},{"type":"Feature","id":154934,"properties":{"OBJECTID":154934,"PRIMENAME":"Unnamed Segment","ELEVTYP_F":0,"ELEVTYP_T":0},"geometry":{"type":"LineString","coordinates":[[-74.8435293947855,39.1990805697065],[-74.842832652029,39.1995607661816]]}},{"type":"Feature","id":155252,"properties":{"OBJECTID":155252,"PRIMENAME":"Village Lane","ELEVTYP_F":0,"ELEVTYP_T":0},"geometry":{"type":"LineString","coordinates":[[-74.7993313971605,39.1683060348043],[-74.7993187575943,39.1683698789558],[-74.798997633801,39.1698860306817]]}},{"type":"Feature","id":155427,"properties":{"OBJECTID":155427,"PRIMENAME":"Dehirsch Avenue","ELEVTYP_F":0,"ELEVTYP_T":0},"geometry":{"type":"LineString","coordinates":[[-74.8190253246275,39.243400289278],[-74.8179432316294,39.24278071141]]}},{"type":"Feature","id":155752,"properties":{"OBJECTID":155752,"PRIMENAME":"Unnamed Segment","ELEVTYP_F":0,"ELEVTYP_T":0},"geometry":{"type":"LineString","coordinates":[[-74.7734984243695,39.1528197291429],[-74.7739134880218,39.1516808477216]]}},{"type":"Feature","id":155764,"properties":{"OBJECTID":155764,"PRIMENAME":"Atlantic Boulevard","ELEVTYP_F":0,"ELEVTYP_T":0},"geometry":{"type":"LineString","coordinates":[[-74.7940367700245,39.2354110426628],[-74.7936542176601,39.2358628111184],[-74.7936446994833,39.2359800758928],[-74.7942711010656,39.2366193285994],[-74.7944121227946,39.2367632413917]]}},{"type":"Feature","id":155830,"properties":{"OBJECTID":155830,"PRIMENAME":"Weatherby Road","ELEVTYP_F":0,"ELEVTYP_T":0},"geometry":{"type":"LineString","coordinates":[[-74.888245310245,39.305533687247],[-74.8874384920233,39.3055195442509],[-74.8860670940568,39.3054991412053],[-74.8841267973376,39.3054449894683],[-74.8830627094094,39.3054271345156],[-74.8827521729795,39.3054223348046],[-74.8827264586355,39.3054218653408]]}},{"type":"Feature","id":155992,"properties":{"OBJECTID":155992,"PRIMENAME":"Dehirsch Avenue","ELEVTYP_F":0,"ELEVTYP_T":0},"geometry":{"type":"LineString","coordinates":[[-74.8111100745245,39.2393776647889],[-74.8100714115855,39.2387767604621],[-74.809383617043,39.2383842762996],[-74.8090170505226,39.2381758551055],[-74.8089061235081,39.2381127834464]]}},{"type":"Feature","id":156621,"properties":{"OBJECTID":156621,"PRIMENAME":"Unnamed Segment","ELEVTYP_F":0,"ELEVTYP_T":0},"geometry":{"type":"LineString","coordinates":[[-74.7676305762442,39.1753483279311],[-74.7664851880971,39.1762657044565]]}},{"type":"Feature","id":156836,"properties":{"OBJECTID":156836,"PRIMENAME":"Pacific Street","ELEVTYP_F":0,"ELEVTYP_T":0},"geometry":{"type":"LineString","coordinates":[[-74.8237618924319,39.206895194716],[-74.8237061946755,39.206908697095],[-74.8235508607337,39.2069595679001],[-74.8233783726662,39.2070407441119],[-74.8232490701706,39.2071116956353],[-74.8230465052104,39.2072299672268],[-74.8228223866016,39.2073583199307],[-74.8226544795998,39.2074999713391],[-74.8225254050712,39.2076213607243],[-74.8224307900454,39.2077225012198],[-74.8223578236619,39.2078269030991],[-74.8223149752263,39.2079110961571],[-74.8222894091767,39.2079851097497],[-74.8222855128839,39.2080826489324],[-74.822294528633,39.2081632942536],[-74.8223383569062,39.2083010090517],[-74.8224171095871,39.2085125970625],[-74.8227275726619,39.2093051725167]]}},{"type":"Feature","id":157092,"properties":{"OBJECTID":157092,"PRIMENAME":"Unnamed Segment","ELEVTYP_F":0,"ELEVTYP_T":0},"geometry":{"type":"LineString","coordinates":[[-74.7679052229064,39.1760595151501],[-74.7675801413997,39.1757924344523]]}},{"type":"Feature","id":157420,"properties":{"OBJECTID":157420,"PRIMENAME":"Beaver Dam Road","ELEVTYP_F":0,"ELEVTYP_T":0},"geometry":{"type":"LineString","coordinates":[[-74.8174504832379,39.1570940435685],[-74.8173672336707,39.157186920627],[-74.8173253273357,39.1572477161104],[-74.8172638830365,39.1573085647681],[-74.817205742791,39.1573592726713],[-74.8171538724871,39.1573847021743],[-74.8171509704682,39.1573851938219],[-74.8170629872791,39.1574001060752],[-74.8169819320998,39.1574053784655],[-74.8169040034923,39.1574081163471],[-74.8168423203929,39.1574158348874],[-74.8167969066709,39.1574261179989],[-74.8167417822445,39.1574414244354],[-74.8166899349746,39.1574642997925],[-74.8166155018882,39.1575150795994],[-74.8165735360786,39.1575707951446],[-74.8165492540215,39.1575971583734],[-74.8165315260834,39.1576164060911],[-74.8164895628238,39.157656964994],[-74.8163698247029,39.1577659402075],[-74.81620501601,39.1579307490337],[-74.8160209207385,39.1581359719803],[-74.8157915314504,39.1583944479083],[-74.8156495098195,39.1585843726137],[-74.8154719998464,39.158819944993],[-74.8153300463273,39.1590174748894],[-74.8152399173524,39.1591870771833],[-74.8151724993842,39.1593641967365],[-74.8150955608736,39.1595893917867],[-74.8150088871742,39.1598145860676],[-74.8149962022827,39.1598803265761],[-74.8149932385105,39.1599435418834],[-74.8150032784313,39.1600041960926],[-74.8150360862286,39.160084970228],[-74.8151245632282,39.1602641941512],[-74.815366448687,39.1606300988847],[-74.815631228725,39.1610363031224],[-74.8159611229077,39.1616330258383],[-74.8159716862118,39.1616521327927],[-74.8162629428015,39.1621644706776],[-74.8164953196742,39.162578394459],[-74.8169034067455,39.1632967564223]]}},{"type":"Feature","id":157763,"properties":{"OBJECTID":157763,"PRIMENAME":"Woodbine Avenue","ELEVTYP_F":0,"ELEVTYP_T":0},"geometry":{"type":"LineString","coordinates":[[-74.852135813888,39.2563780882448],[-74.8520005417275,39.2563009066458],[-74.851274933775,39.255885585235],[-74.8505980032227,39.255499106606],[-74.8496293137877,39.254945297754],[-74.8487406225462,39.2544347338694],[-74.8487055336294,39.2544145749282],[-74.8477892625447,39.2538924999082],[-74.8470766901084,39.2534837134946]]}},{"type":"Feature","id":157791,"properties":{"OBJECTID":157791,"PRIMENAME":"North Delsea Drive","ELEVTYP_F":0,"ELEVTYP_T":0},"geometry":{"type":"LineString","coordinates":[[-74.9090422449077,39.2158380591768],[-74.9090524634866,39.2158412905972],[-74.9092424965213,39.2158905353108],[-74.9093684898835,39.2159231845226],[-74.9095914580694,39.2159657558012],[-74.9098283202703,39.2159937528325],[-74.9100929316789,39.2160108886138],[-74.9106825403268,39.2160557626404],[-74.9115553474023,39.2161212164461],[-74.9143967179678,39.2163421958992],[-74.9167134770488,39.2165252266978],[-74.9176745516214,39.2166048158594],[-74.9182688434444,39.2166640776354],[-74.9188631784975,39.2167125181891],[-74.919204935506,39.2167354211183]]}},{"type":"Feature","id":159043,"properties":{"OBJECTID":159043,"PRIMENAME":"Unnamed Segment","ELEVTYP_F":0,"ELEVTYP_T":0},"geometry":{"type":"LineString","coordinates":[[-74.7720488782454,39.1505500052796],[-74.7721904410546,39.1505964058369],[-74.7725273509874,39.1507004249603]]}},{"type":"Feature","id":159494,"properties":{"OBJECTID":159494,"PRIMENAME":"Unnamed Segment","ELEVTYP_F":0,"ELEVTYP_T":0},"geometry":{"type":"LineString","coordinates":[[-74.7684372135425,39.1477613783811],[-74.7685736732892,39.1477867523804],[-74.768709234774,39.1477952348268]]}},{"type":"Feature","id":159655,"properties":{"OBJECTID":159655,"PRIMENAME":"Fidler Road","ELEVTYP_F":0,"ELEVTYP_T":0},"geometry":{"type":"LineString","coordinates":[[-74.8147913795489,39.2085056099025],[-74.8146630023669,39.208723144235],[-74.8146486332385,39.2087476396902]]}},{"type":"Feature","id":159753,"properties":{"OBJECTID":159753,"PRIMENAME":"Unnamed Segment","ELEVTYP_F":0,"ELEVTYP_T":0},"geometry":{"type":"LineString","coordinates":[[-74.7340472098057,39.183836153934],[-74.7341306952527,39.1838350439386],[-74.7342917754999,39.1838523089746],[-74.7347159831465,39.1839921630379],[-74.7349423290073,39.184097236146],[-74.7353721474639,39.1842238846642],[-74.7365768588091,39.1845788513562],[-74.7374363700972,39.1848177026838],[-74.737825068857,39.1849217672022]]}},{"type":"Feature","id":160208,"properties":{"OBJECTID":160208,"PRIMENAME":"Unnamed Segment","ELEVTYP_F":0,"ELEVTYP_T":0},"geometry":{"type":"LineString","coordinates":[[-74.7512711713235,39.1921461362995],[-74.7506301383796,39.192522422456],[-74.7504740708392,39.1925973209922],[-74.7499007776973,39.1930537731196],[-74.749892927828,39.1930600237264]]}},{"type":"Feature","id":160367,"properties":{"OBJECTID":160367,"PRIMENAME":"Unnamed Segment","ELEVTYP_F":0,"ELEVTYP_T":0},"geometry":{"type":"LineString","coordinates":[[-74.8003803457751,39.266141916803],[-74.8004028940612,39.2660291234929],[-74.8001724422955,39.2648984448676],[-74.7996558298999,39.2627950836224]]}},{"type":"Feature","id":160462,"properties":{"OBJECTID":160462,"PRIMENAME":"Thicket Street","ELEVTYP_F":0,"ELEVTYP_T":0},"geometry":{"type":"LineString","coordinates":[[-74.7290039215004,39.2065944351219],[-74.729229002761,39.2065258156977],[-74.729255667193,39.2065188584808],[-74.7292830903673,39.2065140043806],[-74.7293109989737,39.2065113017752],[-74.7293391148638,39.2065107775996],[-74.7293671578236,39.2065124370781],[-74.729394848366,39.2065162636717],[-74.7294219105159,39.2065222192429],[-74.7294480745609,39.2065302444361],[-74.7299853815947,39.2067318478717]]}},{"type":"Feature","id":160540,"properties":{"OBJECTID":160540,"PRIMENAME":"Unnamed Segment","ELEVTYP_F":0,"ELEVTYP_T":0},"geometry":{"type":"LineString","coordinates":[[-74.7526666148017,39.1916398469168],[-74.7529972766934,39.1913461132897],[-74.7530802946795,39.1913349311097],[-74.7532034290077,39.1913809033998],[-74.7540384981091,39.1916926759222]]}},{"type":"Feature","id":160544,"properties":{"OBJECTID":160544,"PRIMENAME":"Unnamed Segment","ELEVTYP_F":0,"ELEVTYP_T":0},"geometry":{"type":"LineString","coordinates":[[-74.7734984243695,39.1528197291429],[-74.7734386093274,39.1528018175671],[-74.7730602032091,39.1527370398478]]}},{"type":"Feature","id":160613,"properties":{"OBJECTID":160613,"PRIMENAME":"Petersburg Road","ELEVTYP_F":0,"ELEVTYP_T":0},"geometry":{"type":"LineString","coordinates":[[-74.8219543721024,39.1929319395397],[-74.8212526646731,39.1932047712362],[-74.8210001395993,39.1933001681724]]}},{"type":"Feature","id":160745,"properties":{"OBJECTID":160745,"PRIMENAME":"Little Mill Road","ELEVTYP_F":0,"ELEVTYP_T":0},"geometry":{"type":"LineString","coordinates":[[-74.8245340503644,39.2067270340415],[-74.8244659721013,39.2067418666654],[-74.8239867720131,39.2068406737593],[-74.8237618924319,39.206895194716]]}},{"type":"Feature","id":161314,"properties":{"OBJECTID":161314,"PRIMENAME":"Lincoln Avenue","ELEVTYP_F":0,"ELEVTYP_T":0},"geometry":{"type":"LineString","coordinates":[[-74.7549181089579,39.2848067921073],[-74.7546927464393,39.2848595084897],[-74.7542051862523,39.2850090064887],[-74.7539423023894,39.2850821492389],[-74.7539041104818,39.2850921442439],[-74.7538795710479,39.2850966459989],[-74.7538655150129,39.2850982413692],[-74.7538486545574,39.28509619183],[-74.7538319995847,39.2850923014661],[-74.7538308464714,39.285091729257]]}},{"type":"Feature","id":161470,"properties":{"OBJECTID":161470,"PRIMENAME":"Franklin Street","ELEVTYP_F":0,"ELEVTYP_T":0},"geometry":{"type":"LineString","coordinates":[[-74.8139432921271,39.2381507976553],[-74.8135086639365,39.2378991416131],[-74.8128640476059,39.2375324271489]]}},{"type":"Feature","id":161498,"properties":{"OBJECTID":161498,"PRIMENAME":"Whippoorwill Drive","ELEVTYP_F":0,"ELEVTYP_T":0},"geometry":{"type":"LineString","coordinates":[[-74.7383798875773,39.2474235747581],[-74.738314812264,39.2474526667727],[-74.7373549349619,39.2478817596526],[-74.737071988529,39.2480115773782],[-74.7369248425817,39.2480647597656],[-74.7367360629208,39.2481180256992],[-74.7365547971289,39.2481477735276],[-74.7363697374489,39.2481628390117],[-74.7362034663605,39.248157300252],[-74.7360333518194,39.2481429553671],[-74.735919993916,39.248131433773],[-74.7356855792572,39.2480760878158],[-74.7353737004788,39.2479977944877],[-74.7348498039801,39.2478662730599],[-74.7342485705022,39.2477176495264],[-74.7339839347469,39.2476529986353]]}},{"type":"Feature","id":161519,"properties":{"OBJECTID":161519,"PRIMENAME":"Pacific Avenue","ELEVTYP_F":0,"ELEVTYP_T":0},"geometry":{"type":"LineString","coordinates":[[-74.7955357286918,39.2369663383343],[-74.7951379659001,39.2367181125458]]}},{"type":"Feature","id":161552,"properties":{"OBJECTID":161552,"PRIMENAME":"Unnamed Segment","ELEVTYP_F":0,"ELEVTYP_T":0},"geometry":{"type":"LineString","coordinates":[[-74.8386343006868,39.234888821489],[-74.8396035262761,39.2354415416905]]}},{"type":"Feature","id":161867,"properties":{"OBJECTID":161867,"PRIMENAME":"Unnamed Segment","ELEVTYP_F":0,"ELEVTYP_T":0},"geometry":{"type":"LineString","coordinates":[[-74.773468684145,39.1515221346076],[-74.7738761560751,39.1516587585771],[-74.7739134880218,39.1516808477216]]}},{"type":"Feature","id":162142,"properties":{"OBJECTID":162142,"PRIMENAME":"Unnamed Segment","ELEVTYP_F":0,"ELEVTYP_T":0},"geometry":{"type":"LineString","coordinates":[[-74.7535101408571,39.1935266786769],[-74.7529077888026,39.1938927596287]]}},{"type":"Feature","id":162225,"properties":{"OBJECTID":162225,"PRIMENAME":"Unnamed Segment","ELEVTYP_F":0,"ELEVTYP_T":0},"geometry":{"type":"LineString","coordinates":[[-74.8376252246915,39.2359424560763],[-74.837642789421,39.2359244670169],[-74.8379613158187,39.2355911997684]]}},{"type":"Feature","id":162442,"properties":{"OBJECTID":162442,"PRIMENAME":"Unnamed Segment","ELEVTYP_F":0,"ELEVTYP_T":0},"geometry":{"type":"LineString","coordinates":[[-74.752965966957,39.1931107375447],[-74.7526358690383,39.1933965154179]]}},{"type":"Feature","id":162515,"properties":{"OBJECTID":162515,"PRIMENAME":"Unnamed Segment","ELEVTYP_F":0,"ELEVTYP_T":0},"geometry":{"type":"LineString","coordinates":[[-74.7325675466953,39.181164229917],[-74.7326743439293,39.1811228431038],[-74.7328952444841,39.1810192128398]]}},{"type":"Feature","id":162893,"properties":{"OBJECTID":162893,"PRIMENAME":"Meadow Lark Road","ELEVTYP_F":0,"ELEVTYP_T":0},"geometry":{"type":"LineString","coordinates":[[-74.7339839347469,39.2476529986353],[-74.7343661263905,39.2467097331827],[-74.7344298301892,39.2465509569428],[-74.7344710399215,39.2464451089304],[-74.7345009341749,39.2463451597718],[-74.734519513002,39.2462511085751],[-74.7345343028328,39.2461540994851],[-74.7345378178894,39.2460748233332],[-74.7345353126439,39.2460012705396]]}},{"type":"Feature","id":162897,"properties":{"OBJECTID":162897,"PRIMENAME":"Old Turnpike Road","ELEVTYP_F":0,"ELEVTYP_T":0},"geometry":{"type":"LineString","coordinates":[[-74.751675265702,39.2642777643362],[-74.7516995930383,39.264249970019],[-74.7518703154757,39.2641802150244],[-74.7521379255149,39.2641232047807],[-74.7521910793266,39.2641099628942],[-74.7522449304962,39.26409568713],[-74.7522982609993,39.2640806710917],[-74.7523514442642,39.2640649959457],[-74.7524042189603,39.2640484956063],[-74.7524565870367,39.2640313907716],[-74.7525085097669,39.2640135464025],[-74.7525600625591,39.2639949866584],[-74.7526112466778,39.2639757412641],[-74.7532440522243,39.2637340039173],[-74.7543069765887,39.2634264843268],[-74.7543399466917,39.2634180878199],[-74.7543931007859,39.2634051863391],[-74.7544467000054,39.2633929711893],[-74.7545005219638,39.2633814707815],[-74.7545545667636,39.2633707130406],[-74.7546088367241,39.2633606979613],[-74.754663328377,39.2633514273525],[-74.7547180439275,39.2633428696803],[-74.7547728736111,39.263335113465],[-74.7548279247834,39.2633280440672],[-74.7548301317644,39.2633278951062],[-74.7548631254175,39.2633253915832],[-74.7548960073287,39.2633224315782],[-74.7549288147776,39.26331906996],[-74.7549614721452,39.2633152249191],[-74.7549941280469,39.2633109763036],[-74.7550266338661,39.2633062442658],[-74.7550589551288,39.2633011090544],[-74.7550912757921,39.2632954900934],[-74.7551234837528,39.2632894705041],[-74.7551554687193,39.2632829937765],[-74.7551873432997,39.2632761164158],[-74.7552189937292,39.2632687828203],[-74.7552505706472,39.2632609917594],[-74.7552819608051,39.2632528299601],[-74.755313056111,39.2632442084784],[-74.7553440387173,39.2632351881709],[-74.7553747994878,39.2632257116243],[-74.7554053375671,39.2632158626173],[-74.7557932918263,39.2630590768743],[-74.7561656783787,39.2629312981517],[-74.7565909959558,39.2627917035374],[-74.7565936417036,39.2627908103972],[-74.7566322244803,39.2627773418523],[-74.7566703624903,39.2627632995498],[-74.7567082785417,39.2627487712796],[-74.7567457522642,39.2627337025776],[-74.7567830017027,39.262718146112],[-74.7568198090249,39.2627021077684],[-74.7568562818723,39.2626855530784],[-74.756892312586,39.262668512007],[-74.7569281214461,39.2626510146966],[-74.7569633755625,39.2626329745022],[-74.7569982964826,39.2626144512904],[-74.7570327743091,39.2625954966509],[-74.7570668470942,39.2625760591534],[-74.7571004013688,39.2625561642716],[-74.7571335496433,39.2625358414849],[-74.7571440097461,39.2625287829609],[-74.7571623979499,39.2625165578247],[-74.7571811173444,39.2625045904905],[-74.7572000589979,39.2624928793969],[-74.7572192229103,39.2624814245438],[-74.7572387180137,39.2624702274923],[-74.7572584355903,39.262459345234],[-74.7572785222718,39.2624486315117],[-74.7572986451827,39.2624383203738],[-74.7573190271146,39.2624281780148],[-74.757339742763,39.2624183502029],[-74.7573605684805,39.2624088365312],[-74.757381728764,39.2623995527271],[-74.7574029956373,39.26239058217],[-74.7574245243769,39.2623819245165],[-74.7574460898836,39.2623734991902],[-74.757857299621,39.2622403639085],[-74.7578703068654,39.2622355868689],[-74.7578931216419,39.2622268992563],[-74.7579156064786,39.2622179826601],[-74.7579379775514,39.2622086960732],[-74.7579601285565,39.262199122607],[-74.7579820560273,39.2621892649716],[-74.7580036520753,39.2621790900757],[-74.7580251370988,39.262168660489],[-74.7580464007961,39.2621579170014],[-74.7580673308682,39.2621468877875],[-74.758088039716,39.2621355725983],[-74.7581085273463,39.2621239732357],[-74.7581287925899,39.2621120869998],[-74.7581487254757,39.2620999447626],[-74.7581683260004,39.2620875456232],[-74.7581877065649,39.2620748893329],[-74.7582067535036,39.2620619473173],[-74.7582255794388,39.2620487796819],[-74.7582440727912,39.2620352947905],[-74.7582622363146,39.2620216115457],[-74.758280174087,39.262007672064],[-74.7582977818122,39.2619934747755],[-74.7583149473043,39.2619790784824],[-74.7583318906275,39.2619644547714],[-74.7583485050624,39.2619495732512],[-74.7585356537369,39.2617574168296],[-74.7585665373716,39.2616615051866],[-74.7586196106292,39.2615669468405],[-74.7587807391293,39.2614424023267],[-74.7588008249778,39.2614268770458]]}},{"type":"Feature","id":162899,"properties":{"OBJECTID":162899,"PRIMENAME":"Main Street","ELEVTYP_F":0,"ELEVTYP_T":0},"geometry":{"type":"LineString","coordinates":[[-74.8213411675919,39.1916259986973],[-74.821483366744,39.1919207463256],[-74.8218758117912,39.1927507171655],[-74.8219543721024,39.1929319395397]]}},{"type":"Feature","id":162932,"properties":{"OBJECTID":162932,"PRIMENAME":"Gilman Road","ELEVTYP_F":0,"ELEVTYP_T":0},"geometry":{"type":"LineString","coordinates":[[-74.7700712126635,39.1634770543085],[-74.7699737486171,39.1635755228438],[-74.7697585583573,39.1637680870584],[-74.7689354388669,39.1645063750777],[-74.7686075812162,39.1648085885543],[-74.768197712748,39.1651750205252],[-74.7680304054271,39.1653568729409]]}},{"type":"Feature","id":162965,"properties":{"OBJECTID":162965,"PRIMENAME":"Petersburg Road","ELEVTYP_F":0,"ELEVTYP_T":0},"geometry":{"type":"LineString","coordinates":[[-74.8120695180004,39.1966151367343],[-74.8120144643809,39.19663553219],[-74.8107356128338,39.1971044352344],[-74.8099223942584,39.1974037732423],[-74.8089945047954,39.1977481378657],[-74.8076346023727,39.1982514065442],[-74.8073646419247,39.1983546724838],[-74.8070575117926,39.1984633074331],[-74.8061195006813,39.1988155562888],[-74.8054954291839,39.1990446337217],[-74.8054412136246,39.1990645356194],[-74.8042939289402,39.1994909306055],[-74.803352409509,39.1998379216764],[-74.8026437529531,39.2001027517538],[-74.8016887351154,39.2004576169804],[-74.8008113492124,39.2007807259217],[-74.8003422089297,39.200952885329],[-74.8000756533793,39.2010482730299],[-74.7998123903089,39.2011383250289],[-74.7995085917618,39.20123117053],[-74.7989380839231,39.2014009498917],[-74.7984216170095,39.2015574359045],[-74.7979118415168,39.20170335828],[-74.7971083775287,39.2019394848478],[-74.7964669690956,39.2021278287752],[-74.7960744048569,39.2022382709087],[-74.7958727911085,39.2022949904908],[-74.7947688574983,39.2026160742434],[-74.7943824179804,39.2027305624321]]}},{"type":"Feature","id":163103,"properties":{"OBJECTID":163103,"PRIMENAME":"Main Street","ELEVTYP_F":0,"ELEVTYP_T":0},"geometry":{"type":"LineString","coordinates":[[-74.7466054525505,39.1747501468091],[-74.7464269350019,39.1745793717827],[-74.7458663860548,39.1740385979933],[-74.7453464959528,39.1735418606463],[-74.7449890840699,39.1731960155771],[-74.744822579408,39.173041971955],[-74.7446763763862,39.1729130908861],[-74.744534363124,39.1728125375698],[-74.7444086174962,39.172734052899],[-74.7441855600333,39.1726179359863],[-74.743986873103,39.1725206581748],[-74.7436016775947,39.1723387067091],[-74.7429570276479,39.1720407097419],[-74.7422596568588,39.1717144550396],[-74.7414365922264,39.1713317579242],[-74.7408203639342,39.171046320818],[-74.7403662586843,39.1708329788765],[-74.7401797123878,39.1707451426969],[-74.739891876538,39.1706102595434],[-74.7396578303382,39.1704949798929]]}},{"type":"Feature","id":163122,"properties":{"OBJECTID":163122,"PRIMENAME":"Evergreen Drive","ELEVTYP_F":0,"ELEVTYP_T":0},"geometry":{"type":"LineString","coordinates":[[-74.8651607999296,39.261954467855],[-74.8649654573512,39.262038192679],[-74.8648750034172,39.2620995130648],[-74.8648236938808,39.2621350489474],[-74.8647747054436,39.262172512123],[-74.8647281577617,39.2622118110895],[-74.8646841645302,39.2622528498604],[-74.8646428332058,39.2622955282],[-74.8646042647439,39.2623397418676],[-74.8645685533525,39.2623853828725],[-74.8645357862614,39.2624323397372],[-74.8644957844188,39.2624792422177],[-74.8644534733981,39.2625249037666],[-74.8644089168223,39.2625692557176],[-74.864362181692,39.2626122313739],[-74.8643133382841,39.2626537661082],[-74.8642624600464,39.2626937974598],[-74.8642096234872,39.2627322652288],[-74.86415490806,39.2627691115667],[-74.8640653446782,39.262824057583],[-74.8639743239831,39.2628775368816],[-74.8638818857127,39.2629295261125],[-74.8637880702243,39.2629800025761],[-74.8634056379259,39.2631829174768],[-74.8630542542712,39.2633693555977],[-74.8619828846177,39.2639466263261],[-74.8619656518984,39.2640642235188]]}},{"type":"Feature","id":163177,"properties":{"OBJECTID":163177,"PRIMENAME":"Unnamed Segment","ELEVTYP_F":0,"ELEVTYP_T":0},"geometry":{"type":"LineString","coordinates":[[-74.7520197375205,39.1663655961085],[-74.7519894017372,39.1663070351728],[-74.7519672692338,39.1662643040342],[-74.7518201925857,39.1661643469628],[-74.7517207938371,39.1661314387972]]}},{"type":"Feature","id":163672,"properties":{"OBJECTID":163672,"PRIMENAME":"Unnamed Segment","ELEVTYP_F":0,"ELEVTYP_T":0},"geometry":{"type":"LineString","coordinates":[[-74.7302210319261,39.1979428369227],[-74.7302304988401,39.1979485628303],[-74.7304387073783,39.198025540003],[-74.7304920255249,39.1980414954931]]}},{"type":"Feature","id":163768,"properties":{"OBJECTID":163768,"PRIMENAME":"Unnamed Segment","ELEVTYP_F":0,"ELEVTYP_T":0},"geometry":{"type":"LineString","coordinates":[[-74.7528775444844,39.1717965026359],[-74.7534594658901,39.1720459999032],[-74.7537401139353,39.1721743709934],[-74.7539181280667,39.1722466825905],[-74.7541141025631,39.1722861219427],[-74.7542859139296,39.1723091986425],[-74.7544004250801,39.1723159851443],[-74.7550149521575,39.1722935353213],[-74.755120450261,39.1723073745748],[-74.7552772567893,39.1723468986145],[-74.7554069768696,39.1723935164493],[-74.7554973936469,39.1724026986574],[-74.7555871221655,39.1724020577766]]}},{"type":"Feature","id":164758,"properties":{"OBJECTID":164758,"PRIMENAME":"Unnamed Segment","ELEVTYP_F":0,"ELEVTYP_T":0},"geometry":{"type":"LineString","coordinates":[[-74.7532222853293,39.1655109919709],[-74.7527552654327,39.1660235701446],[-74.752750759618,39.1660285156087]]}},{"type":"Feature","id":164861,"properties":{"OBJECTID":164861,"PRIMENAME":"Steelmantown Bog Road","ELEVTYP_F":0,"ELEVTYP_T":0},"geometry":{"type":"LineString","coordinates":[[-74.8356785749702,39.2655311650717],[-74.8354071949123,39.2654930126141],[-74.8351942001464,39.2654547194104],[-74.8348726901746,39.2654069901244],[-74.8346055090769,39.2653753312551],[-74.8343842179486,39.265359740384],[-74.8341171655925,39.2653475467727],[-74.8338041306516,39.2653289777302],[-74.8335495307476,39.2653134798433],[-74.8333574697851,39.2652945630406],[-74.8331403455196,39.2652562769966],[-74.8329523957453,39.2652178810144],[-74.8327058722818,39.2651472243184],[-74.8324217872464,39.2650734349719],[-74.8322547133481,39.2650350043923],[-74.8320750999851,39.2649965832064],[-74.8319206370216,39.2649807961662],[-74.831770392545,39.2649682641821],[-74.8316284780787,39.2649621887924],[-74.8314907829413,39.2649593135485],[-74.8313364424814,39.2649694996697],[-74.8311070859286,39.2649960992723],[-74.8308527275898,39.265038995954],[-74.8305942974866,39.2650948637574],[-74.8303567310224,39.26514095194],[-74.8301190890611,39.265193492436],[-74.8299578588261,39.265225964567],[-74.8298229982931,39.2652402669932],[-74.8297249143717,39.2652486179087],[-74.8296236381506,39.2652540663226],[-74.8294716174299,39.2652544965191],[-74.829449585732,39.2652540111498],[-74.8293566353942,39.2652519661658],[-74.829223049023,39.2652292801689],[-74.8290995760224,39.2652036530828]]}},{"type":"Feature","id":164913,"properties":{"OBJECTID":164913,"PRIMENAME":"Dolphin Lane","ELEVTYP_F":0,"ELEVTYP_T":0},"geometry":{"type":"LineString","coordinates":[[-74.8044176149871,39.2315479336586],[-74.8047839480411,39.231696658018],[-74.8058557550282,39.2317703180118]]}},{"type":"Feature","id":164924,"properties":{"OBJECTID":164924,"PRIMENAME":"Woodbine Ocean View Road","ELEVTYP_F":0,"ELEVTYP_T":0},"geometry":{"type":"LineString","coordinates":[[-74.7791773666433,39.2210488304279],[-74.7790129911119,39.2209538651814],[-74.778773798353,39.220800759091],[-74.7785122051572,39.2206332081177],[-74.7783066299057,39.2204916350686],[-74.7782323012345,39.220440687862]]}},{"type":"Feature","id":165746,"properties":{"OBJECTID":165746,"PRIMENAME":"Corsons Tavern Road","ELEVTYP_F":0,"ELEVTYP_T":0},"geometry":{"type":"LineString","coordinates":[[-74.7376234431038,39.1905629713992],[-74.7368981906163,39.1909440481474],[-74.7366574144288,39.1910712262876],[-74.7366529412499,39.1910735973609]]}},{"type":"Feature","id":165781,"properties":{"OBJECTID":165781,"PRIMENAME":"Pine Forest Court","ELEVTYP_F":0,"ELEVTYP_T":0},"geometry":{"type":"LineString","coordinates":[[-74.8251189519456,39.1474003292585],[-74.8263354847611,39.1474709054361],[-74.8263362172992,39.1474601806901]]}},{"type":"Feature","id":166089,"properties":{"OBJECTID":166089,"PRIMENAME":"Unnamed Segment","ELEVTYP_F":0,"ELEVTYP_T":0},"geometry":{"type":"LineString","coordinates":[[-74.7477586705205,39.1635804158272],[-74.7478866944208,39.1635813425941],[-74.7479151729778,39.1635815486621],[-74.7481726053812,39.1636873131813],[-74.7491100782609,39.1641449585993],[-74.7493879272182,39.164344481972],[-74.7497942972582,39.1645406015514],[-74.7503389060124,39.1648034343838],[-74.7506925293989,39.1650405306314],[-74.7511102364422,39.1651996787288]]}},{"type":"Feature","id":166149,"properties":{"OBJECTID":166149,"PRIMENAME":"Unnamed Segment","ELEVTYP_F":0,"ELEVTYP_T":0},"geometry":{"type":"LineString","coordinates":[[-74.7681870512113,39.1482853994134],[-74.7682546676674,39.1482465491006],[-74.7683282060889,39.1482042952516],[-74.76837396989,39.1481372240982],[-74.7684098576403,39.1480703062926],[-74.7684321576772,39.1479946239631],[-74.7684409135991,39.1479207312649],[-74.7684372135425,39.1477613783811]]}},{"type":"Feature","id":166166,"properties":{"OBJECTID":166166,"PRIMENAME":"Petersburg Road","ELEVTYP_F":0,"ELEVTYP_T":0},"geometry":{"type":"LineString","coordinates":[[-74.8210001395993,39.1933001681724],[-74.8204462996589,39.1935094076263],[-74.8204074451481,39.1935239025816]]}},{"type":"Feature","id":166263,"properties":{"OBJECTID":166263,"PRIMENAME":"North Delsea Drive","ELEVTYP_F":0,"ELEVTYP_T":0},"geometry":{"type":"LineString","coordinates":[[-74.8650261136325,39.2065830181467],[-74.8651874025673,39.2064748527067],[-74.8652568448716,39.2064385009254],[-74.8653401211936,39.2064021336467],[-74.8654652003062,39.2063620651921],[-74.8655950293671,39.2063399667652],[-74.865752687557,39.2063214327928],[-74.8660634178913,39.2062915987691],[-74.8664390107571,39.2062542839171],[-74.8670512061188,39.2061982114624],[-74.8678489242763,39.2061343282078],[-74.8686280395429,39.2060632764034],[-74.869745722051,39.2059550401029],[-74.8714107494435,39.2058089702898],[-74.8728994797349,39.2056742591759],[-74.8736786575668,39.2056103953571],[-74.8737750580939,39.2056008048653],[-74.8740588982718,39.2055658470119],[-74.8742489651803,39.2055435725457],[-74.8743741321022,39.2055215072411],[-74.8745549846322,39.2054920408339],[-74.8747959123699,39.2054443408783],[-74.8750369042298,39.205382198115],[-74.8752964579439,39.2053199950603],[-74.8759265533196,39.2051555259645],[-74.8765938572854,39.2049873091522],[-74.877373006046,39.2047878638572]]}},{"type":"Feature","id":166277,"properties":{"OBJECTID":166277,"PRIMENAME":"Commodore Boulevard","ELEVTYP_F":0,"ELEVTYP_T":0},"geometry":{"type":"LineString","coordinates":[[-74.8081925755081,39.2271218223163],[-74.8080951536448,39.2273935021149],[-74.8080706149809,39.2274619326282],[-74.807981614921,39.2276369312399],[-74.8077786162191,39.2278579327319],[-74.8073956156356,39.228254933465]]}},{"type":"Feature","id":166344,"properties":{"OBJECTID":166344,"PRIMENAME":"Unnamed Segment","ELEVTYP_F":0,"ELEVTYP_T":0},"geometry":{"type":"LineString","coordinates":[[-74.7384782482229,39.2014216863318],[-74.7384741946638,39.2011144836311],[-74.7384858065352,39.2006407262929],[-74.7384745612497,39.2003312150239],[-74.7384612686825,39.1999654040656]]}},{"type":"Feature","id":166680,"properties":{"OBJECTID":166680,"PRIMENAME":"Elm Street","ELEVTYP_F":0,"ELEVTYP_T":0},"geometry":{"type":"LineString","coordinates":[[-74.7963425779226,39.2374146528596],[-74.7961543532309,39.2375818565246],[-74.7960019454835,39.2377172444668],[-74.7958526342487,39.2378337781561],[-74.7957237919589,39.2379157310153],[-74.7956277133058,39.2379645997103]]}},{"type":"Feature","id":167075,"properties":{"OBJECTID":167075,"PRIMENAME":"Unnamed Segment","ELEVTYP_F":0,"ELEVTYP_T":0},"geometry":{"type":"LineString","coordinates":[[-74.7395615579627,39.2014219150203],[-74.7392408726462,39.2014435732875],[-74.7389484663111,39.2014301032586]]}},{"type":"Feature","id":167125,"properties":{"OBJECTID":167125,"PRIMENAME":"Unnamed Segment","ELEVTYP_F":0,"ELEVTYP_T":0},"geometry":{"type":"LineString","coordinates":[[-74.7743935916453,39.1560801783003],[-74.7741005287035,39.1562491437953]]}},{"type":"Feature","id":167319,"properties":{"OBJECTID":167319,"PRIMENAME":"Petersburg Road","ELEVTYP_F":0,"ELEVTYP_T":0},"geometry":{"type":"LineString","coordinates":[[-74.7853913567207,39.2071315083401],[-74.784922363249,39.2073597837414],[-74.7847581140496,39.2074475001829],[-74.7846088170565,39.2075322692798],[-74.7844707295295,39.2076228590095],[-74.784325208122,39.207716349377],[-74.7841759909833,39.2078214909176],[-74.7840230573219,39.2079411933516],[-74.7838515219444,39.2080871631982],[-74.7836838454994,39.2082447378073],[-74.7835422494775,39.2083935448702],[-74.7833151240818,39.2086618613371],[-74.7831551826383,39.2088922062045],[-74.7830028057345,39.2091516365136],[-74.7828915197119,39.2093876560409],[-74.782798974088,39.2096323887412],[-74.7827287921588,39.2098566659718],[-74.7826950452645,39.2099871151964]]}},{"type":"Feature","id":167399,"properties":{"OBJECTID":167399,"PRIMENAME":"Heilprin Avenue","ELEVTYP_F":0,"ELEVTYP_T":0},"geometry":{"type":"LineString","coordinates":[[-74.8134400718738,39.2333152580913],[-74.8130479609882,39.2337260022217],[-74.8120460915643,39.2347929882358]]}},{"type":"Feature","id":167547,"properties":{"OBJECTID":167547,"PRIMENAME":"Franklin Street","ELEVTYP_F":0,"ELEVTYP_T":0},"geometry":{"type":"LineString","coordinates":[[-74.8193803121322,39.2412538931878],[-74.8191497073935,39.2411214400648],[-74.8183006410076,39.2406404067147]]}},{"type":"Feature","id":167582,"properties":{"OBJECTID":167582,"PRIMENAME":"Unnamed Segment","ELEVTYP_F":0,"ELEVTYP_T":0},"geometry":{"type":"LineString","coordinates":[[-74.8378361666112,39.2344336555575],[-74.8386343006868,39.234888821489]]}},{"type":"Feature","id":167588,"properties":{"OBJECTID":167588,"PRIMENAME":"Woods Road","ELEVTYP_F":0,"ELEVTYP_T":0},"geometry":{"type":"LineString","coordinates":[[-74.8341212005405,39.2890850720595],[-74.8341152106807,39.2890882141843],[-74.8340595142166,39.289117432571],[-74.8340045583622,39.2891473640557],[-74.8339501576429,39.2891780091713],[-74.8338965338695,39.2892094519595],[-74.8338435762444,39.2892415513105],[-74.8337913952944,39.2892743915854],[-74.8337398785794,39.2893079740082],[-74.83368924928,39.2893421826356],[-74.8336392864006,39.2893771054812],[-74.8335900986336,39.2894126845822],[-74.8335417973787,39.2894489439425],[-74.8334942723994,39.2894858604576],[-74.8334476336802,39.2895234040866],[-74.8334420239075,39.2895279972062],[-74.8331190105804,39.2897832126939],[-74.8327603485187,39.290189858402],[-74.8318315479718,39.2914137437475],[-74.8316577365812,39.2915760636049]]}},{"type":"Feature","id":167593,"properties":{"OBJECTID":167593,"PRIMENAME":"Unnamed Segment","ELEVTYP_F":0,"ELEVTYP_T":0},"geometry":{"type":"LineString","coordinates":[[-74.7709366585074,39.1487411765725],[-74.7709370766163,39.148850225036],[-74.7709058974277,39.1489663816086],[-74.7708993427305,39.1490244388913],[-74.7709130724761,39.1490701363384],[-74.7709493606088,39.1491087466804],[-74.7710082522527,39.1491508222354],[-74.7710986457269,39.1491611662572],[-74.7712545462505,39.1491713559658],[-74.7713425857682,39.1491570808057],[-74.7715839644368,39.1490738520771],[-74.7716357215385,39.1490560056251],[-74.7717123254396,39.1489715390326],[-74.7717755816336,39.1489017881137],[-74.7717886367032,39.1488447245642],[-74.7718002353984,39.14879403245],[-74.7717837762714,39.1487550347149],[-74.7717294146059,39.1487164667695],[-74.7716346982987,39.1486492668577],[-74.7715699146079,39.1486033029038],[-74.7715277925411,39.1485639154054],[-74.7715073552271,39.1485358225628],[-74.7715004429087,39.1485006617461],[-74.7714884366289,39.148439587507],[-74.7714977847704,39.1483968947198],[-74.7715168493842,39.1483098237127]]}},{"type":"Feature","id":167854,"properties":{"OBJECTID":167854,"PRIMENAME":"Pennsylvania Avenue","ELEVTYP_F":0,"ELEVTYP_T":0},"geometry":{"type":"LineString","coordinates":[[-74.7505134434357,39.2829032268314],[-74.7492289519258,39.2832848356948],[-74.7489109787382,39.2833745592015],[-74.7488449701998,39.2833914492329],[-74.7488088796817,39.2834062709772],[-74.7487936112676,39.2834147055492],[-74.7487838343917,39.2834276036594],[-74.748775309735,39.2834445347664],[-74.7487773096407,39.2834607029133],[-74.7487830837264,39.2834949019146]]}},{"type":"Feature","id":167869,"properties":{"OBJECTID":167869,"PRIMENAME":"Tuckahoe Road","ELEVTYP_F":0,"ELEVTYP_T":0},"geometry":{"type":"LineString","coordinates":[[-74.7401570926867,39.2668330514014],[-74.7400827417172,39.2668131334811],[-74.7396630026877,39.266696554224]]}},{"type":"Feature","id":167934,"properties":{"OBJECTID":167934,"PRIMENAME":"Cat Pond Road","ELEVTYP_F":0,"ELEVTYP_T":0},"geometry":{"type":"LineString","coordinates":[[-74.762657499783,39.300550812118],[-74.7625956068755,39.3008593212215],[-74.762530009834,39.3011882115054],[-74.7624716519342,39.3014594250247],[-74.762391221541,39.3017912312516],[-74.7623069631915,39.3020826849317],[-74.7622153135084,39.3023914526682],[-74.7621345354873,39.3026309770812],[-74.7620941056865,39.3027348827287],[-74.7620387895553,39.3028272896109],[-74.7619759511399,39.3029023888856],[-74.7618871961892,39.3029833395781],[-74.7617909941999,39.3030671895611],[-74.7615726357068,39.3032406867046],[-74.7613246683952,39.3034258091775],[-74.7610433402853,39.3036398356586],[-74.7608175806432,39.3038104923789],[-74.760706430558,39.3038849397904],[-74.7604806309417,39.3040361734359],[-74.7600474760376,39.3043370542081],[-74.7595698623431,39.3046582134805],[-74.7589811500373,39.3050517193189],[-74.7585071502071,39.3053584233748],[-74.7582694959703,39.305526767512]]}},{"type":"Feature","id":168214,"properties":{"OBJECTID":168214,"PRIMENAME":"Unnamed Segment","ELEVTYP_F":0,"ELEVTYP_T":0},"geometry":{"type":"LineString","coordinates":[[-74.7698607893909,39.1504714996523],[-74.7713689243274,39.1507832252795],[-74.7718439144539,39.1509089043866],[-74.7728787943615,39.1512900447404],[-74.773468684145,39.1515221346076]]}},{"type":"Feature","id":168215,"properties":{"OBJECTID":168215,"PRIMENAME":"Unnamed Segment","ELEVTYP_F":0,"ELEVTYP_T":0},"geometry":{"type":"LineString","coordinates":[[-74.839471550466,39.2355235015898],[-74.8406387928251,39.2362037998887]]}},{"type":"Feature","id":168427,"properties":{"OBJECTID":168427,"PRIMENAME":"Old Goshen Road","ELEVTYP_F":0,"ELEVTYP_T":0},"geometry":{"type":"LineString","coordinates":[[-74.7551281461416,39.1803042247692],[-74.7550096254209,39.1803743539333]]}},{"type":"Feature","id":168429,"properties":{"OBJECTID":168429,"PRIMENAME":"Unnamed Segment","ELEVTYP_F":0,"ELEVTYP_T":0},"geometry":{"type":"LineString","coordinates":[[-74.8447093724763,39.2029128980048],[-74.8438538055061,39.2024583627321]]}},{"type":"Feature","id":168554,"properties":{"OBJECTID":168554,"PRIMENAME":"Unnamed Segment","ELEVTYP_F":0,"ELEVTYP_T":0},"geometry":{"type":"LineString","coordinates":[[-74.7546001125177,39.1668207675963],[-74.754119582737,39.1672646638272]]}},{"type":"Feature","id":168856,"properties":{"OBJECTID":168856,"PRIMENAME":"Emerson Street","ELEVTYP_F":0,"ELEVTYP_T":0},"geometry":{"type":"LineString","coordinates":[[-74.8098365051749,39.2477813719263],[-74.8101652680043,39.2479664918932],[-74.8105029258397,39.2481582316911],[-74.8109221139449,39.2484039536772],[-74.8112053581861,39.248547676798],[-74.8112949033811,39.2486001276118]]}},{"type":"Feature","id":168985,"properties":{"OBJECTID":168985,"PRIMENAME":"Goose Kill Road","ELEVTYP_F":0,"ELEVTYP_T":0},"geometry":{"type":"LineString","coordinates":[[-74.8537426313256,39.2503649359761],[-74.8535933037304,39.250402172751],[-74.8534634622446,39.2504555560079],[-74.8533366411733,39.2504932736482],[-74.8531835072114,39.2505346859512],[-74.8530891319737,39.2505566495177],[-74.8529962669015,39.2505701785266],[-74.8528676960229,39.2505681593401],[-74.8527499369161,39.2505600861629],[-74.8525918067711,39.2505316611829],[-74.8522366769956,39.2504460261258],[-74.851901673148,39.250357920373],[-74.8515558620052,39.2502770717805],[-74.8513542237281,39.2502210770225],[-74.8510360726284,39.2500955842071],[-74.8507939427186,39.249995153086],[-74.8506604452005,39.2499365448633],[-74.8505455838424,39.2498875138018],[-74.8504788376741,39.2498588108584],[-74.8504276163378,39.2498372875713],[-74.8503810132189,39.2498097292644],[-74.8503514587525,39.2497845266547],[-74.8502906306477,39.2497029346706],[-74.8502536304581,39.2496079361076],[-74.8502366294645,39.249508936289],[-74.8502396297718,39.2494089367608],[-74.8502846307023,39.2492209337825],[-74.8502866299404,39.2491209363583],[-74.8502696321499,39.2490209348106],[-74.8502316321705,39.2489249357184],[-74.8501756302552,39.2488349343728],[-74.8501016306312,39.248752935068],[-74.8500126300315,39.2486809348982],[-74.8498346316595,39.2485749364882],[-74.8496326301694,39.248438936766],[-74.8494946295854,39.2483289352008],[-74.8494336320374,39.2482629365118],[-74.8493826311304,39.2481809352972],[-74.8493486283324,39.2480839357059],[-74.8493426284372,39.2480209338771],[-74.8493386286179,39.2479839355317],[-74.8493516305305,39.2478939366711],[-74.8494906313547,39.2475439351676],[-74.8495656292201,39.2473219344795],[-74.8496726681696,39.2468416623206],[-74.8496821623941,39.2467348267286],[-74.8497143418792,39.2465613106939],[-74.8497410041988,39.2463856699541],[-74.8497676295523,39.2462329345658],[-74.8497506299729,39.246063934281],[-74.8497156298135,39.2458959339045],[-74.849538631354,39.2453949341253],[-74.8494776292208,39.2452509348753],[-74.8494266293948,39.2450879342245],[-74.8493956306351,39.244922934974],[-74.8493826305861,39.2447549351239],[-74.8493406277025,39.2445939351872],[-74.8492886291951,39.2444709340496],[-74.8492206288083,39.2443519336833],[-74.8491366298982,39.2442399337953],[-74.8490505245112,39.2441476763172]]}},{"type":"Feature","id":169193,"properties":{"OBJECTID":169193,"PRIMENAME":"Unnamed Segment","ELEVTYP_F":0,"ELEVTYP_T":0},"geometry":{"type":"LineString","coordinates":[[-74.8445035830573,39.1996698816907],[-74.844144552937,39.1996452222276],[-74.8435872931861,39.1996468669528],[-74.8432723653144,39.1996477952684],[-74.8429524627699,39.1998211627941]]}},{"type":"Feature","id":169281,"properties":{"OBJECTID":169281,"PRIMENAME":"Unnamed Segment","ELEVTYP_F":0,"ELEVTYP_T":0},"geometry":{"type":"LineString","coordinates":[[-74.7991956174795,39.3057359491509],[-74.8001286177054,39.3057349502293]]}},{"type":"Feature","id":169285,"properties":{"OBJECTID":169285,"PRIMENAME":"Unnamed Segment","ELEVTYP_F":0,"ELEVTYP_T":0},"geometry":{"type":"LineString","coordinates":[[-74.7486506546132,39.1924567553497],[-74.7488142373416,39.1924085853621],[-74.7492408024304,39.192319091044]]}},{"type":"Feature","id":169472,"properties":{"OBJECTID":169472,"PRIMENAME":"Unnamed Segment","ELEVTYP_F":0,"ELEVTYP_T":0},"geometry":{"type":"LineString","coordinates":[[-74.7691482038312,39.1473741041088],[-74.7690667536587,39.1473768820882],[-74.7689311780169,39.1473815037173],[-74.7688183281732,39.147378134567],[-74.7687188886318,39.1473642936461],[-74.7686103882421,39.1473434379571],[-74.7684742143587,39.1473172615911],[-74.7684060753638,39.1473041653607]]}},{"type":"Feature","id":169763,"properties":{"OBJECTID":169763,"PRIMENAME":"Unnamed Segment","ELEVTYP_F":0,"ELEVTYP_T":0},"geometry":{"type":"LineString","coordinates":[[-74.7566010830705,39.1708796884462],[-74.7566005049396,39.1709148584041],[-74.7566033339797,39.1710713888531],[-74.7565766088123,39.1711787365064],[-74.7565589486615,39.1712931006332],[-74.7565320775308,39.171359996502],[-74.7565139206411,39.1714051954371],[-74.7565233661943,39.171449715636],[-74.7565369929243,39.171469033818],[-74.7566093297376,39.1714776694226],[-74.7567381379444,39.1714809034756],[-74.7569419311696,39.1714985656353]]}},{"type":"Feature","id":169831,"properties":{"OBJECTID":169831,"PRIMENAME":"Unnamed Segment","ELEVTYP_F":0,"ELEVTYP_T":0},"geometry":{"type":"LineString","coordinates":[[-74.7534581746448,39.1669769073693],[-74.7532205675962,39.1668789217952],[-74.7531213444658,39.1668380041979]]}},{"type":"Feature","id":169888,"properties":{"OBJECTID":169888,"PRIMENAME":"Dehirsch Avenue","ELEVTYP_F":0,"ELEVTYP_T":0},"geometry":{"type":"LineString","coordinates":[[-74.7909580054128,39.2277853166018],[-74.7902408373462,39.2273748895952],[-74.7897662818017,39.2271035300551],[-74.7891945774679,39.2267802131125],[-74.7883725142084,39.2263096289456],[-74.7879060490421,39.2260447763383]]}},{"type":"Feature","id":169896,"properties":{"OBJECTID":169896,"PRIMENAME":"Miranda Lane","ELEVTYP_F":0,"ELEVTYP_T":0},"geometry":{"type":"LineString","coordinates":[[-74.829823383962,39.1931011432088],[-74.829687698325,39.193098150006],[-74.8289580631874,39.1930963954877],[-74.8289276726655,39.1930946560783],[-74.8288978967543,39.1930896145168],[-74.8288693250039,39.193081370624],[-74.8288425231222,39.1930700876253],[-74.8286406648093,39.1929884498878]]}},{"type":"Feature","id":170011,"properties":{"OBJECTID":170011,"PRIMENAME":"Heilprin Avenue","ELEVTYP_F":0,"ELEVTYP_T":0},"geometry":{"type":"LineString","coordinates":[[-74.8120460915643,39.2347929882358],[-74.8115727129039,39.2352970246944],[-74.8106531210364,39.2362728399725]]}},{"type":"Feature","id":170544,"properties":{"OBJECTID":170544,"PRIMENAME":"Corsons Tavern Road","ELEVTYP_F":0,"ELEVTYP_T":0},"geometry":{"type":"LineString","coordinates":[[-74.7606437192556,39.1784899426443],[-74.7605831343695,39.1785218416216],[-74.7602650752465,39.1786893071048],[-74.7600696595297,39.1787915829171]]}},{"type":"Feature","id":170598,"properties":{"OBJECTID":170598,"PRIMENAME":"Unnamed Segment","ELEVTYP_F":0,"ELEVTYP_T":0},"geometry":{"type":"LineString","coordinates":[[-74.8433626749575,39.2014771974303],[-74.843143853203,39.2013892886369],[-74.8428658065219,39.2013172741413]]}},{"type":"Feature","id":170677,"properties":{"OBJECTID":170677,"PRIMENAME":"Unnamed Segment","ELEVTYP_F":0,"ELEVTYP_T":0},"geometry":{"type":"LineString","coordinates":[[-74.771135695101,39.1482200936848],[-74.7711292853091,39.1481904150911],[-74.7710823165939,39.1481432698543],[-74.7709668629944,39.148076700466],[-74.7708626739932,39.1480030719218],[-74.7708240810221,39.147952153311]]}},{"type":"Feature","id":170929,"properties":{"OBJECTID":170929,"PRIMENAME":"Kendall Lane","ELEVTYP_F":0,"ELEVTYP_T":0},"geometry":{"type":"LineString","coordinates":[[-74.7544181433737,39.2878256872781],[-74.7535161031901,39.2881208957366],[-74.7531115329911,39.2882459916555]]}},{"type":"Feature","id":170947,"properties":{"OBJECTID":170947,"PRIMENAME":"Perry Road","ELEVTYP_F":0,"ELEVTYP_T":0},"geometry":{"type":"LineString","coordinates":[[-74.7333586085494,39.2602744564737],[-74.7333682273298,39.2601926694318],[-74.7333847840959,39.2600837960291],[-74.7334351364848,39.2598989911126],[-74.7335146801464,39.2595920804298],[-74.7335375394132,39.2594994145906],[-74.7335439879564,39.2594732687601],[-74.7335605711477,39.2593511891889],[-74.7335853548757,39.2591565498196],[-74.7336309837696,39.2588365000591],[-74.7336516598775,39.2586814357891],[-74.7336697973718,39.258602185445]]}},{"type":"Feature","id":171105,"properties":{"OBJECTID":171105,"PRIMENAME":"Unnamed Segment","ELEVTYP_F":0,"ELEVTYP_T":0},"geometry":{"type":"LineString","coordinates":[[-74.764490538213,39.1675386751751],[-74.7643620462326,39.167550692938],[-74.76423338163,39.1675165889653],[-74.7640764598919,39.1674450280982],[-74.7638307610201,39.1672642270757],[-74.7631783132271,39.1667998035201],[-74.7631386102515,39.1667715429122]]}},{"type":"Feature","id":171166,"properties":{"OBJECTID":171166,"PRIMENAME":"Unnamed Segment","ELEVTYP_F":0,"ELEVTYP_T":0},"geometry":{"type":"LineString","coordinates":[[-74.7540189240539,39.1932174583727],[-74.7535101408571,39.1935266786769]]}},{"type":"Feature","id":171303,"properties":{"OBJECTID":171303,"PRIMENAME":"Reading Avenue","ELEVTYP_F":0,"ELEVTYP_T":0},"geometry":{"type":"LineString","coordinates":[[-74.7577396708043,39.2905359951464],[-74.7571402507095,39.2904637118925],[-74.7567811306397,39.2904204048641]]}},{"type":"Feature","id":171431,"properties":{"OBJECTID":171431,"PRIMENAME":"Unnamed Segment","ELEVTYP_F":0,"ELEVTYP_T":0},"geometry":{"type":"LineString","coordinates":[[-74.7577075161182,39.2680029658595],[-74.7571116560556,39.2678590515163],[-74.7568976021929,39.2677159418714],[-74.7556515746198,39.2672480484863]]}},{"type":"Feature","id":171687,"properties":{"OBJECTID":171687,"PRIMENAME":"Woodbine Avenue","ELEVTYP_F":0,"ELEVTYP_T":0},"geometry":{"type":"LineString","coordinates":[[-74.8470766901084,39.2534837134946],[-74.8468842139528,39.2533732938447],[-74.8465027673684,39.253156968886],[-74.846237222537,39.2530041079561],[-74.8460501702465,39.2528915682689],[-74.8459192980218,39.2528136764359],[-74.8458033292886,39.252735740204],[-74.8456835386982,39.2526491123474],[-74.8455675277751,39.2525624722503],[-74.8454477025454,39.2524613455025],[-74.8453428223229,39.2523688789687],[-74.8452379434023,39.25227638531],[-74.8451142620985,39.2521520959675],[-74.8449381305074,39.2519757393245],[-74.8447694661307,39.2518022699625],[-74.8444045065639,39.2514357949695],[-74.8443347274679,39.2513657244673],[-74.8439637289634,39.2509927998029],[-74.8438212034545,39.2508557973353],[-74.8436977164855,39.2507413356621],[-74.843574174246,39.2506373082558],[-74.8434543628656,39.2505448840307],[-74.8433009540399,39.2504351503055],[-74.8431251639992,39.2503196900207],[-74.8429792352349,39.2502302519025],[-74.8428371271836,39.2501494799856],[-74.8426950412027,39.2500657963672],[-74.8423958842538,39.249895618851],[-74.8421341307948,39.2497485034741],[-74.8418237391338,39.249569652819],[-74.8414310925055,39.2493446401668],[-74.84106366667,39.2491351203595]]}},{"type":"Feature","id":171763,"properties":{"OBJECTID":171763,"PRIMENAME":"Unnamed Segment","ELEVTYP_F":0,"ELEVTYP_T":0},"geometry":{"type":"LineString","coordinates":[[-74.7540384981091,39.1916926759222],[-74.7553761388157,39.192192065791],[-74.7554660953677,39.1922755884907],[-74.7554483922232,39.1923384154291],[-74.7554037422079,39.1923873502214],[-74.7551174320704,39.1925484385135]]}},{"type":"Feature","id":171903,"properties":{"OBJECTID":171903,"PRIMENAME":"Unnamed Segment","ELEVTYP_F":0,"ELEVTYP_T":0},"geometry":{"type":"LineString","coordinates":[[-74.7701830362159,39.1501569255617],[-74.7704933053853,39.1493471756403]]}},{"type":"Feature","id":171910,"properties":{"OBJECTID":171910,"PRIMENAME":"State Highway 50","ELEVTYP_F":0,"ELEVTYP_T":0},"geometry":{"type":"LineString","coordinates":[[-74.734299440078,39.2589183527314],[-74.7344108355338,39.2589614005428],[-74.734567374903,39.2590171805568],[-74.7347319006116,39.2590636090251],[-74.7350127567365,39.2591285000655],[-74.7352333618916,39.2591623211171],[-74.7354058326078,39.2591869038199],[-74.7356384820459,39.2592207276825],[-74.7359031901909,39.2592513557823],[-74.7361759113043,39.2592913292921],[-74.7363684844498,39.259328335399],[-74.7364201219953,39.2593392413518],[-74.7365891432934,39.2593777497332],[-74.7367697067562,39.2594241148099],[-74.7369623436143,39.2594798452274],[-74.7371068224319,39.2595294135595],[-74.7372392819673,39.2595759307847],[-74.7373578607908,39.2596206384697]]}},{"type":"Feature","id":171912,"properties":{"OBJECTID":171912,"PRIMENAME":"Unnamed Segment","ELEVTYP_F":0,"ELEVTYP_T":0},"geometry":{"type":"LineString","coordinates":[[-74.750505199695,39.1715552224055],[-74.7504682926201,39.1719487342646]]}},{"type":"Feature","id":171913,"properties":{"OBJECTID":171913,"PRIMENAME":"Unnamed Segment","ELEVTYP_F":0,"ELEVTYP_T":0},"geometry":{"type":"LineString","coordinates":[[-74.740926277763,39.1878803964752],[-74.7400490395351,39.1872489868141],[-74.739265010184,39.1866846507573],[-74.7385155499956,39.186145187227],[-74.7382060837135,39.1858895867531]]}},{"type":"Feature","id":172060,"properties":{"OBJECTID":172060,"PRIMENAME":"Unnamed Segment","ELEVTYP_F":0,"ELEVTYP_T":0},"geometry":{"type":"LineString","coordinates":[[-74.7512711713235,39.1921461362995],[-74.7507033446511,39.191835507851],[-74.7503914343231,39.1916648759627],[-74.7501473658283,39.1914835137013],[-74.7498240059407,39.1913115373949],[-74.7494199184019,39.191127959121],[-74.7493301365321,39.1910871714319]]}},{"type":"Feature","id":172076,"properties":{"OBJECTID":172076,"PRIMENAME":"Unnamed Segment","ELEVTYP_F":0,"ELEVTYP_T":0},"geometry":{"type":"LineString","coordinates":[[-74.7315113513674,39.1988520207089],[-74.7315914578994,39.1986950795851],[-74.7316876141814,39.1986073382266],[-74.7317676061375,39.1984914860116]]}},{"type":"Feature","id":172449,"properties":{"OBJECTID":172449,"PRIMENAME":"Unnamed Segment","ELEVTYP_F":0,"ELEVTYP_T":0},"geometry":{"type":"LineString","coordinates":[[-74.7538898592125,39.1665181231187],[-74.7534581746448,39.1669769073693]]}},{"type":"Feature","id":172472,"properties":{"OBJECTID":172472,"PRIMENAME":"Dudican Road","ELEVTYP_F":0,"ELEVTYP_T":0},"geometry":{"type":"LineString","coordinates":[[-74.8485494424505,39.1980317962288],[-74.8481945632525,39.1985912305033],[-74.8478385186719,39.1991371042149],[-74.8477184457111,39.1993257652022],[-74.8476282820533,39.1994471212986],[-74.8475337803443,39.1995617358308],[-74.8474391430325,39.1996561693668],[-74.8472885288279,39.199784404932],[-74.84710341121,39.1999363016371],[-74.8468063474332,39.2001792783588],[-74.8465437527903,39.2003852213212],[-74.8463027173169,39.2005910725816],[-74.8461434529357,39.2007193323634],[-74.8460831140468,39.200756524063],[-74.8460142949978,39.2008273491229],[-74.8459413033719,39.2009251213801],[-74.8459260430946,39.2009466767354],[-74.8458769231528,39.2010160595444],[-74.8458126120399,39.2011138059478],[-74.8457398280167,39.2012686901452],[-74.8456628757901,39.2014370675962],[-74.8455516373626,39.2016661167608],[-74.845427378115,39.2018883959374],[-74.8453374870269,39.2020668882139],[-74.8452389504774,39.2022454339613],[-74.8451273460292,39.2024004598046],[-74.8450242374492,39.2025319009489],[-74.8449426127381,39.2026330492133],[-74.8448007941603,39.2028015901704],[-74.8447093724763,39.2029128980048]]}},{"type":"Feature","id":172473,"properties":{"OBJECTID":172473,"PRIMENAME":"Unnamed Segment","ELEVTYP_F":0,"ELEVTYP_T":0},"geometry":{"type":"LineString","coordinates":[[-74.7696633661,39.1500021639297],[-74.769991530084,39.1492656725894]]}},{"type":"Feature","id":172601,"properties":{"OBJECTID":172601,"PRIMENAME":"Dehirsch Avenue","ELEVTYP_F":0,"ELEVTYP_T":0},"geometry":{"type":"LineString","coordinates":[[-74.8146744054922,39.240908193419],[-74.814089428743,39.2405732563924],[-74.8135914315893,39.24028794475]]}},{"type":"Feature","id":172789,"properties":{"OBJECTID":172789,"PRIMENAME":"Deerfield Trail","ELEVTYP_F":0,"ELEVTYP_T":0},"geometry":{"type":"LineString","coordinates":[[-74.746304492073,39.2747038607118],[-74.7459780768562,39.2748346427845],[-74.7457959177291,39.2749208306556],[-74.7456265458126,39.2750267327667],[-74.7455377177976,39.275112668376],[-74.7454785404848,39.2751820680962],[-74.7454278768114,39.2752513939912],[-74.7453731114487,39.2753702610613],[-74.7453353276963,39.2754858250482],[-74.7453018384678,39.2756178271669],[-74.7452641449058,39.2757696345739],[-74.7452222922644,39.2759346297365],[-74.7451929387964,39.2760369419502],[-74.7451508111187,39.2761227789075],[-74.7450959297208,39.2762086706188],[-74.7450029647966,39.2763144109559],[-74.7448844588365,39.2764103211243],[-74.7447574398885,39.2764963364302],[-74.744334033378,39.2767775899508],[-74.7439275586651,39.2770423043153],[-74.7437545300217,39.2771558448898]]}},{"type":"Feature","id":172793,"properties":{"OBJECTID":172793,"PRIMENAME":"Unnamed Segment","ELEVTYP_F":0,"ELEVTYP_T":0},"geometry":{"type":"LineString","coordinates":[[-74.7538246118748,39.1920489480782],[-74.7536022413308,39.1924193498528],[-74.7535985140513,39.1924255566038]]}},{"type":"Feature","id":172892,"properties":{"OBJECTID":172892,"PRIMENAME":"Unnamed Segment","ELEVTYP_F":0,"ELEVTYP_T":0},"geometry":{"type":"LineString","coordinates":[[-74.8440981094852,39.1987034843552],[-74.8433609841962,39.1980834799699]]}},{"type":"Feature","id":172931,"properties":{"OBJECTID":172931,"PRIMENAME":"Unnamed Segment","ELEVTYP_F":0,"ELEVTYP_T":0},"geometry":{"type":"LineString","coordinates":[[-74.7325675466953,39.181164229917],[-74.7319995898241,39.1806940708446],[-74.7317919944806,39.1805596396385]]}},{"type":"Feature","id":173111,"properties":{"OBJECTID":173111,"PRIMENAME":"Hall Avenue","ELEVTYP_F":0,"ELEVTYP_T":0},"geometry":{"type":"LineString","coordinates":[[-74.819685183255,39.1921989508289],[-74.8200439381243,39.1928634516995],[-74.8204074451481,39.1935239025816]]}},{"type":"Feature","id":173408,"properties":{"OBJECTID":173408,"PRIMENAME":"Dehirsch Avenue","ELEVTYP_F":0,"ELEVTYP_T":0},"geometry":{"type":"LineString","coordinates":[[-74.8089061235081,39.2381127834464],[-74.8084902925883,39.2378763250968],[-74.8072829391583,39.2371778468734],[-74.8065727760415,39.2367738185453],[-74.806079858682,39.2364903276649]]}},{"type":"Feature","id":173628,"properties":{"OBJECTID":173628,"PRIMENAME":"Dehirsch Avenue","ELEVTYP_F":0,"ELEVTYP_T":0},"geometry":{"type":"LineString","coordinates":[[-74.7856063137884,39.2247280387538],[-74.7850395292988,39.2243983743679],[-74.7840531194102,39.2238295621942],[-74.7832945693874,39.2233878089726],[-74.7827527523088,39.2230643604198],[-74.7823454295031,39.2228102147769],[-74.7820389567723,39.2226166691467],[-74.781695186218,39.222400039079],[-74.7813812924541,39.2222123308022],[-74.7810114740829,39.2220131692313],[-74.7805632380009,39.2217822907112],[-74.7802419933109,39.221617797893],[-74.7800309689146,39.2215101239101]]}},{"type":"Feature","id":173857,"properties":{"OBJECTID":173857,"PRIMENAME":"Unnamed Segment","ELEVTYP_F":0,"ELEVTYP_T":0},"geometry":{"type":"LineString","coordinates":[[-74.731292893647,39.196129836852],[-74.7314651491024,39.1959647836392],[-74.7330756599782,39.1950747742635],[-74.733848076085,39.1955156466962],[-74.7346027206892,39.1958597101334],[-74.7355430802651,39.1963548721222],[-74.735730625847,39.1964536259495],[-74.7358058241706,39.1964504001356]]}},{"type":"Feature","id":173954,"properties":{"OBJECTID":173954,"PRIMENAME":"Unnamed Segment","ELEVTYP_F":0,"ELEVTYP_T":0},"geometry":{"type":"LineString","coordinates":[[-74.7527993375798,39.1653210974046],[-74.7523843284559,39.1658222980943]]}},{"type":"Feature","id":174065,"properties":{"OBJECTID":174065,"PRIMENAME":"Unnamed Segment","ELEVTYP_F":0,"ELEVTYP_T":0},"geometry":{"type":"LineString","coordinates":[[-74.8394861289002,39.2332081749807],[-74.8390483047495,39.2329201687903]]}},{"type":"Feature","id":174324,"properties":{"OBJECTID":174324,"PRIMENAME":"Unnamed Segment","ELEVTYP_F":0,"ELEVTYP_T":0},"geometry":{"type":"LineString","coordinates":[[-74.7690394632007,39.1465365561712],[-74.7689947973323,39.146636636379],[-74.7689512046702,39.1466813231942],[-74.7688977555335,39.1467361149431],[-74.768829841587,39.146841659168],[-74.7687108298219,39.1470266140721],[-74.7686546542288,39.1471041329973],[-74.7685915408917,39.1471607242371],[-74.7685330424589,39.1471993906915],[-74.7684609417623,39.1472470455073],[-74.7684060753638,39.1473041653607]]}},{"type":"Feature","id":174355,"properties":{"OBJECTID":174355,"PRIMENAME":"Meadow Lark Road","ELEVTYP_F":0,"ELEVTYP_T":0},"geometry":{"type":"LineString","coordinates":[[-74.7345353126439,39.2460012705396],[-74.7345336278609,39.245951439343],[-74.7345257088737,39.245842751726],[-74.734502589146,39.24570765367],[-74.7344718832456,39.2455637580982],[-74.7344299013746,39.2454375116733],[-74.7343727874736,39.2453054195934],[-74.7342891667451,39.2451557813678],[-74.734201913833,39.245050191767],[-74.7340805465126,39.2449006013543],[-74.733978181716,39.2447950419513],[-74.7338531576641,39.2446924655479],[-74.7337017021203,39.2445840668586]]}},{"type":"Feature","id":174500,"properties":{"OBJECTID":174500,"PRIMENAME":"Mill Creek Lane","ELEVTYP_F":0,"ELEVTYP_T":0},"geometry":{"type":"LineString","coordinates":[[-74.8247366195447,39.2026819272091],[-74.8260466193942,39.2031879271794]]}},{"type":"Feature","id":174720,"properties":{"OBJECTID":174720,"PRIMENAME":"Dehirsch Avenue","ELEVTYP_F":0,"ELEVTYP_T":0},"geometry":{"type":"LineString","coordinates":[[-74.8165539549212,39.2424896320441],[-74.8158321501244,39.2420801459439],[-74.8154468517972,39.241867682794]]}},{"type":"Feature","id":174791,"properties":{"OBJECTID":174791,"PRIMENAME":"Unnamed Segment","ELEVTYP_F":0,"ELEVTYP_T":0},"geometry":{"type":"LineString","coordinates":[[-74.7303398595136,39.1974824653562],[-74.730349513135,39.1974769583931],[-74.7307496112144,39.1972486900109],[-74.7308247731322,39.1971922588522],[-74.7308456386799,39.1971218642175],[-74.7308183447704,39.197070325756],[-74.7307518280917,39.1970047930557],[-74.730682394256,39.1969697539025]]}},{"type":"Feature","id":175274,"properties":{"OBJECTID":175274,"PRIMENAME":"Unnamed Segment","ELEVTYP_F":0,"ELEVTYP_T":0},"geometry":{"type":"LineString","coordinates":[[-74.8391590182323,39.2343184700435],[-74.8391794230122,39.2342950792336],[-74.8399391764758,39.233506188298]]}},{"type":"Feature","id":175493,"properties":{"OBJECTID":175493,"PRIMENAME":"Ivy Street","ELEVTYP_F":0,"ELEVTYP_T":0},"geometry":{"type":"LineString","coordinates":[[-74.7968416123088,39.2392129364378],[-74.7969784601278,39.2391087043378],[-74.7972507063851,39.2389084354624],[-74.7973622609986,39.2388339496733],[-74.7974507280124,39.2387467301081],[-74.7975129940383,39.2386877219122],[-74.7976113745021,39.2386107102854],[-74.7976638345807,39.2385670807432],[-74.7977588828041,39.2384798432209],[-74.7979062703611,39.2383208299633]]}},{"type":"Feature","id":175536,"properties":{"OBJECTID":175536,"PRIMENAME":"Washington Avenue","ELEVTYP_F":0,"ELEVTYP_T":0},"geometry":{"type":"LineString","coordinates":[[-74.8542367049667,39.2008200467588],[-74.854108141713,39.2009665928944],[-74.8534051430331,39.2017051891163],[-74.8524891958979,39.2026776766897],[-74.8517819264502,39.2034229204001],[-74.8511109617445,39.2041336881591],[-74.8509553732574,39.2042985026647],[-74.8498348487061,39.2054848458981],[-74.8494572039569,39.2058852641866],[-74.8489145139586,39.2064606673489],[-74.8486468463079,39.2067432906923]]}},{"type":"Feature","id":175660,"properties":{"OBJECTID":175660,"PRIMENAME":"Maple Road","ELEVTYP_F":0,"ELEVTYP_T":0},"geometry":{"type":"LineString","coordinates":[[-74.8419425983393,39.1962165050378],[-74.842128738164,39.1963042067839],[-74.8423110991498,39.1963913148749],[-74.8426238676922,39.1965046462272]]}},{"type":"Feature","id":175679,"properties":{"OBJECTID":175679,"PRIMENAME":"Clermont Southseaville Road","ELEVTYP_F":0,"ELEVTYP_T":0},"geometry":{"type":"LineString","coordinates":[[-74.7635309810391,39.1714811412726],[-74.7633186615807,39.1719438424943],[-74.7631407121926,39.1723443286623],[-74.7629357909055,39.1728324970912],[-74.76282830125,39.1730885565126],[-74.7625208508402,39.1738591874964],[-74.7624863232564,39.1739654162653]]}},{"type":"Feature","id":176337,"properties":{"OBJECTID":176337,"PRIMENAME":"Perry Road","ELEVTYP_F":0,"ELEVTYP_T":0},"geometry":{"type":"LineString","coordinates":[[-74.7330275552355,39.2630442381484],[-74.7331640865861,39.262623970419],[-74.7332775685866,39.2623038400615],[-74.7333195962285,39.2621750912621],[-74.7333446538028,39.2620629065588],[-74.7333697174961,39.2619309244391],[-74.7333862547881,39.2618055768479],[-74.7333943513675,39.261680191218],[-74.733393793575,39.261511989673],[-74.7333841437158,39.261168959197],[-74.7333576758003,39.2608556715636],[-74.7333524059653,39.2605555204835],[-74.7333518154335,39.2603774072083],[-74.7333558276011,39.2602982401884],[-74.7333586085494,39.2602744564737]]}},{"type":"Feature","id":176728,"properties":{"OBJECTID":176728,"PRIMENAME":"Unnamed Segment","ELEVTYP_F":0,"ELEVTYP_T":0},"geometry":{"type":"LineString","coordinates":[[-74.7361056922196,39.1965405238984],[-74.7364711074642,39.1966895139604]]}},{"type":"Feature","id":177039,"properties":{"OBJECTID":177039,"PRIMENAME":"Atlantic Boulevard","ELEVTYP_F":0,"ELEVTYP_T":0},"geometry":{"type":"LineString","coordinates":[[-74.7962360658514,39.2385757816196],[-74.7963940351863,39.2387420893283],[-74.796533988746,39.2388894307502]]}},{"type":"Feature","id":177140,"properties":{"OBJECTID":177140,"PRIMENAME":"State Highway 50","ELEVTYP_F":0,"ELEVTYP_T":0},"geometry":{"type":"LineString","coordinates":[[-74.7529206408345,39.3012817775357],[-74.7529269308846,39.3012914836874],[-74.7530090115424,39.3013961631523],[-74.7531303480366,39.301547708699],[-74.7532658665254,39.3017019419304],[-74.7534262933856,39.3018644128032],[-74.7535759389431,39.3019965665161],[-74.7537256008846,39.3021231466429],[-74.7538502848179,39.3022222691888],[-74.753960702492,39.302304810755],[-74.7540960037127,39.3023983635439],[-74.7544414559167,39.3026432113955],[-74.7546764950235,39.3028165551352],[-74.755139474665,39.3031439810515],[-74.7556060125152,39.3034768616457],[-74.755719818202,39.3035570330423]]}},{"type":"Feature","id":177733,"properties":{"OBJECTID":177733,"PRIMENAME":"Meadow Lark Road","ELEVTYP_F":0,"ELEVTYP_T":0},"geometry":{"type":"LineString","coordinates":[[-74.7337017021203,39.2445840668586],[-74.7333115337391,39.2442910563492],[-74.7322092628765,39.243432474643],[-74.7319626032219,39.2432543962417],[-74.7318684132453,39.2431863957388]]}},{"type":"Feature","id":178234,"properties":{"OBJECTID":178234,"PRIMENAME":"Woodbine Avenue","ELEVTYP_F":0,"ELEVTYP_T":0},"geometry":{"type":"LineString","coordinates":[[-74.8664666057016,39.2688258358899],[-74.8663790352111,39.268750384891],[-74.8662695222489,39.2686477242049],[-74.8661015972521,39.26849030604],[-74.8656781873079,39.2681175887982],[-74.8652358950867,39.2677130509784],[-74.8651160216585,39.2676061526901],[-74.8650640209785,39.2675574966582]]}},{"type":"Feature","id":178294,"properties":{"OBJECTID":178294,"PRIMENAME":"Franklin Street","ELEVTYP_F":0,"ELEVTYP_T":0},"geometry":{"type":"LineString","coordinates":[[-74.8128640476059,39.2375324271489],[-74.8123338401178,39.2372308041272],[-74.812078134471,39.2370844990296],[-74.8117570830389,39.236900802935]]}},{"type":"Feature","id":178539,"properties":{"OBJECTID":178539,"PRIMENAME":"State Highway 50","ELEVTYP_F":0,"ELEVTYP_T":0},"geometry":{"type":"LineString","coordinates":[[-74.7427988701674,39.2699137807335],[-74.7429486873309,39.27012085192],[-74.743435944206,39.2707948130499],[-74.7437116388173,39.2711691629681]]}},{"type":"Feature","id":178766,"properties":{"OBJECTID":178766,"PRIMENAME":"Unnamed Segment","ELEVTYP_F":0,"ELEVTYP_T":0},"geometry":{"type":"LineString","coordinates":[[-74.7550353301811,39.166364659481],[-74.7549593016558,39.1663361909077],[-74.7548082586566,39.1662732022677],[-74.7546612885231,39.1662055057599]]}},{"type":"Feature","id":178830,"properties":{"OBJECTID":178830,"PRIMENAME":"Head Of River Road","ELEVTYP_F":0,"ELEVTYP_T":0},"geometry":{"type":"LineString","coordinates":[[-74.8204173878487,39.3070498414744],[-74.8204120108462,39.3070390969372],[-74.8203735788645,39.3069636531397],[-74.8203242122367,39.3068667441637],[-74.8202763413125,39.306769788712]]}},{"type":"Feature","id":179197,"properties":{"OBJECTID":179197,"PRIMENAME":"Barbers Lane","ELEVTYP_F":0,"ELEVTYP_T":0},"geometry":{"type":"LineString","coordinates":[[-74.7516602428414,39.1555591790083],[-74.7514740548156,39.1560696885482],[-74.7514376298389,39.1561603501617],[-74.7514317049869,39.1562199462746],[-74.751444130411,39.1562628354637],[-74.7514687845318,39.156312837419],[-74.7515179215513,39.156355620355],[-74.7515884333809,39.1563888289492],[-74.7516527582534,39.1563982452748],[-74.7518028076227,39.1564050603291],[-74.7523385930239,39.1564182068151],[-74.7524304198098,39.1564156189301],[-74.7524977353838,39.1564035568015],[-74.7525343970783,39.1563891720346],[-74.7525741023441,39.1563581133274],[-74.7527021718052,39.1562243646163],[-74.7533273727627,39.1555532330814],[-74.7536148021232,39.1552409904002]]}},{"type":"Feature","id":179231,"properties":{"OBJECTID":179231,"PRIMENAME":"Unnamed Segment","ELEVTYP_F":0,"ELEVTYP_T":0},"geometry":{"type":"LineString","coordinates":[[-74.7718363558889,39.1484383081166],[-74.7719206563427,39.1485190294611],[-74.7720180350245,39.1485838789413],[-74.7721537677786,39.1486363288011],[-74.7721913151053,39.1486647301973]]}},{"type":"Feature","id":179867,"properties":{"OBJECTID":179867,"PRIMENAME":"Sea Isle Boulevard","ELEVTYP_F":0,"ELEVTYP_T":0},"geometry":{"type":"LineString","coordinates":[[-74.7336213902811,39.1765139659237],[-74.73359411352,39.176479781607],[-74.7334097694377,39.1762597766233],[-74.7330694453649,39.1759044156065],[-74.732769734873,39.1756047108272],[-74.7324606100338,39.1752735307831],[-74.7320671907729,39.1748601731981],[-74.7316144786824,39.1743936088722],[-74.7313740685913,39.1741446618083],[-74.7311804444929,39.1739198116057],[-74.7310690165624,39.1737724376597]]}},{"type":"Feature","id":179894,"properties":{"OBJECTID":179894,"PRIMENAME":"Unnamed Segment","ELEVTYP_F":0,"ELEVTYP_T":0},"geometry":{"type":"LineString","coordinates":[[-74.7532222853293,39.1655109919709],[-74.7531617133428,39.1654826724031],[-74.7528731814361,39.1653540240768],[-74.7527993375798,39.1653210974046]]}},{"type":"Feature","id":180270,"properties":{"OBJECTID":180270,"PRIMENAME":"Marshall Avenue","ELEVTYP_F":0,"ELEVTYP_T":0},"geometry":{"type":"LineString","coordinates":[[-74.7550467286236,39.2840313154927],[-74.7546605115138,39.2841537408526],[-74.7538592244734,39.2844127628755],[-74.7535231493853,39.2845184910389]]}},{"type":"Feature","id":180326,"properties":{"OBJECTID":180326,"PRIMENAME":"Pacific Avenue","ELEVTYP_F":0,"ELEVTYP_T":0},"geometry":{"type":"LineString","coordinates":[[-74.7979062703611,39.2383208299633],[-74.7975137874148,39.2380966716407]]}},{"type":"Feature","id":180460,"properties":{"OBJECTID":180460,"PRIMENAME":"West Sunrise Road","ELEVTYP_F":0,"ELEVTYP_T":0},"geometry":{"type":"LineString","coordinates":[[-74.7516253408434,39.2553114018527],[-74.7517451388301,39.2552140539253],[-74.751843671613,39.2551452530385],[-74.7519563578187,39.2550736757365],[-74.7520584066888,39.2550103584847],[-74.7521570285533,39.2549662685495],[-74.7522521534701,39.2549221861048],[-74.7523754405501,39.2548725502324],[-74.7525023441008,39.2548366088266],[-74.752692699559,39.2547978109383],[-74.7531508931223,39.2546706221081],[-74.7538945622293,39.2544605209746],[-74.7547191090368,39.2541844510264],[-74.7550856002222,39.2540629474336],[-74.7553217377491,39.2539993326482],[-74.7554733429587,39.2539688252725],[-74.755639049377,39.2539410315597],[-74.755850531135,39.253885707858],[-74.7559351374349,39.2538635832844],[-74.7560123464022,39.25385630248],[-74.7561080162562,39.2538659498584],[-74.7564293277014,39.2539365484914],[-74.7568813166265,39.2540480176414],[-74.7572839691991,39.2541788131219],[-74.7575136397795,39.2542688041312],[-74.7579199781894,39.2544407208913],[-74.7582132888704,39.2545690095316],[-74.7585418601382,39.2546917007085],[-74.7587432298769,39.2547680514692],[-74.7589444901102,39.2548141983894],[-74.7591210241939,39.2548495000051],[-74.7592092934171,39.2548630051147],[-74.7592974774465,39.2548628088113],[-74.7594244470705,39.2548460788034],[-74.7595865977529,39.254821034011],[-74.7596712646543,39.2548153538397],[-74.7597700737447,39.2548233706241],[-74.7598893800362,39.254835268279]]}},{"type":"Feature","id":180491,"properties":{"OBJECTID":180491,"PRIMENAME":"Unnamed Segment","ELEVTYP_F":0,"ELEVTYP_T":0},"geometry":{"type":"LineString","coordinates":[[-74.7668454481744,39.1479118877773],[-74.766809192434,39.1479926347513],[-74.7667891102357,39.1480577565464],[-74.7667937806623,39.1480981999041],[-74.7668233154871,39.1481438634649],[-74.7668641220891,39.1481824647438],[-74.7669139352584,39.1482140089166],[-74.767033756775,39.1482418767087],[-74.7671693600116,39.1482609132953],[-74.7673592444187,39.1482991725713],[-74.7674713413144,39.1483080318799]]}},{"type":"Feature","id":180499,"properties":{"OBJECTID":180499,"PRIMENAME":"Ocean Drive","ELEVTYP_F":0,"ELEVTYP_T":0},"geometry":{"type":"LineString","coordinates":[[-74.8099895234936,39.236974542692],[-74.8099020839427,39.2369158045865],[-74.8098576171876,39.2368859343845],[-74.8080826172045,39.2358669339093],[-74.8079626158148,39.2357819348859]]}},{"type":"Feature","id":180898,"properties":{"OBJECTID":180898,"PRIMENAME":"Unnamed Segment","ELEVTYP_F":0,"ELEVTYP_T":0},"geometry":{"type":"LineString","coordinates":[[-74.7552852210959,39.1671699037001],[-74.7548560097742,39.1676093818],[-74.7548259526742,39.1676282083768],[-74.7547897925928,39.1676259425621],[-74.7547385193518,39.1676096386881],[-74.754524153215,39.1674787793536],[-74.754476512949,39.1674545211388]]}},{"type":"Feature","id":181121,"properties":{"OBJECTID":181121,"PRIMENAME":"Dehirsch Avenue","ELEVTYP_F":0,"ELEVTYP_T":0},"geometry":{"type":"LineString","coordinates":[[-74.8135914315893,39.24028794475],[-74.8125126183671,39.2396698448452]]}},{"type":"Feature","id":181403,"properties":{"OBJECTID":181403,"PRIMENAME":"Unnamed Segment","ELEVTYP_F":0,"ELEVTYP_T":0},"geometry":{"type":"LineString","coordinates":[[-74.7682291663576,39.150134220661],[-74.7683177317058,39.1497488256021]]}},{"type":"Feature","id":181460,"properties":{"OBJECTID":181460,"PRIMENAME":"Unnamed Segment","ELEVTYP_F":0,"ELEVTYP_T":0},"geometry":{"type":"LineString","coordinates":[[-74.7542714293435,39.1666836218958],[-74.7545314603038,39.1667921231826]]}},{"type":"Feature","id":181603,"properties":{"OBJECTID":181603,"PRIMENAME":"Whitman Lane","ELEVTYP_F":0,"ELEVTYP_T":0},"geometry":{"type":"LineString","coordinates":[[-74.7475208408457,39.285174857143],[-74.7475205977272,39.2851756026377],[-74.7474998322743,39.2851982708639],[-74.7474674293681,39.2852171479482],[-74.7474235622959,39.2852314092626],[-74.7471225249779,39.2853178246054],[-74.7464992353006,39.285497259439]]}},{"type":"Feature","id":181939,"properties":{"OBJECTID":181939,"PRIMENAME":"State Highway 49","ELEVTYP_F":0,"ELEVTYP_T":0},"geometry":{"type":"LineString","coordinates":[[-74.7986192447008,39.3019662610025],[-74.7978752026012,39.30197097668],[-74.7959938784469,39.301985219963],[-74.7937030531721,39.3020036239735],[-74.792725874099,39.3020123726952],[-74.7925595994698,39.3020139319753],[-74.791805483647,39.3020209988197],[-74.791460866988,39.3020249923924],[-74.7910634708669,39.3020165406092],[-74.7907025067421,39.301998552348],[-74.7903861500323,39.301974136092],[-74.7901103271199,39.3019496188803],[-74.7897411538304,39.3019032849869],[-74.789453097023,39.3018599056409],[-74.7892015243242,39.3018195643961],[-74.7889702461375,39.3017728854389],[-74.7887713652025,39.3017324133691],[-74.7885968802414,39.3016950648745],[-74.7883330486604,39.3016295472918],[-74.7878621895673,39.3015015551811],[-74.7867945988556,39.3012112515806],[-74.7861126818034,39.3010269909198],[-74.785787920662,39.3009333100111],[-74.7855808744596,39.3008739614969],[-74.7853494634704,39.3008020699068],[-74.7850896485721,39.3007145146477],[-74.7850689096625,39.3007072742186],[-74.78482974953,39.3006237746254],[-74.7845946478127,39.3005302268176]]}},{"type":"Feature","id":182351,"properties":{"OBJECTID":182351,"PRIMENAME":"Unnamed Segment","ELEVTYP_F":0,"ELEVTYP_T":0},"geometry":{"type":"LineString","coordinates":[[-74.756850732947,39.1725662279431],[-74.7567856886215,39.1729064147121]]}},{"type":"Feature","id":182462,"properties":{"OBJECTID":182462,"PRIMENAME":"Unnamed Segment","ELEVTYP_F":0,"ELEVTYP_T":0},"geometry":{"type":"LineString","coordinates":[[-74.7368138959237,39.1968292774853],[-74.7364451712515,39.1973429852404],[-74.7362319599819,39.1975732383503],[-74.7358388301538,39.1980782339072],[-74.7356567329391,39.1983121469987]]}},{"type":"Feature","id":182642,"properties":{"OBJECTID":182642,"PRIMENAME":"Henry De Cinque Boulevard","ELEVTYP_F":0,"ELEVTYP_T":0},"geometry":{"type":"LineString","coordinates":[[-74.7873401922637,39.2257231932771],[-74.7875194812681,39.2255213121663],[-74.7875983315321,39.2254325246563],[-74.7877131839287,39.2253097869392],[-74.7878383219523,39.2251760570072],[-74.7881269453235,39.2248738902597],[-74.7883832813518,39.2246275126538],[-74.78851629089,39.2245055750567],[-74.7886526652763,39.2244039201286],[-74.7887792884897,39.2243174726774],[-74.7889320473336,39.2242258804928],[-74.7890912568266,39.2241317732001],[-74.7893187478126,39.2240146529101],[-74.7895365271027,39.2239051881328],[-74.7898063455929,39.2237803830026],[-74.7900500911693,39.223650589422],[-74.7902645743623,39.2235385785386],[-74.7904530614765,39.2234317118532],[-74.7906869428477,39.2232816503664],[-74.7909207605466,39.2231164051003],[-74.7910603100071,39.2230071337113],[-74.7911902188365,39.2229054640237],[-74.7913329911683,39.2227733671598],[-74.7914692952231,39.2226564967954],[-74.7916087517906,39.222516802189],[-74.7917806048301,39.2223238413438],[-74.7919296669725,39.2221512005993],[-74.7921272505402,39.221889778422],[-74.792233991139,39.2217096377043],[-74.7922403851964,39.2216767008747],[-74.7922393648456,39.2216716614956],[-74.7922337180249,39.2216437688859],[-74.7922075206503,39.2216083869894],[-74.7921748197958,39.2215882048686],[-74.7921258751004,39.221557932754]]}},{"type":"Feature","id":182963,"properties":{"OBJECTID":182963,"PRIMENAME":null,"ELEVTYP_F":0,"ELEVTYP_T":0},"geometry":{"type":"LineString","coordinates":[[-74.9165190054298,39.2318147911124],[-74.916439087811,39.2318338491478],[-74.9163437718342,39.2318409307527],[-74.9162602471732,39.2318260602815],[-74.9162103280703,39.2318135964887],[-74.916149337239,39.2317949015895]]}},{"type":"Feature","id":183330,"properties":{"OBJECTID":183330,"PRIMENAME":"Dennisville Petersburg Road","ELEVTYP_F":0,"ELEVTYP_T":0},"geometry":{"type":"LineString","coordinates":[[-74.762299497407,39.2396306511832],[-74.7620943900476,39.2396873451927],[-74.7615046561255,39.2398463856309],[-74.7608698230731,39.2400125244219],[-74.7602485309319,39.2401751162736],[-74.759181552403,39.2404578614356],[-74.7588471538717,39.2405476778821],[-74.7581685832226,39.2407299329455],[-74.7572816598112,39.2409631952471],[-74.7568584926791,39.2410832662093],[-74.7564893961889,39.2412067316],[-74.7561878767659,39.2413195579796],[-74.7558548792846,39.2414569723201],[-74.7553014241224,39.2416964607279],[-74.7548060870699,39.2419132302517],[-74.7547299964946,39.2419465290782],[-74.7538616574374,39.2423374115971],[-74.7526198148536,39.2428903272875],[-74.7516074622119,39.2433515489608],[-74.7509100211774,39.243661453115],[-74.7502947668274,39.2439389413371]]}},{"type":"Feature","id":183340,"properties":{"OBJECTID":183340,"PRIMENAME":"Dehirsch Avenue","ELEVTYP_F":0,"ELEVTYP_T":0},"geometry":{"type":"LineString","coordinates":[[-74.8132736382916,39.240618012036],[-74.8131179511046,39.2405285904433],[-74.8121989613599,39.2400019024758]]}},{"type":"Feature","id":183369,"properties":{"OBJECTID":183369,"PRIMENAME":"South Sunset Drive","ELEVTYP_F":0,"ELEVTYP_T":0},"geometry":{"type":"LineString","coordinates":[[-74.7445619983315,39.2559734493491],[-74.7447852047031,39.256005132634],[-74.7449934453275,39.2560293791417],[-74.7451593842942,39.256045476295],[-74.7453145836332,39.2560506409111],[-74.7454627975848,39.2560475829071],[-74.7456320767713,39.2560389888629],[-74.7458048840636,39.2560194322034],[-74.7459530045403,39.2559999265248],[-74.7461222320071,39.2559666483939],[-74.7463020062772,39.2559196452755],[-74.7465381292099,39.2558478120998],[-74.746834109192,39.2557347208639],[-74.7469349885183,39.2556987578033]]}},{"type":"Feature","id":183680,"properties":{"OBJECTID":183680,"PRIMENAME":"Unnamed Segment","ELEVTYP_F":0,"ELEVTYP_T":0},"geometry":{"type":"LineString","coordinates":[[-74.8444584770754,39.2000729388613],[-74.8439198576858,39.2000658586681]]}},{"type":"Feature","id":183681,"properties":{"OBJECTID":183681,"PRIMENAME":"Unnamed Segment","ELEVTYP_F":0,"ELEVTYP_T":0},"geometry":{"type":"LineString","coordinates":[[-74.7674713413144,39.1483080318799],[-74.7675106314771,39.1483111369875],[-74.7677570070534,39.148354543064],[-74.7678948266509,39.1483630194663],[-74.7679647828143,39.1483452706377]]}},{"type":"Feature","id":183921,"properties":{"OBJECTID":183921,"PRIMENAME":"Cat Pond Road","ELEVTYP_F":0,"ELEVTYP_T":0},"geometry":{"type":"LineString","coordinates":[[-74.7582694959703,39.305526767512],[-74.758460815187,39.3056751316675]]}},{"type":"Feature","id":183922,"properties":{"OBJECTID":183922,"PRIMENAME":"Scott Lane","ELEVTYP_F":0,"ELEVTYP_T":0},"geometry":{"type":"LineString","coordinates":[[-74.7295310295909,39.1848347271733],[-74.7305054152059,39.1839635397703],[-74.7306119527352,39.1838682854091]]}},{"type":"Feature","id":183998,"properties":{"OBJECTID":183998,"PRIMENAME":"Unnamed Segment","ELEVTYP_F":0,"ELEVTYP_T":0},"geometry":{"type":"LineString","coordinates":[[-74.7384782482229,39.2014216863318],[-74.7380110281072,39.2014085716472]]}},{"type":"Feature","id":184032,"properties":{"OBJECTID":184032,"PRIMENAME":"California Drive","ELEVTYP_F":0,"ELEVTYP_T":0},"geometry":{"type":"LineString","coordinates":[[-74.7445619983315,39.2559734493491],[-74.7446390987037,39.2555885030453],[-74.7446737647822,39.2553813838658]]}},{"type":"Feature","id":185113,"properties":{"OBJECTID":185113,"PRIMENAME":"Aetna Drive","ELEVTYP_F":0,"ELEVTYP_T":0},"geometry":{"type":"LineString","coordinates":[[-74.762657499783,39.300550812118],[-74.7630955069735,39.3005571215646],[-74.7636857109977,39.3005656214615],[-74.7642053077818,39.3005673261113],[-74.7643676326086,39.3005693502034],[-74.7655749393166,39.3005843909453],[-74.7663469938813,39.3005941316084],[-74.7671487452668,39.3006067374783],[-74.7674048425755,39.3006147983025],[-74.767694382442,39.3006256651895],[-74.7678094784947,39.3006340492388],[-74.767935728032,39.3006481736361],[-74.7680285832862,39.3006624018043],[-74.7681957159033,39.3006937301816],[-74.7684074088106,39.3007336043412],[-74.7687158016092,39.3008136430943],[-74.7690204490495,39.3008936905838],[-74.7693176425263,39.3009650778488],[-74.7700606833531,39.3011479223245],[-74.7704470226433,39.3012421914222],[-74.770967127314,39.301364977728],[-74.7712309066352,39.301430699659],[-74.7715541138099,39.3015106972643],[-74.7717621160956,39.3015679966186],[-74.7718550683578,39.3015936015221],[-74.7720260614981,39.3016537721405],[-74.7721487486618,39.3017053787677],[-74.7723234747194,39.3017799550907],[-74.772539129433,39.301883265085],[-74.7727548754018,39.3020009623077],[-74.773018962422,39.302144546948],[-74.7733351122773,39.3023168394016],[-74.773524795258,39.3024202085294],[-74.7740715749093,39.3027188342157],[-74.7744658461693,39.3029312737046],[-74.7748155136436,39.3031236911008],[-74.7752506870588,39.3033562384699],[-74.7756263667192,39.3035572136239],[-74.7758457997253,39.3036749233682],[-74.7760051008099,39.3037612827266]]}},{"type":"Feature","id":185667,"properties":{"OBJECTID":185667,"PRIMENAME":"Bryant Street","ELEVTYP_F":0,"ELEVTYP_T":0},"geometry":{"type":"LineString","coordinates":[[-74.8126279646074,39.2448388761682],[-74.8133935828672,39.2452758319772],[-74.8135821461457,39.245391685786],[-74.8135837945802,39.2453926992797],[-74.8136342344242,39.2454196638775],[-74.8136613579216,39.2454286243062],[-74.8137039832316,39.2454375429766],[-74.8137465413914,39.2454313874105]]}},{"type":"Feature","id":185782,"properties":{"OBJECTID":185782,"PRIMENAME":"Unnamed Segment","ELEVTYP_F":0,"ELEVTYP_T":0},"geometry":{"type":"LineString","coordinates":[[-74.7446737647822,39.2553813838658],[-74.747175240351,39.2546328801786]]}},{"type":"Feature","id":186265,"properties":{"OBJECTID":186265,"PRIMENAME":"Unnamed Segment","ELEVTYP_F":0,"ELEVTYP_T":0},"geometry":{"type":"LineString","coordinates":[[-74.7370769060581,39.1984883505735],[-74.7370325679341,39.1999425232403]]}},{"type":"Feature","id":186425,"properties":{"OBJECTID":186425,"PRIMENAME":"Unnamed Segment","ELEVTYP_F":0,"ELEVTYP_T":0},"geometry":{"type":"LineString","coordinates":[[-74.7413148415213,39.1876846733495],[-74.740926277763,39.1878803964752]]}},{"type":"Feature","id":186450,"properties":{"OBJECTID":186450,"PRIMENAME":"Unnamed Segment","ELEVTYP_F":0,"ELEVTYP_T":0},"geometry":{"type":"LineString","coordinates":[[-74.7364711074642,39.1966895139604],[-74.7368138959237,39.1968292774853]]}},{"type":"Feature","id":186463,"properties":{"OBJECTID":186463,"PRIMENAME":"Unnamed Segment","ELEVTYP_F":0,"ELEVTYP_T":0},"geometry":{"type":"LineString","coordinates":[[-74.7526358690383,39.1933965154179],[-74.752270586133,39.1937127500509],[-74.7525129800185,39.1938029209133],[-74.7529077888026,39.1938927596287]]}},{"type":"Feature","id":186889,"properties":{"OBJECTID":186889,"PRIMENAME":"Unnamed Segment","ELEVTYP_F":0,"ELEVTYP_T":0},"geometry":{"type":"LineString","coordinates":[[-74.7315113513674,39.1988520207089],[-74.7315798814837,39.1989175471485],[-74.7316087194373,39.1991332402775],[-74.7315793584257,39.1992882455504],[-74.7315613195582,39.1993834805513],[-74.7314532375166,39.1995118937807],[-74.7313650245084,39.1995714807366]]}},{"type":"Feature","id":187301,"properties":{"OBJECTID":187301,"PRIMENAME":"Franks Road","ELEVTYP_F":0,"ELEVTYP_T":0},"geometry":{"type":"LineString","coordinates":[[-74.8558518182473,39.2326144188996],[-74.8557922895684,39.2326833806113],[-74.8556422987661,39.2328762316682],[-74.8554089029325,39.2331573648525],[-74.8552546298108,39.2333274114454],[-74.8550585937367,39.2335334443161],[-74.8548875150602,39.2336970061492],[-74.8547081660632,39.2338867330764],[-74.8545913482907,39.2340077084297],[-74.854441288947,39.2341810083936],[-74.8542996751772,39.2343770715605],[-74.8541830395075,39.2345274254725],[-74.8540623977651,39.2347169449296],[-74.8539626293402,39.2348867961584],[-74.8538797104418,39.2350794140205],[-74.8537886222119,39.2353047295762],[-74.8537142019851,39.2355168982355],[-74.8536772461361,39.2356735442098],[-74.8536117366408,39.2359868376284],[-74.8535010457181,39.2364925781416],[-74.8534393432687,39.2367275799434],[-74.8533526990511,39.2370017279686],[-74.8532866928628,39.2372236726521],[-74.8532124176137,39.2374652200022],[-74.8531172154222,39.2377231113558],[-74.85304266523,39.2378961534567],[-74.8529638439071,39.2380692354733],[-74.8528890100668,39.2381999116179],[-74.8527725936472,39.2383958964683],[-74.8526145583503,39.2386572458553],[-74.8524523487661,39.2389316777202],[-74.8523443014681,39.2391211292363],[-74.8522652637659,39.2392517906522],[-74.8522364120142,39.2392857390191]]}},{"type":"Feature","id":187649,"properties":{"OBJECTID":187649,"PRIMENAME":"Unnamed Segment","ELEVTYP_F":0,"ELEVTYP_T":0},"geometry":{"type":"LineString","coordinates":[[-74.7517309778,39.192397668267],[-74.7512711713235,39.1921461362995]]}},{"type":"Feature","id":187916,"properties":{"OBJECTID":187916,"PRIMENAME":"Steelmantown Road","ELEVTYP_F":0,"ELEVTYP_T":0},"geometry":{"type":"LineString","coordinates":[[-74.8103306366155,39.2696523964818],[-74.8102122046652,39.2696687322351],[-74.8100972887418,39.2696748035578],[-74.8099934739316,39.2696750799613],[-74.8099007000968,39.2696637954795],[-74.8097596564704,39.269632457336],[-74.8094440909622,39.2695555104136],[-74.8092399177524,39.2694983660011],[-74.8089986220242,39.2694499955476],[-74.8087648312051,39.2694131370068],[-74.8085310533867,39.2693791876141],[-74.8083974721318,39.2693738032245],[-74.8082788448328,39.2693712067728],[-74.8081490950816,39.2693859651262],[-74.8079785542684,39.2694343561834]]}},{"type":"Feature","id":187932,"properties":{"OBJECTID":187932,"PRIMENAME":"Unnamed Segment","ELEVTYP_F":0,"ELEVTYP_T":0},"geometry":{"type":"LineString","coordinates":[[-74.736573257158,39.2013857037545],[-74.7361482967586,39.201391256524]]}},{"type":"Feature","id":187985,"properties":{"OBJECTID":187985,"PRIMENAME":"Mount Pleasant Tuckahoe Road","ELEVTYP_F":0,"ELEVTYP_T":0},"geometry":{"type":"LineString","coordinates":[[-74.7549181089579,39.2848067921073],[-74.754830255467,39.2853275968654],[-74.7547056819059,39.2860898023592],[-74.7544605987555,39.2875679926517],[-74.7544181433737,39.2878256872781]]}},{"type":"Feature","id":188077,"properties":{"OBJECTID":188077,"PRIMENAME":"Unnamed Segment","ELEVTYP_F":0,"ELEVTYP_T":0},"geometry":{"type":"LineString","coordinates":[[-74.7706082276725,39.1479165994395],[-74.7705641361713,39.1479052692358],[-74.7704442667373,39.1478650933958],[-74.7703012272924,39.1478171527742],[-74.7702134525631,39.1477565810961],[-74.77012838185,39.1476978723282]]}},{"type":"Feature","id":188175,"properties":{"OBJECTID":188175,"PRIMENAME":"Sunset Road","ELEVTYP_F":0,"ELEVTYP_T":0},"geometry":{"type":"LineString","coordinates":[[-74.8914566856712,39.2502569171625],[-74.8916083620711,39.2503084108416],[-74.8918353071624,39.2503879594603],[-74.892090130702,39.2504828998222],[-74.892297317911,39.2505779730651],[-74.8925085633479,39.2506915928053],[-74.8927397405692,39.2508205481096],[-74.8929510232381,39.2509403726798],[-74.89309053685,39.2510078301923],[-74.8932418811102,39.2510752755165],[-74.8932771472536,39.251087020266]]}},{"type":"Feature","id":188395,"properties":{"OBJECTID":188395,"PRIMENAME":"Cove Road","ELEVTYP_F":0,"ELEVTYP_T":0},"geometry":{"type":"LineString","coordinates":[[-74.8295783618336,39.1950976875549],[-74.8295721124579,39.1951016058362],[-74.8294993654633,39.195126989853],[-74.829438739077,39.1951334770267],[-74.829301115572,39.1951243929277],[-74.8289449146378,39.1950970904764],[-74.8286322899608,39.1950764463985]]}},{"type":"Feature","id":188547,"properties":{"OBJECTID":188547,"PRIMENAME":"Cove Road","ELEVTYP_F":0,"ELEVTYP_T":0},"geometry":{"type":"LineString","coordinates":[[-74.8286322899608,39.1950764463985],[-74.8278925707006,39.1950276244731],[-74.827694241364,39.1950155789088],[-74.8276497465563,39.1950157040444],[-74.8276012526633,39.1950284439525],[-74.8275715089819,39.1950447722899]]}},{"type":"Feature","id":188698,"properties":{"OBJECTID":188698,"PRIMENAME":"Cedar Mill Lane","ELEVTYP_F":0,"ELEVTYP_T":0},"geometry":{"type":"LineString","coordinates":[[-74.801769716027,39.1686154255213],[-74.8016330892082,39.1685980922137],[-74.7993313971605,39.1683060348043]]}},{"type":"Feature","id":188866,"properties":{"OBJECTID":188866,"PRIMENAME":"Unnamed Segment","ELEVTYP_F":0,"ELEVTYP_T":0},"geometry":{"type":"LineString","coordinates":[[-74.7515086739131,39.1653514818407],[-74.7516228286882,39.1653949738095],[-74.751697204226,39.1654233103087],[-74.7518080088885,39.1654936660178],[-74.7518168267024,39.1654985277051]]}},{"type":"Feature","id":188917,"properties":{"OBJECTID":188917,"PRIMENAME":"Unnamed Segment","ELEVTYP_F":0,"ELEVTYP_T":0},"geometry":{"type":"LineString","coordinates":[[-74.7292186224725,39.1991651281014],[-74.7291419918717,39.1992658775861],[-74.7291984149639,39.1993157952746],[-74.7293271513911,39.1993593179375],[-74.7297254794958,39.1995086210254],[-74.730029938216,39.199622738706],[-74.7302609094771,39.1998014851847],[-74.7303818452143,39.1999169383014],[-74.7305134986259,39.2000426233671],[-74.7306356395404,39.20010717316],[-74.7307603494811,39.2001475736086],[-74.7308567873995,39.2001442557674],[-74.7309410136984,39.2000940592797],[-74.7309649294481,39.2000346028326],[-74.7309687155371,39.200027947179],[-74.7310215722053,39.1999350268491],[-74.7310461811261,39.1998917659881]]}},{"type":"Feature","id":189158,"properties":{"OBJECTID":189158,"PRIMENAME":"Mount Pleasant Tuckahoe Road","ELEVTYP_F":0,"ELEVTYP_T":0},"geometry":{"type":"LineString","coordinates":[[-74.7533359600808,39.2920290794663],[-74.7532641722024,39.2922090516249],[-74.7532007996085,39.2923611368133],[-74.7529286954855,39.2930220686631],[-74.7527497695196,39.2934578155051],[-74.7526510457792,39.2937145602983]]}},{"type":"Feature","id":189265,"properties":{"OBJECTID":189265,"PRIMENAME":"Unnamed Segment","ELEVTYP_F":0,"ELEVTYP_T":0},"geometry":{"type":"LineString","coordinates":[[-74.7369970194158,39.1855266392481],[-74.7370038708419,39.1856383225729]]}},{"type":"Feature","id":189355,"properties":{"OBJECTID":189355,"PRIMENAME":"Woodbine Road","ELEVTYP_F":0,"ELEVTYP_T":0},"geometry":{"type":"LineString","coordinates":[[-74.801510660325,39.2668713593351],[-74.8012490181118,39.2673474009431],[-74.8006024264315,39.2685261023179],[-74.800109023947,39.2694262378991],[-74.8000430693557,39.2695487393851],[-74.7998138304948,39.2699745201411],[-74.7992045476412,39.271082854982],[-74.7989803127306,39.2714991859417],[-74.7983972289485,39.2725693659315],[-74.7979486161525,39.2733903273042],[-74.7976421231847,39.2739474192263],[-74.7970328078586,39.2750645007963],[-74.7963898189286,39.2762343816084],[-74.7957543319275,39.2774042405092],[-74.7952683170231,39.2782926384545],[-74.7949692345748,39.2788409175377],[-74.7943598462667,39.2799521363528],[-74.7937018286346,39.2811571569949],[-74.7935111286087,39.2815060676447],[-74.7928455936829,39.2827198896045],[-74.7923906398175,39.2835396344448],[-74.7922809366135,39.2837373000796],[-74.7919956915062,39.2842602764667],[-74.791761218748,39.2846901540703],[-74.7915293842834,39.285118213021],[-74.7913723123556,39.2853938361088],[-74.7912712507228,39.2855609719775],[-74.7911842571682,39.2856871627834],[-74.7911701385775,39.2857076259608],[-74.7910614510464,39.2858425746317],[-74.7909752323331,39.2859511352146],[-74.7909476964534,39.2859823129026]]}},{"type":"Feature","id":189672,"properties":{"OBJECTID":189672,"PRIMENAME":"Unnamed Segment","ELEVTYP_F":0,"ELEVTYP_T":0},"geometry":{"type":"LineString","coordinates":[[-74.7297675504244,39.1897621854232],[-74.7296500138276,39.1896860029428],[-74.7291866944243,39.1893856914022],[-74.7287412812134,39.1890829466278],[-74.7284355445131,39.1888976123352]]}},{"type":"Feature","id":189774,"properties":{"OBJECTID":189774,"PRIMENAME":"Lake Drive","ELEVTYP_F":0,"ELEVTYP_T":0},"geometry":{"type":"LineString","coordinates":[[-74.8420811772843,39.1972077771184],[-74.8420292307509,39.1972214114735],[-74.8419598751982,39.1972182378374],[-74.8418948120461,39.1972049469348],[-74.841781948607,39.1971580789978],[-74.8416603417645,39.1970910282326],[-74.8416038122639,39.1970473712279],[-74.841577609824,39.197006976382],[-74.8415557477406,39.1969665958308],[-74.8415555682679,39.1969295289315],[-74.8415640364686,39.196885681343],[-74.8415984599743,39.1968383813398],[-74.8416673698251,39.1967572620654],[-74.8417060844375,39.1966998457163],[-74.841762058481,39.1966288959778],[-74.8418136431503,39.1965478274338],[-74.8418523249291,39.1964836837185],[-74.8418867030675,39.1964127702556],[-74.841916654124,39.1963385195802],[-74.8419378933676,39.1962575679527],[-74.8419425983393,39.1962165050378]]}},{"type":"Feature","id":189878,"properties":{"OBJECTID":189878,"PRIMENAME":"Unnamed Segment","ELEVTYP_F":0,"ELEVTYP_T":0},"geometry":{"type":"LineString","coordinates":[[-74.7977326156173,39.3060849482055],[-74.7978836175117,39.3058309489949],[-74.7979286167615,39.3057899494266],[-74.7979976164148,39.3057549481977],[-74.7980686167333,39.3057389481164],[-74.7991956174795,39.3057359491509]]}},{"type":"Feature","id":190396,"properties":{"OBJECTID":190396,"PRIMENAME":"Dennisville Petersburg Road","ELEVTYP_F":0,"ELEVTYP_T":0},"geometry":{"type":"LineString","coordinates":[[-74.7723853632286,39.2276691248435],[-74.7722921272847,39.2277756513634]]}},{"type":"Feature","id":190421,"properties":{"OBJECTID":190421,"PRIMENAME":"Laurel Road","ELEVTYP_F":0,"ELEVTYP_T":0},"geometry":{"type":"LineString","coordinates":[[-74.8275189760666,39.1952754880021],[-74.8274979357749,39.1954317271393],[-74.8274865936594,39.1955955150086],[-74.8274990759518,39.1956773304401],[-74.8275150286591,39.1957054528195],[-74.8275276092301,39.1957276346794],[-74.8275722866093,39.1957590021707],[-74.8276452047729,39.1957776605633],[-74.8277909098052,39.1957866959537],[-74.8283695678257,39.195800827481],[-74.8284543922238,39.1957999019498],[-74.8284866679315,39.1957972570979],[-74.8285070888914,39.1957951131944],[-74.828524874346,39.1957878690004],[-74.8285301124383,39.1957835437484]]}},{"type":"Feature","id":191345,"properties":{"OBJECTID":191345,"PRIMENAME":"Unnamed Segment","ELEVTYP_F":0,"ELEVTYP_T":0},"geometry":{"type":"LineString","coordinates":[[-74.754119582737,39.1672646638272],[-74.7539747465169,39.1671680764484],[-74.7538044070084,39.1670912232374]]}},{"type":"Feature","id":191583,"properties":{"OBJECTID":191583,"PRIMENAME":"Steelmantown Road","ELEVTYP_F":0,"ELEVTYP_T":0},"geometry":{"type":"LineString","coordinates":[[-74.8079785542684,39.2694343561834],[-74.807923611104,39.2693258813634],[-74.8076449506285,39.2688638119651],[-74.8075480508695,39.2687031316943],[-74.8071764492216,39.2680551914381],[-74.8071151307404,39.2679261951973],[-74.807078401737,39.2678790376669],[-74.807045845471,39.2678413430613],[-74.8070051855921,39.2678162173521],[-74.8069442516787,39.267791199118],[-74.806875325791,39.2677724635224],[-74.8067942695722,39.2677663893607],[-74.8066929019925,39.2677603686371],[-74.8064822311503,39.2677829708831],[-74.8054778041863,39.2679147409896],[-74.8049756103816,39.2679853592623],[-74.8038740040136,39.2681331568968],[-74.8036026023503,39.2681622280513],[-74.8034851391631,39.268175109699],[-74.803404073945,39.2681753209352],[-74.803327044616,39.268169233869],[-74.8032581117562,39.2681568109093],[-74.8031688219594,39.268125549781],[-74.803087656948,39.2680942404133],[-74.8030145044202,39.2680534920517],[-74.8029616275105,39.2680126917972],[-74.8029127386236,39.2679466473336],[-74.8027865285304,39.2678146592973],[-74.8025300894289,39.2675444343361],[-74.8024039349415,39.2674250491242],[-74.8022533885926,39.2672931516151],[-74.8020787428161,39.2671833370086],[-74.801510660325,39.2668713593351]]}},{"type":"Feature","id":191619,"properties":{"OBJECTID":191619,"PRIMENAME":"Lincoln Avenue","ELEVTYP_F":0,"ELEVTYP_T":0},"geometry":{"type":"LineString","coordinates":[[-74.8176386989684,39.2431055645997],[-74.8179432316294,39.24278071141]]}},{"type":"Feature","id":191678,"properties":{"OBJECTID":191678,"PRIMENAME":"Long Swamp Road","ELEVTYP_F":0,"ELEVTYP_T":0},"geometry":{"type":"LineString","coordinates":[[-74.8429027354979,39.2297036091543],[-74.8428837743355,39.2296304088442],[-74.8428709209443,39.2295715515309],[-74.8428663934427,39.2295192034048],[-74.8428744809453,39.2294472143548],[-74.8428991966689,39.2293391522939],[-74.8429282895424,39.2292670734756],[-74.8429700198674,39.2291949853661],[-74.8430453143376,39.2291064060541],[-74.8431206843581,39.2290407534121],[-74.8432002460466,39.2289587239513],[-74.8432462098961,39.2288931857895],[-74.8432837504037,39.228830856856],[-74.8432918504135,39.228768669629],[-74.8432872659594,39.2286901823884],[-74.8432743763681,39.2286312972915],[-74.8432445520401,39.2285528574009],[-74.8431639899487,39.2284222334506],[-74.8431129943055,39.2283242241722],[-74.8430831224291,39.2282359545528],[-74.8430703158302,39.2281869260319],[-74.843053071428,39.228118251833],[-74.8430443701076,39.2280495794966],[-74.8430356139241,39.227984146694],[-74.8430437169952,39.2279154248673],[-74.843055873324,39.2278237641551],[-74.8430806532743,39.227728825986],[-74.8431473043942,39.2275912067013],[-74.8432346893074,39.2273978966112],[-74.8433807529643,39.2271553481405],[-74.8434516526402,39.2270275180451],[-74.8434932375092,39.2269259686021],[-74.843526484502,39.2268375129318],[-74.8435470268473,39.226742587146],[-74.8435549496116,39.2266443763248],[-74.8435545828306,39.2265691448278],[-74.8435455752806,39.2264448446344],[-74.843528305801,39.2263565388326],[-74.8434812447721,39.226196353792],[-74.8433916126511,39.2259283057647],[-74.8432850483132,39.2256407028512],[-74.8432083246661,39.225434780005],[-74.8431655441702,39.2252909475281],[-74.8431354665869,39.2251601747425],[-74.8431221118192,39.2250129612332],[-74.8431214745373,39.224882073789],[-74.8431375642456,39.2247282659621],[-74.8431656660627,39.2244533353153],[-74.8432058487418,39.2240638459508],[-74.8432260110783,39.2238838309267],[-74.843246217119,39.2237201810998],[-74.8432623698317,39.2235794152224],[-74.8432613657639,39.2233732691826],[-74.8432809074457,39.223065661823],[-74.8432755583195,39.2228300940236],[-74.8432708957763,39.2227352433959],[-74.8432619978821,39.2226403773214],[-74.8432447964246,39.2225586328471],[-74.8432360089509,39.2224866654846],[-74.8432440951853,39.2224146484019],[-74.8432773374932,39.2223327282566],[-74.8433190953691,39.2222672014916],[-74.843360897749,39.2222179570428],[-74.8434404954893,39.2221523195917],[-74.8435369477383,39.2220898717583],[-74.8437089691769,39.2220043018532],[-74.8439315099305,39.2219054845101],[-74.8441245017329,39.2218132895425],[-74.8442419909739,39.2217507798763],[-74.8443384098994,39.2216817689442],[-74.8444305324117,39.2215931668185],[-74.8445475824545,39.2214553966715],[-74.8446186689838,39.2213602661547],[-74.8446938881389,39.2212586446102],[-74.8447522358672,39.2211570441216],[-74.8447812462526,39.2210620659442],[-74.8448017520226,39.2209605783253],[-74.8447971872658,39.2208787687287],[-74.844784120918,39.2207839430067],[-74.8447543302602,39.2207120379015],[-74.8446950494593,39.2206369797746],[-74.8446190139814,39.2205717469698],[-74.8444629031761,39.2204740490648],[-74.8442475805776,39.2203078269913],[-74.8440659931488,39.2201610825762],[-74.8435635315936,39.2197732492463],[-74.84315832054,39.2194864983809],[-74.842757221723,39.2191735676277],[-74.8425334200667,39.2190041008811],[-74.8424025848399,39.2189128604647],[-74.8423181688238,39.2188509450946],[-74.8421283764823,39.2187500756877],[-74.8419090506608,39.2186296600006],[-74.8417446067036,39.2185516146198],[-74.8416140006819,39.2184996370445],[-74.841386401623,39.2184054118917],[-74.8412733135649,39.2183554689123],[-74.8412704180662,39.2183537234819]]}},{"type":"Feature","id":191688,"properties":{"OBJECTID":191688,"PRIMENAME":"Unnamed Segment","ELEVTYP_F":0,"ELEVTYP_T":0},"geometry":{"type":"LineString","coordinates":[[-74.8373140569924,39.2352131247445],[-74.8371901247405,39.2351404401077]]}},{"type":"Feature","id":192240,"properties":{"OBJECTID":192240,"PRIMENAME":"Furlong Drive","ELEVTYP_F":0,"ELEVTYP_T":0},"geometry":{"type":"LineString","coordinates":[[-74.7617283032849,39.1761112805968],[-74.7602276235056,39.175850692908],[-74.7598387176559,39.1757791001816],[-74.7596482989464,39.1757322703563],[-74.7595142629677,39.1756880595133],[-74.7593922260884,39.1756263599925],[-74.7593722172685,39.1756149269736]]}},{"type":"Feature","id":192675,"properties":{"OBJECTID":192675,"PRIMENAME":"Indian Road","ELEVTYP_F":0,"ELEVTYP_T":0},"geometry":{"type":"LineString","coordinates":[[-74.8244766191843,39.2033729260969],[-74.824415618297,39.2037489280979],[-74.8244156205791,39.2038979273439]]}},{"type":"Feature","id":193361,"properties":{"OBJECTID":193361,"PRIMENAME":"Long Swamp Road","ELEVTYP_F":0,"ELEVTYP_T":0},"geometry":{"type":"LineString","coordinates":[[-74.8412704180662,39.2183537234819],[-74.8412050956091,39.2183143180136],[-74.8411249003782,39.2182490941765],[-74.8410397571897,39.2181750719637],[-74.8408086561112,39.2179398618494],[-74.8404788475821,39.2175991203709],[-74.8403512395792,39.21746572112],[-74.8402927017918,39.2174041412311],[-74.8402234657961,39.2173055513842],[-74.8401274258419,39.2171452618285],[-74.8399459639254,39.2168308834129],[-74.8396875418322,39.216469365356],[-74.839588076205,39.2163301719188]]}},{"type":"Feature","id":193474,"properties":{"OBJECTID":193474,"PRIMENAME":"Whitman Lane","ELEVTYP_F":0,"ELEVTYP_T":0},"geometry":{"type":"LineString","coordinates":[[-74.7472867648926,39.2845699027692],[-74.7475120060283,39.2850333382373],[-74.7475249787413,39.2850651059917],[-74.7475291861401,39.2850959591292],[-74.7475327040278,39.2851219258848],[-74.7475293718963,39.2851487305516],[-74.7475208408457,39.285174857143]]}},{"type":"Feature","id":193747,"properties":{"OBJECTID":193747,"PRIMENAME":"Doe Drive","ELEVTYP_F":0,"ELEVTYP_T":0},"geometry":{"type":"LineString","coordinates":[[-74.7826950452645,39.2099871151964],[-74.7808349793609,39.2096895284437],[-74.7800750080859,39.2095662073302],[-74.7795396296446,39.20948306192]]}},{"type":"Feature","id":194814,"properties":{"OBJECTID":194814,"PRIMENAME":"Old Tuckahoe Road","ELEVTYP_F":0,"ELEVTYP_T":0},"geometry":{"type":"LineString","coordinates":[[-74.7205154926094,39.2594492721674],[-74.7215168448684,39.2595064595435],[-74.7224754982897,39.2595633901829],[-74.7237364955496,39.259647547209],[-74.7250293478383,39.2597409093166],[-74.7268034759522,39.259851854325],[-74.7280803377329,39.2599235768047],[-74.7288719595795,39.2599745769075],[-74.7299300978271,39.2600466817206],[-74.7305904177427,39.2600793957529],[-74.7311552841315,39.2601153709552],[-74.7324640159811,39.2601993377949],[-74.733048788857,39.2602414689466],[-74.7333586085494,39.2602744564737]]}},{"type":"Feature","id":195079,"properties":{"OBJECTID":195079,"PRIMENAME":"Fremont Avenue","ELEVTYP_F":0,"ELEVTYP_T":0},"geometry":{"type":"LineString","coordinates":[[-74.8325442653714,39.2338425559171],[-74.8327818260625,39.2339784859424],[-74.8339078462783,39.2346229241168],[-74.834544172751,39.2349889154153],[-74.8360341403443,39.2358428847643],[-74.8363544581096,39.2360261655902],[-74.8371172843856,39.2364626326909]]}},{"type":"Feature","id":195290,"properties":{"OBJECTID":195290,"PRIMENAME":"Webster Street","ELEVTYP_F":0,"ELEVTYP_T":0},"geometry":{"type":"LineString","coordinates":[[-74.8321290107762,39.24401413123],[-74.8317690254607,39.243808476495],[-74.8308492958073,39.2432833931751],[-74.8307485217915,39.2432259815609],[-74.8298921629568,39.2427380903653],[-74.8293687500748,39.2424409193943],[-74.8287830796689,39.2420974041057],[-74.8286209588936,39.2420023165263],[-74.828476612013,39.241918767709],[-74.8276787963653,39.2414569792433],[-74.826699308538,39.2409001255285],[-74.8259516398175,39.2404730914315],[-74.8251478334335,39.2400143317084],[-74.824683194242,39.2397482187283],[-74.8243216206616,39.2395411317947],[-74.8234131740469,39.2390188404358],[-74.8232453731328,39.2389230413155]]}},{"type":"Feature","id":195400,"properties":{"OBJECTID":195400,"PRIMENAME":"Steelmantown Road","ELEVTYP_F":0,"ELEVTYP_T":0},"geometry":{"type":"LineString","coordinates":[[-74.8283788384189,39.2650530686864],[-74.8283285492051,39.2650502044405],[-74.8281394825192,39.2650593861253],[-74.8279986338393,39.2650770804919],[-74.8278060725415,39.265132399844],[-74.8275284529537,39.2652398238333],[-74.8272101795566,39.2653704539535],[-74.826880805769,39.2655068516932],[-74.826621704249,39.2656171050665],[-74.8264182684545,39.265727201845],[-74.8262148199432,39.2658344426987],[-74.8260261903485,39.2659387311555],[-74.8258450232103,39.2660602968982],[-74.8254644420176,39.2663525165423],[-74.8248253160903,39.2668702743533],[-74.8246126736797,39.2670482002597]]}},{"type":"Feature","id":195452,"properties":{"OBJECTID":195452,"PRIMENAME":"Unnamed Segment","ELEVTYP_F":0,"ELEVTYP_T":0},"geometry":{"type":"LineString","coordinates":[[-74.7645436127922,39.1672333121739],[-74.7645585100511,39.1671867509901],[-74.7646005177682,39.1671420992836],[-74.7646516007279,39.1671068064741],[-74.7646967447747,39.1670949777384],[-74.7647600072693,39.1670948340267],[-74.764853474637,39.1671157282634],[-74.7649590988602,39.1671647351523],[-74.7651213418536,39.1672400130967],[-74.7652764674185,39.1673119883301],[-74.7652817234441,39.1673144275445]]}},{"type":"Feature","id":196281,"properties":{"OBJECTID":196281,"PRIMENAME":"Belleplain Road","ELEVTYP_F":0,"ELEVTYP_T":0},"geometry":{"type":"LineString","coordinates":[[-74.8314538813917,39.2955336675246],[-74.8314192970305,39.2955569611045],[-74.8312779653035,39.2956527030607],[-74.8299589230286,39.2965462375324],[-74.8293445420753,39.2969584575561],[-74.8286178338594,39.2974503155135],[-74.827034444746,39.2985165067163],[-74.8259741795144,39.2992364352751],[-74.8253106286357,39.2996788651107],[-74.8240992860024,39.3004976595353],[-74.8227721217863,39.3013961954889],[-74.8221225215791,39.3018303313081],[-74.8216204802561,39.3021765227673],[-74.8213852090147,39.3023358466726],[-74.8213396818849,39.302388002562],[-74.8213117170866,39.3024318467817],[-74.8212872879148,39.3024839173965],[-74.8212765230404,39.3025411119739]]}},{"type":"Feature","id":196494,"properties":{"OBJECTID":196494,"PRIMENAME":"McKeague Avenue","ELEVTYP_F":0,"ELEVTYP_T":0},"geometry":{"type":"LineString","coordinates":[[-74.7567811306397,39.2904204048641],[-74.7566122584735,39.2912983853209],[-74.7565115078195,39.2918181490131]]}},{"type":"Feature","id":197035,"properties":{"OBJECTID":197035,"PRIMENAME":"North Delsea Drive","ELEVTYP_F":0,"ELEVTYP_T":0},"geometry":{"type":"LineString","coordinates":[[-74.820114761889,39.1782423181168],[-74.8201158735954,39.1782569977733],[-74.8201460576525,39.178655384805],[-74.8202098048169,39.1794096868231],[-74.8202086260955,39.1794435182132]]}},{"type":"Feature","id":197222,"properties":{"OBJECTID":197222,"PRIMENAME":"Woodbine Boulevard","ELEVTYP_F":0,"ELEVTYP_T":0},"geometry":{"type":"LineString","coordinates":[[-74.7600462853485,39.1852781448183],[-74.7599642645464,39.1857975492602],[-74.7598697991732,39.1865404856667]]}},{"type":"Feature","id":197262,"properties":{"OBJECTID":197262,"PRIMENAME":"Sea Isle Boulevard","ELEVTYP_F":0,"ELEVTYP_T":0},"geometry":{"type":"LineString","coordinates":[[-74.7303168971049,39.1725572369629],[-74.730117148072,39.1722148233406]]}},{"type":"Feature","id":197443,"properties":{"OBJECTID":197443,"PRIMENAME":"John S Penn Boulevard","ELEVTYP_F":0,"ELEVTYP_T":0},"geometry":{"type":"LineString","coordinates":[[-74.7856063137884,39.2247280387538],[-74.7858064061253,39.2244945180803],[-74.7859982985576,39.2242826947252],[-74.7860041938182,39.2242761861784],[-74.7862343462657,39.2240045624695],[-74.7866006665792,39.2235805723143],[-74.7868568144285,39.2232957655216],[-74.787025384496,39.2231083310529],[-74.7875345366135,39.2225674844073],[-74.7878588551539,39.2222348343221],[-74.7878888401164,39.2222033393133],[-74.7884641132349,39.2215990698058],[-74.7885236922806,39.2215364876059],[-74.7889355260711,39.2211047985507],[-74.7890393681953,39.2210083035807],[-74.7891530047716,39.220924385902],[-74.7892439423649,39.2208658963236],[-74.7893511568242,39.2207997596446],[-74.790101685143,39.2203622007243]]}},{"type":"Feature","id":197590,"properties":{"OBJECTID":197590,"PRIMENAME":"Jakes Landing Road","ELEVTYP_F":0,"ELEVTYP_T":0},"geometry":{"type":"LineString","coordinates":[[-74.8514343040197,39.1791506149469],[-74.8514741511888,39.1793455524142],[-74.8515186055698,39.1795942656767],[-74.8515859069502,39.1800951345429],[-74.8516305802487,39.1803876140951],[-74.8517018345181,39.1808178220836],[-74.8517685015695,39.1811909057451],[-74.8518215852472,39.1814362425573],[-74.8518964770018,39.181725225541],[-74.8519889421084,39.1820713222942],[-74.8520901179645,39.182430847485],[-74.8521778441399,39.182689533348],[-74.8522612483578,39.1829515823991],[-74.8524011887768,39.1832874584866],[-74.8525418203077,39.1837544684422],[-74.8527675898165,39.1848433801924],[-74.8529895695207,39.1860197259354],[-74.8531225579046,39.1866918931313],[-74.8532557823882,39.1874178760432],[-74.8533273100523,39.1878851221126],[-74.8533938568529,39.1882380233742],[-74.8535135521811,39.1888328828687],[-74.8536112991789,39.1893706419463],[-74.853699865825,39.1897941239086],[-74.8537356068787,39.1900260302507],[-74.8537980214154,39.1904125789762],[-74.8538295919676,39.1906714346208],[-74.8538433176907,39.1908260874953],[-74.8538229043728,39.1910615424116],[-74.8538022371437,39.1912533131196],[-74.8537727570442,39.1914047199554],[-74.8537474471828,39.1915292341819],[-74.8537218503638,39.1915965274999],[-74.8536790851866,39.1916807590299],[-74.8536232652926,39.1917582766253],[-74.8535460051772,39.1918594169187],[-74.8535190849013,39.1918922897988],[-74.8534300281598,39.192001037301],[-74.8532066320839,39.1922740651569],[-74.8525408648864,39.1930831650095],[-74.852055582566,39.1936899852244],[-74.8515142975645,39.1943473856004],[-74.8510546959539,39.1949137343616],[-74.8506680666992,39.1953823340042],[-74.850229829874,39.1959049031669],[-74.8498690086172,39.1963498918885],[-74.8495855234532,39.196700495225],[-74.8492546180629,39.1970815250713],[-74.8490469600374,39.1973467819625]]}},{"type":"Feature","id":198103,"properties":{"OBJECTID":198103,"PRIMENAME":"Dehirsch Avenue","ELEVTYP_F":0,"ELEVTYP_T":0},"geometry":{"type":"LineString","coordinates":[[-74.7879060490421,39.2260447763383],[-74.7873860514935,39.2257495491825],[-74.7873401922637,39.2257231932771]]}},{"type":"Feature","id":198143,"properties":{"OBJECTID":198143,"PRIMENAME":"Vine Street","ELEVTYP_F":0,"ELEVTYP_T":0},"geometry":{"type":"LineString","coordinates":[[-74.8610134611808,39.2629869902459],[-74.8609493966281,39.263057149304],[-74.8606280234687,39.2633960042225],[-74.8603211513591,39.263677016692],[-74.8599664725252,39.2640448297049],[-74.8596303614309,39.2644183513373],[-74.8593164385645,39.2647658283503],[-74.8588138987676,39.2652871127691],[-74.8584149175967,39.2657185941682],[-74.8583225144879,39.2658083606594],[-74.8582559456212,39.2658663351079],[-74.8581041810987,39.2660074920859]]}},{"type":"Feature","id":199072,"properties":{"OBJECTID":199072,"PRIMENAME":"Cedar Lane East","ELEVTYP_F":0,"ELEVTYP_T":0},"geometry":{"type":"LineString","coordinates":[[-74.8124879703944,39.1657855706867],[-74.8117419420185,39.1660348530517],[-74.8116972938204,39.1660519415491],[-74.8116629789446,39.1660770468695],[-74.8116401783169,39.1661137088561],[-74.8116288453056,39.1661432289649],[-74.8116221218631,39.166178090421],[-74.8116233565066,39.166202195321],[-74.8116317787604,39.1662323760639],[-74.8116500901384,39.1662816127913],[-74.8116838800394,39.1663294640687],[-74.8120046810065,39.1668013423514],[-74.8125095831871,39.1676055529368]]}},{"type":"Feature","id":199621,"properties":{"OBJECTID":199621,"PRIMENAME":"Fidler Road","ELEVTYP_F":0,"ELEVTYP_T":0},"geometry":{"type":"LineString","coordinates":[[-74.8062439038117,39.2218393266515],[-74.8062480776274,39.2218657018478],[-74.8062908520303,39.2219774506718],[-74.8063463204349,39.2220859258152],[-74.8064909589538,39.2222599268309],[-74.8067504149827,39.222585024902],[-74.8068490343124,39.2227059977533],[-74.8071332064499,39.2230545792884],[-74.8073033954672,39.223274585657],[-74.8073800534653,39.2233928612423],[-74.8074440825407,39.2235210548949],[-74.8074954332948,39.223655817486],[-74.8075384263261,39.2238169603506],[-74.8075861359782,39.2240800951198],[-74.8077374539516,39.2248201086214],[-74.8077936884674,39.2251029623831],[-74.8078668500658,39.2254867875133]]}},{"type":"Feature","id":200116,"properties":{"OBJECTID":200116,"PRIMENAME":"Lake Drive","ELEVTYP_F":0,"ELEVTYP_T":0},"geometry":{"type":"LineString","coordinates":[[-74.842832652029,39.1995607661816],[-74.8429451531388,39.1997674398146],[-74.8429524627699,39.1998211627941]]}},{"type":"Feature","id":200269,"properties":{"OBJECTID":200269,"PRIMENAME":"Dennisville Petersburg Road","ELEVTYP_F":0,"ELEVTYP_T":0},"geometry":{"type":"LineString","coordinates":[[-74.7393399901695,39.2488654713558],[-74.7389224441633,39.2490518563503],[-74.7384633809417,39.249242032654],[-74.7382698194002,39.2493125274293],[-74.7380267251275,39.2493971255531],[-74.7378150825114,39.2494571402883],[-74.7376079484046,39.2495136304205],[-74.737315237363,39.2495878129384],[-74.7369324782028,39.2496832095111],[-74.7366487595997,39.2497538849646],[-74.7363380017514,39.2498281007925],[-74.7359282118372,39.2499305510268],[-74.7356490002196,39.2499976998938],[-74.7353806087974,39.2500643650013],[-74.7351085830756,39.2501319322469],[-74.7342755184646,39.250340390888],[-74.7335774421997,39.2505135101023],[-74.7321408919143,39.2508738477543],[-74.7312311890213,39.2510964136441]]}},{"type":"Feature","id":201393,"properties":{"OBJECTID":201393,"PRIMENAME":"FR GSP SB TO CO 625 EB","ELEVTYP_F":0,"ELEVTYP_T":0},"geometry":{"type":"LineString","coordinates":[[-74.7311301378935,39.1727335241365],[-74.7310108361463,39.1727653918027],[-74.7309448694067,39.1727753804199],[-74.7308686950723,39.172781461573],[-74.7307975743067,39.1727796260186],[-74.7307315495545,39.1727718762432],[-74.7306781686188,39.172758143264],[-74.7306120574325,39.1727345505666],[-74.7305535454812,39.1727050125849],[-74.7304823498067,39.1726695685484],[-74.7304212665702,39.1726301497969],[-74.7303168971049,39.1725572369629]]}},{"type":"Feature","id":201721,"properties":{"OBJECTID":201721,"PRIMENAME":"Washington Avenue","ELEVTYP_F":0,"ELEVTYP_T":0},"geometry":{"type":"LineString","coordinates":[[-74.8468570557008,39.2086342153655],[-74.8467448799737,39.2087527895174],[-74.8466433510633,39.2088601084416],[-74.8456164050029,39.2099494818964],[-74.8442538548612,39.2113972352424],[-74.8442357527824,39.2114164691944],[-74.8429657646524,39.2127531586698],[-74.8418960510009,39.2138826575192],[-74.8409627495807,39.2148717700848],[-74.8402254118424,39.2156536860748],[-74.8399497769,39.215946380927],[-74.8396841574606,39.2162284377518],[-74.839588076205,39.2163301719188]]}},{"type":"Feature","id":202255,"properties":{"OBJECTID":202255,"PRIMENAME":"Fidler Hill Road","ELEVTYP_F":0,"ELEVTYP_T":0},"geometry":{"type":"LineString","coordinates":[[-74.8005204924782,39.2270604387904],[-74.8004238611339,39.2271492925752],[-74.7993365843617,39.2281623547004],[-74.7990626540367,39.2284164341141],[-74.7979457336805,39.2294328273935],[-74.7975074326455,39.2298486075775],[-74.7969342440553,39.2303765902612],[-74.7969057436977,39.2304029292351],[-74.7966777008494,39.2306136787086]]}},{"type":"Feature","id":202482,"properties":{"OBJECTID":202482,"PRIMENAME":"Unnamed Segment","ELEVTYP_F":0,"ELEVTYP_T":0},"geometry":{"type":"LineString","coordinates":[[-74.7513608432251,39.1926902060393],[-74.7517309778,39.192397668267]]}},{"type":"Feature","id":202541,"properties":{"OBJECTID":202541,"PRIMENAME":"Webster Street","ELEVTYP_F":0,"ELEVTYP_T":0},"geometry":{"type":"LineString","coordinates":[[-74.8178378851243,39.2358288301269],[-74.8185946648166,39.2362623994335],[-74.8188970749075,39.2364356781369]]}},{"type":"Feature","id":202544,"properties":{"OBJECTID":202544,"PRIMENAME":"State Highway 50","ELEVTYP_F":0,"ELEVTYP_T":0},"geometry":{"type":"LineString","coordinates":[[-74.7505134434357,39.2829032268314],[-74.750818375193,39.2835263944826]]}},{"type":"Feature","id":202548,"properties":{"OBJECTID":202548,"PRIMENAME":"Atlantic Boulevard","ELEVTYP_F":0,"ELEVTYP_T":0},"geometry":{"type":"LineString","coordinates":[[-74.7950119986732,39.2373654033732],[-74.7952119098103,39.2375627237323],[-74.7953075078958,39.2376570825725]]}},{"type":"Feature","id":202713,"properties":{"OBJECTID":202713,"PRIMENAME":"Bryant Street","ELEVTYP_F":0,"ELEVTYP_T":0},"geometry":{"type":"LineString","coordinates":[[-74.8104574259904,39.2435969168941],[-74.8109874000337,39.2439006079835],[-74.8115298371746,39.2442108798641]]}},{"type":"Feature","id":202956,"properties":{"OBJECTID":202956,"PRIMENAME":"Unnamed Segment","ELEVTYP_F":0,"ELEVTYP_T":0},"geometry":{"type":"LineString","coordinates":[[-74.737825068857,39.1849217672022],[-74.7378802065651,39.1847032056874],[-74.7379071339187,39.1845964665828],[-74.7379445580618,39.1845183967408],[-74.7379245831995,39.184459076082],[-74.7377913665896,39.184327435094],[-74.7376130009437,39.1842112759009],[-74.7373270083366,39.1840250227854],[-74.7370962221566,39.1838747197862],[-74.736939305726,39.1838081132034],[-74.7366622545591,39.1837471185512],[-74.7363258900117,39.1836884397896],[-74.7361037018827,39.1836496786479],[-74.7359386165383,39.1836122743368],[-74.7358479999564,39.1835465013119],[-74.7356413103566,39.1834062116737],[-74.7354686905708,39.1833164212263],[-74.7352478071247,39.1832015234928],[-74.735004407384,39.1830183549805],[-74.7348400826523,39.1828735814756],[-74.7346107108539,39.182706953827],[-74.7345003481984,39.1826500134555],[-74.7344240194371,39.1826325782253],[-74.7343505648851,39.1826305279424],[-74.7342404529603,39.1826483381665],[-74.7341644064313,39.1827166473441],[-74.7339993806988,39.182981133614]]}},{"type":"Feature","id":203587,"properties":{"OBJECTID":203587,"PRIMENAME":"Unnamed Segment","ELEVTYP_F":0,"ELEVTYP_T":0},"geometry":{"type":"LineString","coordinates":[[-74.7741005287035,39.1562491437953],[-74.7740863784563,39.1562573008427],[-74.7737589611001,39.1564790615729],[-74.7737280379926,39.1565020974986]]}},{"type":"Feature","id":203807,"properties":{"OBJECTID":203807,"PRIMENAME":"Unnamed Segment","ELEVTYP_F":0,"ELEVTYP_T":0},"geometry":{"type":"LineString","coordinates":[[-74.7527760903016,39.166712462433],[-74.7527137892428,39.1666924124785],[-74.7525358166806,39.166627133509],[-74.7524724120167,39.1665874043093],[-74.7524300928506,39.1665476294027],[-74.7524012497331,39.1665360944893]]}},{"type":"Feature","id":203834,"properties":{"OBJECTID":203834,"PRIMENAME":"Washington Avenue","ELEVTYP_F":0,"ELEVTYP_T":0},"geometry":{"type":"LineString","coordinates":[[-74.8185927519385,39.2385404484159],[-74.8183488781876,39.2387979226239],[-74.8172467275254,39.2399636335633],[-74.8172009039962,39.2400122480039]]}},{"type":"Feature","id":204016,"properties":{"OBJECTID":204016,"PRIMENAME":"Indian Road","ELEVTYP_F":0,"ELEVTYP_T":0},"geometry":{"type":"LineString","coordinates":[[-74.8239936192313,39.2059459272146],[-74.8240026206003,39.2062549285412]]}},{"type":"Feature","id":204652,"properties":{"OBJECTID":204652,"PRIMENAME":"Unnamed Segment","ELEVTYP_F":0,"ELEVTYP_T":0},"geometry":{"type":"LineString","coordinates":[[-74.7361775838461,39.1983767729878],[-74.7366111256671,39.1984305622053]]}},{"type":"Feature","id":204835,"properties":{"OBJECTID":204835,"PRIMENAME":"Unnamed Segment","ELEVTYP_F":0,"ELEVTYP_T":0},"geometry":{"type":"LineString","coordinates":[[-74.7518168267024,39.1654985277051],[-74.7517642118012,39.1656194221566],[-74.7514201847965,39.1659935469539]]}},{"type":"Feature","id":204836,"properties":{"OBJECTID":204836,"PRIMENAME":"Unnamed Segment","ELEVTYP_F":0,"ELEVTYP_T":0},"geometry":{"type":"LineString","coordinates":[[-74.7318652680093,39.1815466713644],[-74.7316997577666,39.1817637372023],[-74.7315816665567,39.1819588650974],[-74.7315023393438,39.1821253557595],[-74.7314844775023,39.1821730679811],[-74.731470238043,39.1822111052339],[-74.7314660804929,39.1822598369988],[-74.7314791151721,39.1822850137884],[-74.731513755422,39.1823151860255],[-74.7319747185295,39.182663734961],[-74.7324204204178,39.1829652690486],[-74.7325368310141,39.1830440238645],[-74.7327275800356,39.1831511514681],[-74.7330395764922,39.1833171698807],[-74.7331081972877,39.1833536840182],[-74.73347146368,39.1835310501084],[-74.7336147580357,39.1835975715718]]}},{"type":"Feature","id":205369,"properties":{"OBJECTID":205369,"PRIMENAME":"Academy Road","ELEVTYP_F":0,"ELEVTYP_T":0},"geometry":{"type":"LineString","coordinates":[[-74.8176531128994,39.1945446784385],[-74.8176648403849,39.1946180129715],[-74.8176651652931,39.1946901696744],[-74.8176282374628,39.1949132795529],[-74.8174630217605,39.1956647187319],[-74.8172109476984,39.1967738884818],[-74.8169838503721,39.1978206339388],[-74.8168394886213,39.1985195714037],[-74.8165917988719,39.1996746364665],[-74.8164140844525,39.2004687484055],[-74.8162488352514,39.201210409449],[-74.8161002829208,39.2019224262489],[-74.8159227391755,39.2027493476644],[-74.8157945588793,39.2033071899382],[-74.8155591174969,39.2043834707512],[-74.8153236118821,39.205446709744],[-74.8152328084735,39.2058732863098],[-74.8149939803377,39.2071430947463],[-74.8148703121793,39.2077665191845],[-74.8147961554441,39.2081602933551],[-74.8147673606246,39.2083111945078],[-74.8147676241412,39.2083702270197],[-74.8147720927508,39.2084226856193],[-74.8147913795489,39.2085056099025]]}},{"type":"Feature","id":205710,"properties":{"OBJECTID":205710,"PRIMENAME":"Court House South Dennis Road","ELEVTYP_F":0,"ELEVTYP_T":0},"geometry":{"type":"LineString","coordinates":[[-74.8216624764799,39.1613098188986],[-74.8216569843581,39.1613275175002],[-74.8213891077594,39.1621942956736],[-74.8211564711015,39.162955100584],[-74.8211397445329,39.163011870607],[-74.8210399383079,39.1633505910954]]}},{"type":"Feature","id":205785,"properties":{"OBJECTID":205785,"PRIMENAME":"Stipson Island Road","ELEVTYP_F":0,"ELEVTYP_T":0},"geometry":{"type":"LineString","coordinates":[[-74.9092227347999,39.2111349537692],[-74.9093544406629,39.210822905393],[-74.909565362784,39.2103013267893],[-74.9095942240249,39.210232938933]]}},{"type":"Feature","id":205806,"properties":{"OBJECTID":205806,"PRIMENAME":"Buckthorn Lane","ELEVTYP_F":0,"ELEVTYP_T":0},"geometry":{"type":"LineString","coordinates":[[-74.7492855564446,39.1767367820596],[-74.7491951670739,39.1769940876146],[-74.7490935536745,39.177259544428],[-74.7490166176813,39.1774807695946],[-74.7489396123912,39.1777123463601],[-74.7488943245822,39.1778449534129],[-74.7488335215175,39.1779893449869],[-74.7487856296717,39.178063637416],[-74.7487132830206,39.1781461643191],[-74.7486189559805,39.1782277228334],[-74.7485247223646,39.1782961009369],[-74.7484028522374,39.1783704689865]]}},{"type":"Feature","id":206099,"properties":{"OBJECTID":206099,"PRIMENAME":"Unnamed Segment","ELEVTYP_F":0,"ELEVTYP_T":0},"geometry":{"type":"LineString","coordinates":[[-74.7697976684566,39.1473974053513],[-74.7696992384112,39.1473725834843],[-74.7696133437858,39.1473569508395],[-74.769520706855,39.1473501313328],[-74.7694213342728,39.1473538788696],[-74.7693220018957,39.1473681786763],[-74.7692732865694,39.1473698388803]]}},{"type":"Feature","id":207238,"properties":{"OBJECTID":207238,"PRIMENAME":"Unnamed Segment","ELEVTYP_F":0,"ELEVTYP_T":0},"geometry":{"type":"LineString","coordinates":[[-74.7360830954845,39.1999210014734],[-74.736105843005,39.2001616768686],[-74.7361143421552,39.2002515988072],[-74.7361300799553,39.2013514243893],[-74.7361482967586,39.201391256524]]}},{"type":"Feature","id":207725,"properties":{"OBJECTID":207725,"PRIMENAME":"Sea Isle Boulevard","ELEVTYP_F":0,"ELEVTYP_T":0},"geometry":{"type":"LineString","coordinates":[[-74.730117148072,39.1722148233406],[-74.7300012226032,39.1720161220867],[-74.7298290924594,39.1717161306085],[-74.7297590402975,39.1715977897047]]}},{"type":"Feature","id":207972,"properties":{"OBJECTID":207972,"PRIMENAME":"Holly Street","ELEVTYP_F":0,"ELEVTYP_T":0},"geometry":{"type":"LineString","coordinates":[[-74.796533988746,39.2388894307502],[-74.7965340661457,39.2388893801069],[-74.7967203811252,39.2387665040741],[-74.7969303280815,39.2386175660541],[-74.7971073942443,39.2384738300244],[-74.7972581690843,39.2383378376644],[-74.797369669946,39.2382505602678],[-74.7974155792563,39.2382146216972],[-74.7974613935912,39.2381556555315],[-74.7975137874148,39.2380966716407]]}},{"type":"Feature","id":208317,"properties":{"OBJECTID":208317,"PRIMENAME":"Dudican Road","ELEVTYP_F":0,"ELEVTYP_T":0},"geometry":{"type":"LineString","coordinates":[[-74.8447093724763,39.2029128980048],[-74.844676185706,39.202953303865],[-74.8445429825654,39.2031083930304],[-74.8444011293664,39.2032702341143],[-74.8442507450857,39.20345563173],[-74.8441433111273,39.2035837355679],[-74.8440444574963,39.2036983321346],[-74.8438080884624,39.2039748120075],[-74.8436576192446,39.2041434049962],[-74.8435502979278,39.2042950664647],[-74.8434817055029,39.2044062789661],[-74.8434088853574,39.2045409795314],[-74.8433446789267,39.2046689560877],[-74.8432892806136,39.2048372674627],[-74.8431656961197,39.2052008103711],[-74.8429952602148,39.2057057592947]]}},{"type":"Feature","id":208450,"properties":{"OBJECTID":208450,"PRIMENAME":"Unnamed Segment","ELEVTYP_F":0,"ELEVTYP_T":0},"geometry":{"type":"LineString","coordinates":[[-74.7413148415213,39.1876846733495],[-74.7413145363211,39.1876844505746],[-74.7405437126524,39.1871205282304]]}},{"type":"Feature","id":208667,"properties":{"OBJECTID":208667,"PRIMENAME":"Main Street","ELEVTYP_F":0,"ELEVTYP_T":0},"geometry":{"type":"LineString","coordinates":[[-74.8209618654767,39.1908361325991],[-74.8210842024041,39.1910934563129],[-74.8213411675919,39.1916259986973]]}},{"type":"Feature","id":208859,"properties":{"OBJECTID":208859,"PRIMENAME":"Adams Avenue","ELEVTYP_F":0,"ELEVTYP_T":0},"geometry":{"type":"LineString","coordinates":[[-74.8115298371746,39.2442108798641],[-74.8103748159407,39.2454434418081],[-74.8101783203805,39.2456546718011]]}},{"type":"Feature","id":209228,"properties":{"OBJECTID":209228,"PRIMENAME":"Fidler Road","ELEVTYP_F":0,"ELEVTYP_T":0},"geometry":{"type":"LineString","coordinates":[[-74.8081925755081,39.2271218223163],[-74.8082263391559,39.2272901373121],[-74.808369184371,39.2280269046847],[-74.8085180398609,39.2287294289275]]}},{"type":"Feature","id":209865,"properties":{"OBJECTID":209865,"PRIMENAME":"Marshall Avenue","ELEVTYP_F":0,"ELEVTYP_T":0},"geometry":{"type":"LineString","coordinates":[[-74.7535231493853,39.2845184910389],[-74.7527400025531,39.2847648354619],[-74.7515975873908,39.2851253493433]]}},{"type":"Feature","id":210203,"properties":{"OBJECTID":210203,"PRIMENAME":"Kings Highway","ELEVTYP_F":0,"ELEVTYP_T":0},"geometry":{"type":"LineString","coordinates":[[-74.757186164775,39.190388902701],[-74.7569448332211,39.1912141406841],[-74.7568682528008,39.1915011305941],[-74.7568397205678,39.191659733072],[-74.7568210560756,39.1918635635799],[-74.7568149243001,39.19197715334]]}},{"type":"Feature","id":210326,"properties":{"OBJECTID":210326,"PRIMENAME":"Atlantic Boulevard","ELEVTYP_F":0,"ELEVTYP_T":0},"geometry":{"type":"LineString","coordinates":[[-74.7974314410343,39.2398032428755],[-74.7976419332895,39.2400039217508],[-74.7976853760006,39.2400509923846],[-74.7977254520482,39.2400944169569]]}},{"type":"Feature","id":210884,"properties":{"OBJECTID":210884,"PRIMENAME":"Sunset Road","ELEVTYP_F":0,"ELEVTYP_T":0},"geometry":{"type":"LineString","coordinates":[[-74.8414805494736,39.2341706493424],[-74.841472780622,39.233989272781],[-74.8414562943561,39.2338657358845],[-74.8414493770022,39.2338198734876],[-74.8414357937068,39.2337298279951],[-74.8413954121013,39.2336001832607],[-74.8413310701059,39.2334366448776],[-74.8411905229403,39.2331311829315],[-74.8411062295392,39.2329522167458],[-74.8410540169238,39.2328287843863],[-74.8410376005035,39.2327268832448],[-74.8410291635267,39.2326249596381],[-74.8410444671415,39.2325044049957],[-74.8410678698278,39.2324085651258],[-74.841138523125,39.232235323003],[-74.8412209891675,39.232037389711],[-74.8413193573267,39.2318424293284],[-74.8414495932006,39.2316597591057],[-74.8415758932967,39.2314956338772],[-74.8417419652298,39.2313283164077],[-74.8419437441106,39.2311639693033],[-74.8421178867054,39.2310305923602],[-74.8422048788712,39.2309438466703],[-74.8422759631547,39.2308601951562],[-74.8423390650562,39.2307611629246],[-74.8424178069704,39.2306187855537],[-74.8425908369202,39.2302568020984],[-74.8427048287203,39.2300092970697],[-74.8427362015691,39.229919611248],[-74.8427716417585,39.2298608036946],[-74.8428110779824,39.2297958335251],[-74.8428295136643,39.229774134204],[-74.8428663642732,39.2297307617377],[-74.8429027354979,39.2297036091543]]}},{"type":"Feature","id":212217,"properties":{"OBJECTID":212217,"PRIMENAME":"Dennisville Road","ELEVTYP_F":0,"ELEVTYP_T":0},"geometry":{"type":"LineString","coordinates":[[-74.7708589164284,39.1739169579438],[-74.7708241085608,39.1739194008392],[-74.7706316319793,39.1739528240362],[-74.7703621821231,39.1740044107302],[-74.7699811789826,39.1740712470297],[-74.7695115845281,39.1741532787356],[-74.7690920332088,39.1742322004197],[-74.7686994789671,39.1743140518244],[-74.7686328525698,39.174335182316]]}},{"type":"Feature","id":212474,"properties":{"OBJECTID":212474,"PRIMENAME":"State Highway 83","ELEVTYP_F":0,"ELEVTYP_T":0},"geometry":{"type":"LineString","coordinates":[[-74.8080750340181,39.1699001134124],[-74.8078523486722,39.1697457868483],[-74.8076259553393,39.1696063505616],[-74.8074494320008,39.1695055533761],[-74.8072806624296,39.1694195623457],[-74.8071733051761,39.1693662203791]]}},{"type":"Feature","id":212895,"properties":{"OBJECTID":212895,"PRIMENAME":"Dennisville Road","ELEVTYP_F":0,"ELEVTYP_T":0},"geometry":{"type":"LineString","coordinates":[[-74.7675328144624,39.1748643150193],[-74.767338462671,39.1749647683204],[-74.7670194272189,39.1751333751852],[-74.7662741220377,39.1755235843501],[-74.7662659694842,39.175527852224],[-74.7658191719048,39.1757639977944]]}},{"type":"Feature","id":213033,"properties":{"OBJECTID":213033,"PRIMENAME":"Dennisville Road","ELEVTYP_F":0,"ELEVTYP_T":0},"geometry":{"type":"LineString","coordinates":[[-74.7653063644416,39.1760318995971],[-74.7650242820375,39.1761782409536],[-74.7637788288077,39.1768466110257],[-74.7630868175235,39.1772019653579],[-74.7622180046757,39.1776566163519],[-74.7620015477685,39.1777720949695]]}},{"type":"Feature","id":213064,"properties":{"OBJECTID":213064,"PRIMENAME":"Meghan Lane","ELEVTYP_F":0,"ELEVTYP_T":0},"geometry":{"type":"LineString","coordinates":[[-74.7309894688602,39.2050921638611],[-74.7304150017024,39.2060222134802],[-74.7299853815947,39.2067318478717]]}},{"type":"Feature","id":213521,"properties":{"OBJECTID":213521,"PRIMENAME":"Hagen Road","ELEVTYP_F":0,"ELEVTYP_T":0},"geometry":{"type":"LineString","coordinates":[[-74.7870225259579,39.1686431538871],[-74.7854041030964,39.1682346337063],[-74.7845742587806,39.1680290841171],[-74.7823853829487,39.1674833900143],[-74.7819557371155,39.1673702338886]]}},{"type":"Feature","id":214095,"properties":{"OBJECTID":214095,"PRIMENAME":"Shady Lane","ELEVTYP_F":0,"ELEVTYP_T":0},"geometry":{"type":"LineString","coordinates":[[-74.7815338347828,39.1726671321581],[-74.7807221087985,39.1730806790584]]}},{"type":"Feature","id":214169,"properties":{"OBJECTID":214169,"PRIMENAME":"Adams Avenue","ELEVTYP_F":0,"ELEVTYP_T":0},"geometry":{"type":"LineString","coordinates":[[-74.817500780466,39.2379129574567],[-74.8164855315485,39.2389943224622],[-74.8161125732839,39.2393881114831]]}},{"type":"Feature","id":214624,"properties":{"OBJECTID":214624,"PRIMENAME":"Cheshire Drive","ELEVTYP_F":0,"ELEVTYP_T":0},"geometry":{"type":"LineString","coordinates":[[-74.7511655084157,39.1671092506515],[-74.7510999063386,39.1671602704468],[-74.7510260285639,39.1672346478399],[-74.7509417057341,39.1673475152556],[-74.7507975740285,39.1675237195274],[-74.7506956663671,39.1676613634117],[-74.7506253798732,39.1677439421543],[-74.7505443912803,39.1678128700466],[-74.7504211254554,39.167895563457],[-74.750223903817,39.1680416219391],[-74.7498012676067,39.1683311075293],[-74.7495159634477,39.1685158770086],[-74.7494207706396,39.1685682780299],[-74.7493361786896,39.1685959436121],[-74.7492620841339,39.1686098588143],[-74.7491950052207,39.1686127480285],[-74.7491243602901,39.1686046618146],[-74.7490466208582,39.168585579781],[-74.7488981603448,39.1685364463816],[-74.7484950419018,39.168350374754],[-74.747550834436,39.1679209163877],[-74.7462459985817,39.1673355391933],[-74.7460586177217,39.1672507337422],[-74.745998527398,39.1672343860813],[-74.7459313826177,39.1672180262521],[-74.7458713664643,39.1672126613852],[-74.7457936879329,39.1672100515701],[-74.7457160563074,39.1672212532515],[-74.7456349210151,39.1672488818395],[-74.7455679926262,39.1672847456222],[-74.7455010581833,39.1673288736662],[-74.7454342190863,39.1674004590104],[-74.7453428457558,39.1675270930252],[-74.7448643561834,39.1681727218711]]}},{"type":"Feature","id":214967,"properties":{"OBJECTID":214967,"PRIMENAME":"Head Of The River Road","ELEVTYP_F":0,"ELEVTYP_T":0},"geometry":{"type":"LineString","coordinates":[[-74.848723711157,39.2838741369573],[-74.8487137386963,39.2838808391838],[-74.8471701672014,39.2849237103467],[-74.8459785830317,39.2857340260811],[-74.8450328822174,39.2863717197369],[-74.8447388605959,39.2865722271828]]}},{"type":"Feature","id":215108,"properties":{"OBJECTID":215108,"PRIMENAME":"Cedar Bridge Road","ELEVTYP_F":0,"ELEVTYP_T":0},"geometry":{"type":"LineString","coordinates":[[-74.862406787735,39.2604250343928],[-74.8623921704647,39.2604741728521],[-74.8623262650104,39.2606591643384],[-74.8622972605327,39.2607949750446],[-74.8622719501,39.2609278636951],[-74.8622615619895,39.2610780593439],[-74.8622663251165,39.2612830390559],[-74.8622672763918,39.2614678495166],[-74.8622566564491,39.2615660414547],[-74.8622497941574,39.261590121938],[-74.8622311228196,39.2616556309935],[-74.8621869514422,39.2617337470772],[-74.8621278958107,39.2618089979731],[-74.8620281597763,39.2619132610453],[-74.8618914311219,39.2620494055547],[-74.8613963681338,39.2625677954383],[-74.8610134611808,39.2629869902459]]}},{"type":"Feature","id":215271,"properties":{"OBJECTID":215271,"PRIMENAME":"Head Of River Road","ELEVTYP_F":0,"ELEVTYP_T":0},"geometry":{"type":"LineString","coordinates":[[-74.8212765230404,39.3025411119739],[-74.8213019409749,39.3026124846298],[-74.8213515879262,39.302680797895],[-74.821492976819,39.3027952876839],[-74.8217582445803,39.3030353789502],[-74.8222887607907,39.3035182522239],[-74.8226424685613,39.3038456297313],[-74.8227888498357,39.3039918983672]]}},{"type":"Feature","id":215434,"properties":{"OBJECTID":215434,"PRIMENAME":"Iroquois Trail","ELEVTYP_F":0,"ELEVTYP_T":0},"geometry":{"type":"LineString","coordinates":[[-74.8049618960635,39.2622984634285],[-74.8043876232612,39.2633220126463]]}},{"type":"Feature","id":215746,"properties":{"OBJECTID":215746,"PRIMENAME":"Ocean Road","ELEVTYP_F":0,"ELEVTYP_T":0},"geometry":{"type":"LineString","coordinates":[[-74.7645157250818,39.3080875170532],[-74.7646786304722,39.3079774013069],[-74.7650414512857,39.3077314404472],[-74.765413804618,39.3074836992256]]}},{"type":"Feature","id":215799,"properties":{"OBJECTID":215799,"PRIMENAME":"State Highway 83","ELEVTYP_F":0,"ELEVTYP_T":0},"geometry":{"type":"LineString","coordinates":[[-74.8147823797043,39.1766103272037],[-74.8145496235212,39.1764522519558],[-74.8141810084881,39.1761970397934],[-74.8139659815713,39.1760426765498],[-74.8135857604501,39.1757547096428],[-74.8132285114622,39.1754756313327],[-74.8127982537384,39.175119262533],[-74.8123101685956,39.1746796315289],[-74.8121026457705,39.1744894950149],[-74.8117335151274,39.1741210422161],[-74.8113182275797,39.1736842047723],[-74.8110643767234,39.1734018499402],[-74.8109220387143,39.1732413287961],[-74.81072584513,39.1730184033439],[-74.8106952980979,39.1729787804456]]}},{"type":"Feature","id":216005,"properties":{"OBJECTID":216005,"PRIMENAME":"North Delsea Drive","ELEVTYP_F":0,"ELEVTYP_T":0},"geometry":{"type":"LineString","coordinates":[[-74.8318996481363,39.1935618856856],[-74.8321456931082,39.1936067369324],[-74.8331905343784,39.1938095191243],[-74.8337848741196,39.1939269557583],[-74.8340771661119,39.1939836695088]]}},{"type":"Feature","id":216270,"properties":{"OBJECTID":216270,"PRIMENAME":"Cedar Avenue","ELEVTYP_F":0,"ELEVTYP_T":0},"geometry":{"type":"LineString","coordinates":[[-74.7656928907159,39.2891195683097],[-74.7657100024905,39.2892439089124],[-74.765723185805,39.2896283869976],[-74.7657617716456,39.2904888014307],[-74.7657633750707,39.2909129815097],[-74.7657444457332,39.2910930595962],[-74.7657176947766,39.2912792792884],[-74.7656712961432,39.2914838304154],[-74.765586344581,39.2918654568528],[-74.7653894557625,39.2927630631635],[-74.7653100721913,39.2931423957558],[-74.7652891463339,39.2932423883111],[-74.7651001755082,39.2941613378857],[-74.7649307293686,39.2949088277546]]}},{"type":"Feature","id":216416,"properties":{"OBJECTID":216416,"PRIMENAME":"Clermont Southseaville Road","ELEVTYP_F":0,"ELEVTYP_T":0},"geometry":{"type":"LineString","coordinates":[[-74.7624863232564,39.1739654162653],[-74.7623674636664,39.1743313083047],[-74.76223345429,39.1748071750885],[-74.7621088928548,39.1752150622285],[-74.7620130736222,39.1755360916991],[-74.7619555202897,39.1757023119055],[-74.7618978532791,39.1758382741417],[-74.7618062854252,39.1759932309819],[-74.7617283032849,39.1761112805968]]}},{"type":"Feature","id":216427,"properties":{"OBJECTID":216427,"PRIMENAME":"Woods Road","ELEVTYP_F":0,"ELEVTYP_T":0},"geometry":{"type":"LineString","coordinates":[[-74.8316577365812,39.2915760636049],[-74.830984601216,39.2926053548532],[-74.8306927562147,39.2931219478787],[-74.830691004807,39.2931252120094],[-74.8306892534034,39.2931284770408],[-74.83068761343,39.2931317714827],[-74.8306860825684,39.2931350953416],[-74.8306845527176,39.293138387669],[-74.8306831323769,39.2931417940892],[-74.8306818230725,39.293145146145],[-74.830680513751,39.2931484945975],[-74.8306793162667,39.2931519589378],[-74.8306782645801,39.2931553652117],[-74.8306771400029,39.2931588023204],[-74.8306762730396,39.2931622927464],[-74.8306752946626,39.2931657573652],[-74.830674575951,39.293169218544],[-74.8306737820262,39.2931727096634],[-74.8306731352025,39.2931761733405],[-74.8306725999321,39.2931796925515],[-74.8306720646617,39.2931832117624],[-74.8306716418412,39.293186730654],[-74.8306713245193,39.2931902501468],[-74.8306711208024,39.2931937684161],[-74.830670953023,39.2931972865833],[-74.8306708226076,39.2932008613959],[-74.8306708391578,39.2932043799404],[-74.8306708557122,39.2932078993857],[-74.8306710196137,39.2932114436355],[-74.8306712204893,39.2932149616565],[-74.8306715326514,39.2932184784607],[-74.8306719155295,39.293221995064],[-74.8306723737608,39.2932255114533],[-74.8306729421279,39.2932290284306],[-74.8306735116501,39.2932325445038],[-74.8306741900175,39.2932360332434],[-74.8306749818461,39.2932394901321],[-74.8306758793089,39.2932429764478],[-74.830676778959,39.2932464348319],[-74.8306777886094,39.2932498649783],[-74.8306789095465,39.2932532939078],[-74.8306800293245,39.2932567228406],[-74.8306812627119,39.2932601514506],[-74.8306826011871,39.2932634932838],[-74.8306839422607,39.2932668945635],[-74.8306853931821,39.2932702351764],[-74.8306869551359,39.2932735205241],[-74.8306886261979,39.2932768343881],[-74.8306902982752,39.2932801176213],[-74.8306920803529,39.2932833726168],[-74.8306938276566,39.2932866286119],[-74.830695754242,39.2932897976192],[-74.8306977576071,39.29329302316],[-74.8306997592834,39.2932961361033],[-74.8307019825053,39.2932992745411],[-74.8307040954729,39.2933023871682],[-74.830706428564,39.2933054694432],[-74.8307087624121,39.2933084661383],[-74.8307110950969,39.2933114619359],[-74.8307135379178,39.2933144583213],[-74.8307160916272,39.2933173688142],[-74.8307186453325,39.2933202784062],[-74.8307213090341,39.2933231588595],[-74.8307240826049,39.2933259831501],[-74.8307268561716,39.2933288065397],[-74.8307297406354,39.2933315458383],[-74.8307326236562,39.2933342247862],[-74.8307356181081,39.2933369331444],[-74.8307386122889,39.293339583851],[-74.8307417185218,39.2933421495625],[-74.8307448224321,39.2933447143796],[-74.8307480337575,39.2933471942148],[-74.8307513586883,39.2933496728263],[-74.8307546821931,39.2933520946902],[-74.8307580065861,39.2933544588993],[-74.8307614409797,39.2933567948704],[-74.8307648739388,39.2933590722924],[-74.8307684179347,39.2933612953499],[-74.8307719619097,39.2933635139032],[-74.8307756166546,39.2933656213412],[-74.8307792702319,39.2933677269807],[-74.8307830335386,39.2933697467308],[-74.830784804861,39.2933707145809],[-74.8310075590049,39.2934709000588],[-74.8310178504183,39.2934756460315],[-74.8310280322483,39.2934805085202],[-74.8310381044866,39.2934854857234],[-74.8310480663768,39.2934906632209],[-74.8310578094269,39.2934958971904],[-74.8310675522737,39.2935013338435],[-74.8310771840853,39.2935068248605],[-74.8310865977484,39.2935125191809],[-74.8310960105167,39.2935182693537],[-74.8311052039646,39.2935242201308],[-74.8311142863985,39.293530229776],[-74.8311232245939,39.2935363821598],[-74.8311320127628,39.2935426791003],[-74.8311406566931,39.2935491187795],[-74.8311491917754,39.2935555848912],[-74.8311576127732,39.2935621963584],[-74.8311658153426,39.2935689516761],[-74.8311737980526,39.2935757931962],[-74.8311817814347,39.293582777043],[-74.8311895448301,39.293589820068],[-74.8311970874741,39.2935970060496],[-74.8312044821343,39.2936042780292],[-74.8312117322929,39.2936116368978],[-74.8312188370494,39.2936191376079],[-74.8312258273182,39.2936266980972],[-74.8312325990226,39.2936343736115],[-74.831239150583,39.2936420749747],[-74.8312455916812,39.293649952311],[-74.8312518126395,39.293657856397],[-74.831254368264,39.2936611659343],[-74.8316740940823,39.2941070338746],[-74.8316809784091,39.294114479333],[-74.831687747488,39.29412206925],[-74.8316942987402,39.29412968501],[-74.8317006673779,39.2941374183961],[-74.8317068499147,39.2941452676166],[-74.8317129606957,39.294153142264],[-74.8317187426594,39.2941611070289],[-74.8317244105173,39.2941692126459],[-74.8317299694071,39.294177319474],[-74.8317351982987,39.2941855119188],[-74.831740316452,39.2941938217851],[-74.8317453256199,39.2942021292592],[-74.8317500026198,39.294210553885],[-74.8317545697513,39.2942190346742],[-74.8317589168984,39.294227575544],[-74.8317631541686,39.2942361707757],[-74.8317671701546,39.2942447963648],[-74.8317709649924,39.294253481137],[-74.8317745400964,39.2942622791373],[-74.831777931905,39.2942710506352],[-74.8317811384949,39.2942798794124],[-74.8317840521875,39.2942887946016],[-74.8317868544608,39.2942976830839],[-74.831789437,39.2943066847942],[-74.8317919105659,39.2943156868151],[-74.8317940490956,39.2943246897906],[-74.8317960790601,39.2943337795539],[-74.8317978884823,39.2943428113926],[-74.8317994781785,39.2943519582611],[-74.8318008102516,39.2943610509139],[-74.831801992899,39.2943701701163],[-74.8318029196183,39.294379348601],[-74.8318037385231,39.2943885273929],[-74.8318042583292,39.2943977070372],[-74.8318045961256,39.2944068872002],[-74.8318047519079,39.2944160669811],[-74.8318046827907,39.2944252483037],[-74.8318044316721,39.2944344319466],[-74.8318038860744,39.2944436128254],[-74.8318032661582,39.2944527677922],[-74.8318023159648,39.294461949824],[-74.8318012553784,39.2944710772205],[-74.8317999734931,39.2944802322722],[-74.8317984699261,39.2944893339066],[-74.8317967460705,39.2944984316646],[-74.8317948016924,39.294507476002],[-74.8317927481992,39.2945164909233],[-74.8317903967654,39.2945255066936],[-74.8317882967037,39.2945330065736],[-74.8315011571414,39.2953921704636],[-74.8314573109756,39.2955234001612],[-74.8314538813917,39.2955336675246]]}},{"type":"Feature","id":216540,"properties":{"OBJECTID":216540,"PRIMENAME":"Upper Champion Road","ELEVTYP_F":0,"ELEVTYP_T":0},"geometry":{"type":"LineString","coordinates":[[-74.8550878118115,39.2642918753943],[-74.8557116436995,39.2646472425994],[-74.8561606748216,39.2649045985622],[-74.8563394526117,39.2650056975901],[-74.8570029887427,39.2653732379258],[-74.8576188961578,39.2657224692076],[-74.8580719442669,39.2659890307015],[-74.8581041810987,39.2660074920859]]}},{"type":"Feature","id":217001,"properties":{"OBJECTID":217001,"PRIMENAME":"Phillip Desantis Drive","ELEVTYP_F":0,"ELEVTYP_T":0},"geometry":{"type":"LineString","coordinates":[[-74.8171885505812,39.2364766726969],[-74.8171952261769,39.2364776940712],[-74.817214848015,39.2364757191726],[-74.8172366986207,39.2364668180544],[-74.8172829364488,39.2364245451614],[-74.8178378851243,39.2358288301269]]}},{"type":"Feature","id":217259,"properties":{"OBJECTID":217259,"PRIMENAME":"State Highway 50","ELEVTYP_F":0,"ELEVTYP_T":0},"geometry":{"type":"LineString","coordinates":[[-74.750818375193,39.2835263944826],[-74.7508532176118,39.2835975436471],[-74.7513797099412,39.28468334993],[-74.7515955949429,39.2851211801513],[-74.7515975873908,39.2851253493433]]}},{"type":"Feature","id":217275,"properties":{"OBJECTID":217275,"PRIMENAME":"Unnamed Segment","ELEVTYP_F":0,"ELEVTYP_T":0},"geometry":{"type":"LineString","coordinates":[[-74.7664851880971,39.1762657044565],[-74.7658191719048,39.1757639977944]]}},{"type":"Feature","id":217392,"properties":{"OBJECTID":217392,"PRIMENAME":"Mackey Avenue","ELEVTYP_F":0,"ELEVTYP_T":0},"geometry":{"type":"LineString","coordinates":[[-74.7577396708043,39.2905359951464],[-74.7575429792499,39.2915331195052],[-74.757496988683,39.2917698491315],[-74.7574452836341,39.2920359913777]]}},{"type":"Feature","id":217712,"properties":{"OBJECTID":217712,"PRIMENAME":"Fremont Avenue","ELEVTYP_F":0,"ELEVTYP_T":0},"geometry":{"type":"LineString","coordinates":[[-74.8233482235212,39.2285687660462],[-74.8241491331307,39.2290429514952],[-74.8248741180002,39.2294561400741],[-74.8262692657063,39.2302631362223],[-74.8263684359829,39.2303169485533]]}},{"type":"Feature","id":218264,"properties":{"OBJECTID":218264,"PRIMENAME":"North Delsea Drive","ELEVTYP_F":0,"ELEVTYP_T":0},"geometry":{"type":"LineString","coordinates":[[-74.8485494424505,39.1980317962288],[-74.8489948302509,39.1982504784141],[-74.850636652159,39.1990577392818],[-74.8516458908802,39.1995529112576],[-74.8537248451413,39.2005681702687],[-74.8542367049667,39.2008200467588]]}},{"type":"Feature","id":218353,"properties":{"OBJECTID":218353,"PRIMENAME":"Unnamed Segment","ELEVTYP_F":0,"ELEVTYP_T":0},"geometry":{"type":"LineString","coordinates":[[-74.7555712748623,39.1719879462223],[-74.7555253888364,39.1719994226195],[-74.7551998867416,39.1719657401575],[-74.7549144856947,39.1719132091381],[-74.7546452454387,39.1718856574501],[-74.7544202606873,39.1718767666562]]}},{"type":"Feature","id":218392,"properties":{"OBJECTID":218392,"PRIMENAME":"Weatherby Road","ELEVTYP_F":0,"ELEVTYP_T":0},"geometry":{"type":"LineString","coordinates":[[-74.8827264586355,39.3054218653408],[-74.8809949982759,39.3053901805512],[-74.8789160902924,39.3053597923362],[-74.8787991426789,39.3053580812162]]}},{"type":"Feature","id":218890,"properties":{"OBJECTID":218890,"PRIMENAME":"East Creek Mill Road","ELEVTYP_F":0,"ELEVTYP_T":0},"geometry":{"type":"LineString","coordinates":[[-74.8650261136325,39.2065830181467],[-74.8657704113786,39.2071666509467],[-74.8676621098303,39.208656105842],[-74.8695348084721,39.210141882868],[-74.8704447722262,39.2108514280043],[-74.870847062844,39.211161816011],[-74.8712110276184,39.2114389643372],[-74.8715797416209,39.2117123615238],[-74.8719292858935,39.2119709928879],[-74.8723170987526,39.21224432673],[-74.8725755812836,39.2124216437417],[-74.8728244957164,39.2125915220225],[-74.873006376307,39.2127059864437],[-74.8731881776959,39.2128055952657],[-74.8733412233098,39.2128867632118],[-74.8735420459776,39.2129788426474],[-74.873809685687,39.2130781761232],[-74.874096361836,39.2131663271231],[-74.8744020184891,39.2132395347275],[-74.8747983324977,39.2133161847299],[-74.8752613653781,39.2133814977547],[-74.8756097799085,39.2134174692244],[-74.8765117774557,39.2135147494318],[-74.8778480453803,39.2136440023296],[-74.8782966338507,39.2136870825486],[-74.8786402876518,39.2137230883327],[-74.8789457519617,39.2137591903092],[-74.8791653242246,39.2137918641649],[-74.8793372328919,39.2138284267538],[-74.879533061503,39.2138760309872],[-74.8797337153123,39.2139347398885],[-74.8799104895303,39.2139898194121],[-74.8800491459781,39.2140450230264],[-74.8802020818822,39.2141038867808],[-74.8803264290269,39.2141628706965],[-74.880455581299,39.214229225578],[-74.8805847539709,39.2142993141819],[-74.8806900066297,39.2143583330609],[-74.8807905145628,39.2144211012865],[-74.880938907436,39.2145208071564],[-74.8810873767068,39.2146279273022],[-74.8812263404804,39.2147461981864],[-74.8812842034441,39.2148007854778],[-74.8814084651432,39.2149088627431],[-74.8815620012746,39.2150716485762],[-74.8816161713219,39.2151351173483],[-74.8817060331894,39.2152455581407],[-74.8817877305293,39.2153603360818],[-74.8818983697397,39.2155269419173],[-74.8820188044714,39.2157491975033],[-74.8821682234715,39.2160307215376],[-74.8831367290391,39.2178234936756],[-74.8840764298059,39.2195680830678],[-74.8842643449028,39.2199088670177],[-74.8843509385839,39.2200458674278],[-74.884447218562,39.2202051042539],[-74.884557856203,39.2203754404353],[-74.8847021247056,39.2205827606115],[-74.8848607153776,39.2208011539951],[-74.8850577631748,39.2210676890607],[-74.8855671883892,39.2217561700098],[-74.8856567565731,39.2218775554268],[-74.8860670337791,39.2224335605756],[-74.8861567720171,39.2225556521767],[-74.8863554298768,39.2228259288545],[-74.8865043368372,39.2230146985995],[-74.8866339386338,39.2231589674215],[-74.8867587142776,39.2232921332138],[-74.8868785678864,39.2234030747039],[-74.8869984361081,39.2235102811917],[-74.8871182087177,39.2236063401407],[-74.887266802568,39.2237245995124],[-74.8874248972707,39.2238502399954],[-74.8875187382529,39.2239167034305],[-74.8876787758709,39.2240423091743],[-74.8879901993992,39.2242862187822],[-74.8883591683765,39.22458182962],[-74.8886755607032,39.2248553742058],[-74.8887701536334,39.2249424279022],[-74.888963188665,39.2251104254132],[-74.8891502008591,39.2252805029088],[-74.8897302461606,39.2257869342319],[-74.8900802914606,39.2261048982787],[-74.8902145334653,39.2262305868555],[-74.8903297278384,39.2263526331031],[-74.8904352946421,39.226463617829],[-74.8905217581615,39.2265672265793],[-74.8905787766594,39.226638369131],[-74.8906514634424,39.2267337588944],[-74.8907236093475,39.2268337086051],[-74.8908054171424,39.2269633071738],[-74.8909785990817,39.227222471119],[-74.8912720772352,39.2276630526014],[-74.8914404772204,39.2279185258875],[-74.8914542941184,39.2279384255438]]}},{"type":"Feature","id":218948,"properties":{"OBJECTID":218948,"PRIMENAME":"Monroe Avenue","ELEVTYP_F":0,"ELEVTYP_T":0},"geometry":{"type":"LineString","coordinates":[[-74.8156568601022,39.2345846610469],[-74.814860044709,39.2354298884705],[-74.8148341430099,39.2354573643227],[-74.8142619355995,39.2360595913237]]}},{"type":"Feature","id":219111,"properties":{"OBJECTID":219111,"PRIMENAME":"Unnamed Segment","ELEVTYP_F":0,"ELEVTYP_T":0},"geometry":{"type":"LineString","coordinates":[[-74.7380110281072,39.2014085716472],[-74.737516660153,39.2013946933818]]}},{"type":"Feature","id":219193,"properties":{"OBJECTID":219193,"PRIMENAME":"State Highway 83","ELEVTYP_F":0,"ELEVTYP_T":0},"geometry":{"type":"LineString","coordinates":[[-74.7682660898841,39.1564051749872],[-74.7669198632131,39.1550185527826],[-74.7661745962878,39.1542545733481],[-74.7652065286018,39.1532527367289],[-74.765004206234,39.1530446011784]]}},{"type":"Feature","id":219234,"properties":{"OBJECTID":219234,"PRIMENAME":"Seneca Trail","ELEVTYP_F":0,"ELEVTYP_T":0},"geometry":{"type":"LineString","coordinates":[[-74.8041427882421,39.2620234693329],[-74.8049618960635,39.2622984634285]]}},{"type":"Feature","id":219641,"properties":{"OBJECTID":219641,"PRIMENAME":"Mount Pleasant Tuckahoe Road","ELEVTYP_F":0,"ELEVTYP_T":0},"geometry":{"type":"LineString","coordinates":[[-74.7550761514921,39.2838441309638],[-74.7550467286236,39.2840313154927]]}},{"type":"Feature","id":219674,"properties":{"OBJECTID":219674,"PRIMENAME":"Mosquito Landing Road","ELEVTYP_F":0,"ELEVTYP_T":0},"geometry":{"type":"LineString","coordinates":[[-74.7526510457792,39.2937145602983],[-74.7523420864695,39.293679646195],[-74.7516428926551,39.2935788003824],[-74.7511431183168,39.2935111785642],[-74.7508155701644,39.2934668581243],[-74.7498125881567,39.2933325530531],[-74.7489962704127,39.2932234307397],[-74.7479823364338,39.2930976451431],[-74.7468402865963,39.292943704272],[-74.7457128806621,39.292812483168],[-74.7455774617554,39.2927985458484],[-74.7455262012867,39.2928014816246],[-74.7454823901271,39.2928129693574],[-74.7454531966383,39.2928414490256],[-74.7454204336293,39.2928898415966],[-74.7453733889858,39.293037797491],[-74.7452581779409,39.2935696627311],[-74.7451320358902,39.2941186834882]]}},{"type":"Feature","id":219926,"properties":{"OBJECTID":219926,"PRIMENAME":"East Creek Mill Road","ELEVTYP_F":0,"ELEVTYP_T":0},"geometry":{"type":"LineString","coordinates":[[-74.8914542941184,39.2279384255438],[-74.8915895528141,39.2281332348483],[-74.8917096838424,39.2282849714235],[-74.8918105307894,39.2284033566008],[-74.8919208896531,39.2285180316124],[-74.8920264620733,39.2286289878016],[-74.8921463329222,39.2287398957569],[-74.8923525015001,39.2289173163789],[-74.8926832890072,39.2292019220212],[-74.8930332099836,39.2295050227599],[-74.8932202435432,39.2296750655586],[-74.8933497819844,39.2297970873303],[-74.8934745048127,39.2299228321192],[-74.8935657017767,39.2300190087495],[-74.8936521742813,39.2301226141665],[-74.8937770848244,39.2302817461862],[-74.8940174746947,39.2306111885253],[-74.894310819818,39.2310220541675],[-74.8947965376554,39.2317031876879],[-74.8950804275627,39.2321326439495],[-74.8952296481489,39.2323696150684],[-74.8956149406322,39.2330065498083],[-74.8959279939098,39.233528683505],[-74.8960387220802,39.2337064217918],[-74.8961301360478,39.2338396906702],[-74.8962262331958,39.2339580880387],[-74.8963414577921,39.2340875688508],[-74.8963688085443,39.2341171021106]]}},{"type":"Feature","id":220248,"properties":{"OBJECTID":220248,"PRIMENAME":"Meerwald Road","ELEVTYP_F":0,"ELEVTYP_T":0},"geometry":{"type":"LineString","coordinates":[[-74.8162467886901,39.176317427231],[-74.8166363491727,39.1758215845639],[-74.8168776672747,39.1755210926947],[-74.817149578475,39.175175623011],[-74.8172069825446,39.1750915016789],[-74.8172490516931,39.1750254342761],[-74.8172794981067,39.1749473993738],[-74.8173061738308,39.1748783812847],[-74.817347703647,39.1746923807581],[-74.8174306426819,39.1742934440835],[-74.8174832169946,39.173990499338],[-74.8175057700663,39.1738675107421],[-74.817528138872,39.1737115457456],[-74.8175280040232,39.1736815626943],[-74.8175228573914,39.1736666399597],[-74.8175124673245,39.1736546412117],[-74.8175122909185,39.1736545317904]]}},{"type":"Feature","id":220778,"properties":{"OBJECTID":220778,"PRIMENAME":"County Road","ELEVTYP_F":0,"ELEVTYP_T":0},"geometry":{"type":"LineString","coordinates":[[-74.8116973297385,39.1730921132436],[-74.8119686582657,39.1733458084699],[-74.812475106417,39.173776166321],[-74.8127766859669,39.1740332106901],[-74.8135461286386,39.1747026717979],[-74.8138129211186,39.1749328161928],[-74.8139907423385,39.1750822281258],[-74.8141067317328,39.1751778518211],[-74.8142303731733,39.1752644770369],[-74.8143617255689,39.1753480599151],[-74.8145199946303,39.1754315708967],[-74.8146705733805,39.1755150745028],[-74.8149022362639,39.1756344381847],[-74.8150836878604,39.175726863471],[-74.8153956580744,39.175881428942]]}},{"type":"Feature","id":221264,"properties":{"OBJECTID":221264,"PRIMENAME":"South Ravenwood Drive","ELEVTYP_F":0,"ELEVTYP_T":0},"geometry":{"type":"LineString","coordinates":[[-74.7619710698743,39.1625894705468],[-74.7619850384915,39.1625328764015],[-74.7619988056387,39.1624503628824],[-74.7619984998783,39.1623679359509],[-74.7619876275269,39.1622800133358],[-74.7619590611599,39.1621948492235],[-74.7619540071649,39.1621824776581]]}},{"type":"Feature","id":221663,"properties":{"OBJECTID":221663,"PRIMENAME":"Dehirsch Avenue","ELEVTYP_F":0,"ELEVTYP_T":0},"geometry":{"type":"LineString","coordinates":[[-74.7963928108903,39.2308769500971],[-74.795797577508,39.2305474658683],[-74.7955525337922,39.2304082074016],[-74.79527439838,39.2302501410522],[-74.7949538850706,39.2300669617829]]}},{"type":"Feature","id":222286,"properties":{"OBJECTID":222286,"PRIMENAME":"Unnamed Segment","ELEVTYP_F":0,"ELEVTYP_T":0},"geometry":{"type":"LineString","coordinates":[[-74.7357698124718,39.1807862870848],[-74.7365989019894,39.1797174590866],[-74.7367230836022,39.1796849614441],[-74.7368737960653,39.1797022439942],[-74.7371867105896,39.1797924811167],[-74.7374545346443,39.17991505562],[-74.737930293064,39.180268784831],[-74.7381908867166,39.1804793138036],[-74.7383758123197,39.1806287095319],[-74.7385231616946,39.1807248713166],[-74.738711799934,39.1808182899683],[-74.7389192206305,39.1808970132022],[-74.7390211031672,39.1809525002393],[-74.7391269695187,39.1810724716539],[-74.7392556539617,39.1812568851569],[-74.7394285385009,39.1815046373497],[-74.7395354939852,39.1816579127439],[-74.7396232072145,39.1817836079834]]}},{"type":"Feature","id":222686,"properties":{"OBJECTID":222686,"PRIMENAME":"Washington Avenue","ELEVTYP_F":0,"ELEVTYP_T":0},"geometry":{"type":"LineString","coordinates":[[-74.8199902678737,39.2370620547165],[-74.819814577548,39.2372484776329],[-74.8193952733397,39.2376932822345],[-74.8185927519385,39.2385404484159]]}},{"type":"Feature","id":222773,"properties":{"OBJECTID":222773,"PRIMENAME":"Mohawk Trail","ELEVTYP_F":0,"ELEVTYP_T":0},"geometry":{"type":"LineString","coordinates":[[-74.806500535404,39.2628134616291],[-74.807035337029,39.2617899889042]]}},{"type":"Feature","id":223045,"properties":{"OBJECTID":223045,"PRIMENAME":"Macellaro Road","ELEVTYP_F":0,"ELEVTYP_T":0},"geometry":{"type":"LineString","coordinates":[[-74.8873966269961,39.2627958446402],[-74.887159132223,39.261973416711],[-74.8870985225021,39.261748442716],[-74.8869810411411,39.2613229187507],[-74.8868673948519,39.2609651461504],[-74.8868251398471,39.2608920587767],[-74.8867723896822,39.2608243868468],[-74.8867163176349,39.2607757269402],[-74.8864500043994,39.2605812814513],[-74.8858158828292,39.2601357236528],[-74.8854165303509,39.2598575878554],[-74.8848034399139,39.2594255464537],[-74.8844492964749,39.2591658733752]]}},{"type":"Feature","id":223367,"properties":{"OBJECTID":223367,"PRIMENAME":"Magnolia Drive","ELEVTYP_F":0,"ELEVTYP_T":0},"geometry":{"type":"LineString","coordinates":[[-74.8252046200075,39.2040839274406],[-74.8255316192064,39.203729927197]]}},{"type":"Feature","id":224440,"properties":{"OBJECTID":224440,"PRIMENAME":"Robin Drive","ELEVTYP_F":0,"ELEVTYP_T":0},"geometry":{"type":"LineString","coordinates":[[-74.8210399383079,39.1633505910954],[-74.8212156385613,39.1633781959488],[-74.8213194940899,39.1634057518215],[-74.8214234130512,39.1634472280655],[-74.8216351173922,39.1635970018211],[-74.8220227117096,39.1638771791396],[-74.8221949436992,39.1640020194567],[-74.8224748818267,39.1642017399927],[-74.8229988500975,39.1645845581125],[-74.8231419194127,39.1646647746954],[-74.8232212046415,39.1647092300334],[-74.8233344504304,39.1647755571083],[-74.8235619196037,39.1649087802419],[-74.8241397093776,39.1653192849895],[-74.8248107755869,39.1657935854002]]}},{"type":"Feature","id":225133,"properties":{"OBJECTID":225133,"PRIMENAME":"Unnamed Segment","ELEVTYP_F":0,"ELEVTYP_T":0},"geometry":{"type":"LineString","coordinates":[[-74.8390483047495,39.2329201687903],[-74.8388929320109,39.232817961881]]}},{"type":"Feature","id":225635,"properties":{"OBJECTID":225635,"PRIMENAME":"Unnamed Segment","ELEVTYP_F":0,"ELEVTYP_T":0},"geometry":{"type":"LineString","coordinates":[[-74.8433609841962,39.1980834799699],[-74.842232256681,39.1989163325558]]}},{"type":"Feature","id":225942,"properties":{"OBJECTID":225942,"PRIMENAME":"Clay Street","ELEVTYP_F":0,"ELEVTYP_T":0},"geometry":{"type":"LineString","coordinates":[[-74.8196886994511,39.2391683307083],[-74.820396843784,39.2395725041196],[-74.8207744562657,39.2397870593548]]}},{"type":"Feature","id":226173,"properties":{"OBJECTID":226173,"PRIMENAME":"State Highway 49","ELEVTYP_F":0,"ELEVTYP_T":0},"geometry":{"type":"LineString","coordinates":[[-74.758356763674,39.2943012869509],[-74.7582443724363,39.2942655143763],[-74.7580454493392,39.294193496314],[-74.7578018635859,39.29410265873],[-74.757525760594,39.2939898729628],[-74.7568719261205,39.2936857480627],[-74.7568678093358,39.2936838176835],[-74.7560560346625,39.2933031012307],[-74.7548616294355,39.2927429130653],[-74.7544717771808,39.2925600645797],[-74.7541839246002,39.2924248175011],[-74.753704269508,39.2921994447333],[-74.7533359600808,39.2920290794663]]}},{"type":"Feature","id":226207,"properties":{"OBJECTID":226207,"PRIMENAME":"Myrtle Avenue","ELEVTYP_F":0,"ELEVTYP_T":0},"geometry":{"type":"LineString","coordinates":[[-74.8340771661119,39.1939836695088],[-74.8340048701157,39.194282475678],[-74.8339173946768,39.1945804199562],[-74.8338373197606,39.1948091779521],[-74.833799321926,39.1949445963253],[-74.8337805903838,39.1950649137914],[-74.8337697638731,39.1952303484065],[-74.833770902103,39.1954709267867],[-74.8337722392356,39.195753541917],[-74.8337855271495,39.1961083091713],[-74.8338144349057,39.1965051509508],[-74.8338317540845,39.1968990054113],[-74.8338459660987,39.1973757741023],[-74.8338501265509,39.1975153712966],[-74.8338790129816,39.1979001589942],[-74.8338933378111,39.1984140928863]]}},{"type":"Feature","id":226414,"properties":{"OBJECTID":226414,"PRIMENAME":"Hummingbird Avenue","ELEVTYP_F":0,"ELEVTYP_T":0},"geometry":{"type":"LineString","coordinates":[[-74.7383798875773,39.2474235747581],[-74.7381224469863,39.2470752026022],[-74.7378582292961,39.2467162175541],[-74.7377261487867,39.2465449898145],[-74.7376143316282,39.2464345650572],[-74.7374948721238,39.2463300048359],[-74.7373636090193,39.2462330733177],[-74.7372242809468,39.246163396347],[-74.7370756203432,39.2461010141758],[-74.7369894243388,39.246069750775],[-74.7368930123988,39.2460453183326],[-74.7367871815585,39.2460239245278],[-74.736680093463,39.2460065697824],[-74.7364983008758,39.2459834076907],[-74.7362776908161,39.2459674090644],[-74.7360274138657,39.2459712108424],[-74.7353827063639,39.2459856676226],[-74.7353669758118,39.2459859570488],[-74.7345353126439,39.2460012705396]]}},{"type":"Feature","id":226517,"properties":{"OBJECTID":226517,"PRIMENAME":"Evergreen Drive","ELEVTYP_F":0,"ELEVTYP_T":0},"geometry":{"type":"LineString","coordinates":[[-74.8619656518984,39.2640642235188],[-74.8621062180438,39.2640758944597],[-74.8627886679844,39.2637095802168],[-74.8635860203934,39.2632704709608],[-74.8640825816028,39.2630095876047],[-74.8642464194775,39.2629118217235],[-74.8643120331459,39.262866414884],[-74.8643736681012,39.2628177555054],[-74.8644310580982,39.2627660537887],[-74.864483955231,39.262711533077],[-74.8645321310036,39.2626544288904],[-74.8645753773173,39.2625949879088],[-74.864613507369,39.2625334669058],[-74.8646463564582,39.2624701316396],[-74.8646750538731,39.2624223956035],[-74.8647066905841,39.2623757956304],[-74.8647411923859,39.2623304410144],[-74.8647784783538,39.2622864381283],[-74.8648184610339,39.2622438901744],[-74.8648610466479,39.2622028969428],[-74.8649061353133,39.2621635545767],[-74.8649536212777,39.2621259553474],[-74.8651607999296,39.261954467855]]}},{"type":"Feature","id":226980,"properties":{"OBJECTID":226980,"PRIMENAME":"Kubiak Road","ELEVTYP_F":0,"ELEVTYP_T":0},"geometry":{"type":"LineString","coordinates":[[-74.8384409967179,39.2424727087661],[-74.8384049014539,39.2424782501223],[-74.8383223249915,39.242503008664],[-74.8382240433506,39.2425369570269],[-74.8381217144308,39.2425586982688],[-74.8380312102891,39.2425650838752],[-74.8379327816531,39.2425684449135],[-74.8378264148068,39.2425656780619],[-74.8376924778973,39.24255689517],[-74.8375703392557,39.2425419288998],[-74.8374757573802,39.2425299562738],[-74.837365354274,39.2425027090713],[-74.8372706550733,39.2424662188696],[-74.8371996273565,39.2424327616013],[-74.8371088099132,39.2423809378998],[-74.8370494738192,39.242326003465],[-74.8369941299937,39.2422863507519],[-74.8369400935621,39.2422446430517],[-74.8369388075626,39.2422436504597],[-74.8368558487218,39.2421887563339],[-74.8367571075962,39.2421339348055],[-74.8366781930271,39.2420974255042],[-74.8365795757328,39.2420609451615],[-74.836465145745,39.2420184154344],[-74.8363388925022,39.2419697689045],[-74.8362323286732,39.2419180170081],[-74.8361020570421,39.2418632868389],[-74.8359717752232,39.2417840369986],[-74.8358334469332,39.2416833660741],[-74.8357465415879,39.2416223866473],[-74.8356556321163,39.2415583441783],[-74.8355608397646,39.2414943128242],[-74.8354975796598,39.2414454559491],[-74.8354382019305,39.2413813495022],[-74.8354124813194,39.2413471021405]]}},{"type":"Feature","id":227034,"properties":{"OBJECTID":227034,"PRIMENAME":"Marshallville Road","ELEVTYP_F":0,"ELEVTYP_T":0},"geometry":{"type":"LineString","coordinates":[[-74.7674052401868,39.296418494021],[-74.7668782950015,39.2963536416151],[-74.7660994289894,39.2962497701236],[-74.7648466440972,39.2960850015728],[-74.7647028590729,39.2960665753349]]}},{"type":"Feature","id":227887,"properties":{"OBJECTID":227887,"PRIMENAME":"Dehirsch Avenue","ELEVTYP_F":0,"ELEVTYP_T":0},"geometry":{"type":"LineString","coordinates":[[-74.8190253246275,39.243400289278],[-74.8194215534243,39.2436361590049],[-74.8202015407221,39.2440976592556]]}},{"type":"Feature","id":228108,"properties":{"OBJECTID":228108,"PRIMENAME":"Ocean Avenue","ELEVTYP_F":0,"ELEVTYP_T":0},"geometry":{"type":"LineString","coordinates":[[-74.7627641069331,39.2862729910547],[-74.7627259467049,39.2863102260504],[-74.7626710792044,39.2864033351052]]}},{"type":"Feature","id":228202,"properties":{"OBJECTID":228202,"PRIMENAME":"Indian Road","ELEVTYP_F":0,"ELEVTYP_T":0},"geometry":{"type":"LineString","coordinates":[[-74.824977619925,39.2022939275194],[-74.8249306197221,39.2023639270825],[-74.8247366195447,39.2026819272091]]}},{"type":"Feature","id":228501,"properties":{"OBJECTID":228501,"PRIMENAME":"Lake Drive","ELEVTYP_F":0,"ELEVTYP_T":0},"geometry":{"type":"LineString","coordinates":[[-74.8419425983393,39.1962165050378],[-74.8419503548764,39.1961496234322],[-74.8419582509689,39.1959878216597],[-74.8419834051889,39.1958191868635]]}},{"type":"Feature","id":228808,"properties":{"OBJECTID":228808,"PRIMENAME":"Hands Mill Road","ELEVTYP_F":0,"ELEVTYP_T":0},"geometry":{"type":"LineString","coordinates":[[-74.8942069103382,39.2462948386605],[-74.8933442816576,39.2475397423376],[-74.8926885655933,39.2484831581424],[-74.891787925454,39.2497803834442],[-74.8914566856712,39.2502569171625]]}},{"type":"Feature","id":228857,"properties":{"OBJECTID":228857,"PRIMENAME":"Fremont Avenue","ELEVTYP_F":0,"ELEVTYP_T":0},"geometry":{"type":"LineString","coordinates":[[-74.8396454688729,39.2379050325438],[-74.84009716201,39.2381636927486],[-74.8402870697246,39.2382635494887]]}},{"type":"Feature","id":229610,"properties":{"OBJECTID":229610,"PRIMENAME":"Main Street","ELEVTYP_F":0,"ELEVTYP_T":0},"geometry":{"type":"LineString","coordinates":[[-74.754331488846,39.3008301394982],[-74.7544605740755,39.3010619511672],[-74.7549126653573,39.3018885968417],[-74.7552302813108,39.3024675172137],[-74.7555478246434,39.3030349054597],[-74.7556786478907,39.3032855200191],[-74.7557086481614,39.3033719703713],[-74.7557200015458,39.3034324884251],[-74.7557164895501,39.3034873000258],[-74.755719818202,39.3035570330423]]}},{"type":"Feature","id":229990,"properties":{"OBJECTID":229990,"PRIMENAME":"Clermont Drive","ELEVTYP_F":0,"ELEVTYP_T":0},"geometry":{"type":"LineString","coordinates":[[-74.7633961024036,39.1496361100889],[-74.7628133375512,39.1495223225742],[-74.7624688538209,39.1494286997915],[-74.7621195612072,39.1493502434443],[-74.7619206794981,39.1493129633612],[-74.7617751493059,39.1492755360951],[-74.7616634938471,39.1492342706902],[-74.7615080855607,39.1491666889115],[-74.7612312492455,39.1490087969362],[-74.7610127443182,39.1488998676879],[-74.7608768640124,39.1488586287493],[-74.7606586244369,39.1488213619087],[-74.7603287868223,39.148757931335],[-74.7579032495514,39.148238941794],[-74.7577626303171,39.1482088522013]]}},{"type":"Feature","id":230642,"properties":{"OBJECTID":230642,"PRIMENAME":"Webster Street","ELEVTYP_F":0,"ELEVTYP_T":0},"geometry":{"type":"LineString","coordinates":[[-74.8232453731328,39.2389230413155],[-74.8232367772881,39.2389181331504],[-74.8226954230732,39.2386091097222],[-74.8221689413946,39.2383068906959]]}},{"type":"Feature","id":230959,"properties":{"OBJECTID":230959,"PRIMENAME":"Unnamed Segment","ELEVTYP_F":0,"ELEVTYP_T":0},"geometry":{"type":"LineString","coordinates":[[-74.7681870512113,39.1482853994134],[-74.7682774164572,39.1482887074245],[-74.7683947450393,39.1482930036568],[-74.7685506447047,39.148265214849],[-74.7686702218241,39.1482280011968],[-74.7688056291306,39.1481960307393],[-74.7688597400483,39.14816952211],[-74.7688845132194,39.1481501176078],[-74.7688911029609,39.1481008552534],[-74.7688772475604,39.148021739366],[-74.7688521398559,39.14795320278],[-74.7688136274892,39.1479233900104],[-74.7687399898566,39.1478663915812],[-74.768709234774,39.1477952348268]]}},{"type":"Feature","id":231050,"properties":{"OBJECTID":231050,"PRIMENAME":"Tyler Road","ELEVTYP_F":0,"ELEVTYP_T":0},"geometry":{"type":"LineString","coordinates":[[-74.828618270284,39.2084601999421],[-74.8285246001775,39.208828125359],[-74.8284328178951,39.2091704960128],[-74.8282437454679,39.2098757833828],[-74.8281352064646,39.2103134574186],[-74.8279811896395,39.2108910996916],[-74.8278001350508,39.211597867058],[-74.8275284550756,39.2126347339623],[-74.8274152518985,39.2130653090973],[-74.8270845444182,39.2142995114348],[-74.8270122259123,39.2146044632216],[-74.8267268699869,39.2156807954354],[-74.8266271565244,39.2160539453426],[-74.8263554645312,39.217080045697],[-74.8261739905812,39.2177691196288],[-74.8260474355327,39.2182496561946],[-74.8259520252323,39.2186160389119]]}},{"type":"Feature","id":231458,"properties":{"OBJECTID":231458,"PRIMENAME":"North Meadow Ridge Lane","ELEVTYP_F":0,"ELEVTYP_T":0},"geometry":{"type":"LineString","coordinates":[[-74.7316350793497,39.2496906803992],[-74.7314139554578,39.249639637802],[-74.7312639662374,39.2496143459803],[-74.7311322712753,39.2496004122013],[-74.7309896301919,39.2495864990826],[-74.7308469997916,39.2495867818751],[-74.7306423723973,39.2496127779311],[-74.7302476979915,39.2496959852693],[-74.7295242681349,39.2498708049665],[-74.7293100351427,39.2499292869603],[-74.729274329226,39.2499390348226]]}},{"type":"Feature","id":231531,"properties":{"OBJECTID":231531,"PRIMENAME":"Siskin Lane","ELEVTYP_F":0,"ELEVTYP_T":0},"geometry":{"type":"LineString","coordinates":[[-74.7564206570635,39.1742805424258],[-74.7563753934069,39.1744159702103],[-74.7562204182898,39.1748796401798],[-74.7559681957454,39.175658478531],[-74.7557652513817,39.1762917383265]]}},{"type":"Feature","id":231792,"properties":{"OBJECTID":231792,"PRIMENAME":"Old State Fire Trail","ELEVTYP_F":0,"ELEVTYP_T":0},"geometry":{"type":"LineString","coordinates":[[-74.8730908330588,39.1973213620737],[-74.8729397704303,39.1973429611959],[-74.8728135117648,39.1973827387998],[-74.8725945859276,39.1974622141023],[-74.8723756755957,39.1975515188121],[-74.8720684052564,39.1976608200067],[-74.871811560192,39.1977568073473],[-74.8714409144879,39.1978531840092],[-74.8712429835841,39.1979063134945],[-74.871124981276,39.1979329387523],[-74.8710323328359,39.1979562158376],[-74.8709480478311,39.1979729036675],[-74.870876378595,39.1979796943849],[-74.870800477002,39.1979799359742],[-74.8707527937768,39.197971355966],[-74.870703264158,39.1979539960081],[-74.8705933006966,39.197885400731],[-74.8704239723383,39.1977743793928],[-74.8701785722357,39.197624171054],[-74.869713226299,39.1973663687326],[-74.8693902125187,39.1971752604169],[-74.8686427949857,39.1967330512669],[-74.8683932007306,39.19658944198],[-74.8681225074316,39.1964458717943],[-74.8678899367187,39.1963317521958],[-74.8677166567334,39.1962666484262],[-74.8675308294829,39.1962245659883],[-74.8671719642943,39.1961567793712],[-74.8668933197002,39.1961051864375],[-74.8667920659005,39.196102182978],[-74.8665980276866,39.1961027936788],[-74.8662438247004,39.1961170318492],[-74.8660783092309,39.1961224498416],[-74.8659106685608,39.1961279364306],[-74.8654593954941,39.1961293528206],[-74.8649152326122,39.1961212006366],[-74.8645355415341,39.1960994072164],[-74.8643625207559,39.1960835569041],[-74.8642401662425,39.1960806442378],[-74.8641431983781,39.1960875099005],[-74.8640335801918,39.1960977093495],[-74.8639494013417,39.1961209543461],[-74.863852532003,39.1961606304431],[-74.8637936686157,39.1961870635817],[-74.8637306024429,39.1962331974823],[-74.8636760217403,39.1962826262276],[-74.8636129921934,39.196322196492],[-74.8635372085413,39.196351949621],[-74.8634739741943,39.1963587644168],[-74.863410741633,39.1963589616651],[-74.8633431189409,39.1963427251898],[-74.8632416623287,39.1963003727622],[-74.8630132164445,39.1961632485404],[-74.8624292990184,39.1958073245924],[-74.8621120673742,39.1956343405834],[-74.8619598293019,39.1955560935685],[-74.8616850033402,39.1954223501855],[-74.8613806120595,39.1952822190747],[-74.8612284916478,39.1952268698724],[-74.8610636540237,39.1951617300065],[-74.8609284518136,39.1951162128063],[-74.8607637153955,39.1950707589759],[-74.8606201973372,39.1950482221585],[-74.8604725308968,39.1950355539982],[-74.8603206801362,39.1950327563924],[-74.8601646961908,39.1950496311162],[-74.8600466789471,39.1950664153364],[-74.8599161966423,39.1951160489363],[-74.8597647293813,39.1951952926671],[-74.8596133824996,39.1952843648032],[-74.8594785156822,39.1953531496137],[-74.8593356467647,39.1954164954035],[-74.8591336637658,39.1955057509985],[-74.8589653132705,39.1955751879266],[-74.8588137436726,39.1956347151323],[-74.8585990242657,39.1957108839056],[-74.8582791036623,39.1958332849139],[-74.8580182679036,39.1959587987413],[-74.857685874872,39.1961271725488],[-74.8572230810017,39.196355088486],[-74.8567812485209,39.1965632236957],[-74.856373133285,39.1967613701757],[-74.8555905459978,39.1971477803393],[-74.8549677927939,39.1974483328897],[-74.8543366528249,39.1977522028522],[-74.8538022303175,39.1980065452923],[-74.8534992891561,39.1981551309183],[-74.8533562110506,39.1982212157312],[-74.853242553199,39.1982642291634],[-74.8531330448898,39.1982973721103],[-74.8530277387,39.198323968492],[-74.8529078086636,39.1983389063758],[-74.8528928461793,39.1983407686735],[-74.8527705550683,39.1983509968147],[-74.8526524317956,39.198348032149],[-74.8525384946025,39.1983352797763],[-74.852407507209,39.1982930343001],[-74.8522552561574,39.1982114244796],[-74.8519972712974,39.1980776352994],[-74.8517097232489,39.197924248021],[-74.8513417765048,39.1977251664051],[-74.8509146795567,39.1975098423316],[-74.8506144175095,39.1973531953787],[-74.8505045017174,39.1973042956563],[-74.8504116027555,39.1972783527896],[-74.8503145013243,39.1972589309924],[-74.8501710799045,39.1972560939198],[-74.8499517540471,39.1972600211184],[-74.8496860775237,39.1972673804686],[-74.8495512071913,39.1972809373253],[-74.8493615430237,39.1973175854062],[-74.8492393181208,39.197340933857],[-74.8491634320491,39.1973444286187],[-74.8490469600374,39.1973467819625]]}},{"type":"Feature","id":231897,"properties":{"OBJECTID":231897,"PRIMENAME":"Red Cedar Drive","ELEVTYP_F":0,"ELEVTYP_T":0},"geometry":{"type":"LineString","coordinates":[[-74.7376234431038,39.1905629713992],[-74.7363049577652,39.189121498873],[-74.7360705980687,39.1888447357539]]}},{"type":"Feature","id":231901,"properties":{"OBJECTID":231901,"PRIMENAME":"Jackson Avenue","ELEVTYP_F":0,"ELEVTYP_T":0},"geometry":{"type":"LineString","coordinates":[[-74.8168583230622,39.2421590987943],[-74.8169812702275,39.2420333396578],[-74.8179089138428,39.2410528682214],[-74.8183006410076,39.2406404067147]]}},{"type":"Feature","id":232430,"properties":{"OBJECTID":232430,"PRIMENAME":"Clermont Southseaville Road","ELEVTYP_F":0,"ELEVTYP_T":0},"geometry":{"type":"LineString","coordinates":[[-74.7617283032849,39.1761112805968],[-74.7616664577941,39.1762048857629],[-74.7615218022986,39.1764278909319],[-74.761314421674,39.1767265446881],[-74.7611649100049,39.1769533221786],[-74.7610444657795,39.1771611717469],[-74.760981969918,39.1773085110674],[-74.7609147811666,39.1774935878762],[-74.7608382036834,39.1777730581478],[-74.7607138857065,39.1782413495195],[-74.7606437192556,39.1784899426443]]}},{"type":"Feature","id":232759,"properties":{"OBJECTID":232759,"PRIMENAME":"Kings Highway","ELEVTYP_F":0,"ELEVTYP_T":0},"geometry":{"type":"LineString","coordinates":[[-74.7568149243001,39.19197715334],[-74.7568074044025,39.1921164766768],[-74.7567893239683,39.192471294644],[-74.7567762148506,39.1928638006254],[-74.7567628513302,39.1931959828072],[-74.7567419182404,39.1936129104637]]}},{"type":"Feature","id":233113,"properties":{"OBJECTID":233113,"PRIMENAME":"Narrows Road","ELEVTYP_F":0,"ELEVTYP_T":0},"geometry":{"type":"LineString","coordinates":[[-74.801510660325,39.2668713593351],[-74.8014798989977,39.2668544665949],[-74.8012338251652,39.2667193315415],[-74.800941310684,39.2665594361911],[-74.8007504207796,39.2664496894765],[-74.8006366448601,39.2663743664778],[-74.8005186864408,39.2662707179103],[-74.8003803457751,39.266141916803]]}},{"type":"Feature","id":233160,"properties":{"OBJECTID":233160,"PRIMENAME":"Paper Mill Road","ELEVTYP_F":0,"ELEVTYP_T":0},"geometry":{"type":"LineString","coordinates":[[-74.9051571967251,39.213111317038],[-74.905185654297,39.2132419417083],[-74.9052208237851,39.2133613133012],[-74.9052687188372,39.213514798203],[-74.9053704359343,39.2137534600564],[-74.905691486124,39.2145205692771],[-74.905885284695,39.2149662128896],[-74.9060197369738,39.2152909034901],[-74.9061631531546,39.2156372338703]]}},{"type":"Feature","id":233240,"properties":{"OBJECTID":233240,"PRIMENAME":"Beaver Dam Road","ELEVTYP_F":0,"ELEVTYP_T":0},"geometry":{"type":"LineString","coordinates":[[-74.8195516493276,39.1679289472243],[-74.8196832844657,39.1682090373506],[-74.8199189247559,39.1686102601879],[-74.8200594496382,39.1688120715818],[-74.8201740007112,39.1689406152644]]}},{"type":"Feature","id":233699,"properties":{"OBJECTID":233699,"PRIMENAME":"Dennisville Petersburg Road","ELEVTYP_F":0,"ELEVTYP_T":0},"geometry":{"type":"LineString","coordinates":[[-74.7813150655238,39.214930022298],[-74.7811523214539,39.2154334836922],[-74.7811376234472,39.2154789525225],[-74.7809742360883,39.2160012010822],[-74.7807004799864,39.2168890081381],[-74.7804928911882,39.2175435690631],[-74.7802456174842,39.2183478131743],[-74.7801878380266,39.2185318853299],[-74.7800292274709,39.2190371834236],[-74.7798746625202,39.219545488418],[-74.7797377105762,39.2199737121912],[-74.7796225828451,39.2202627845479],[-74.7795967436811,39.220319774472],[-74.779524498942,39.2204791090563]]}},{"type":"Feature","id":234112,"properties":{"OBJECTID":234112,"PRIMENAME":"Gravel Hole Road","ELEVTYP_F":0,"ELEVTYP_T":0},"geometry":{"type":"LineString","coordinates":[[-74.8080750340181,39.1699001134124],[-74.8081190618685,39.1698207269942],[-74.8081292638773,39.1697742141495],[-74.8081366448243,39.1696872098529],[-74.8081494571678,39.1696366228259],[-74.8081545721058,39.1696164314613],[-74.8081802948422,39.169569822616],[-74.8082139098491,39.1695292618271],[-74.8082475869032,39.1695029232726],[-74.8082994643634,39.1694845810295],[-74.8083929280082,39.1694742020141],[-74.8084816681352,39.1694702827156],[-74.8085384034498,39.1694677768257],[-74.8086474316267,39.1694593877823],[-74.8088317941245,39.1694407222534],[-74.8090239260943,39.1694159128435],[-74.8091692410013,39.1693892508998],[-74.8094937151766,39.1693236716903],[-74.8098311781275,39.1692681896546],[-74.8100258568847,39.1692292584145],[-74.8101296725544,39.1692067143943],[-74.8102437702851,39.1691720338624],[-74.810365741719,39.1691312642131],[-74.8105317339132,39.1690742044195],[-74.8106588726044,39.1690374843676],[-74.8107626534184,39.1690068674792],[-74.8108690702112,39.1689904109244],[-74.8110404601157,39.1689737808694],[-74.811093816445,39.1689711674477]]}},{"type":"Feature","id":234513,"properties":{"OBJECTID":234513,"PRIMENAME":"Perry Road","ELEVTYP_F":0,"ELEVTYP_T":0},"geometry":{"type":"LineString","coordinates":[[-74.7324839680764,39.2646570215274],[-74.7327700884525,39.2638167081013],[-74.7329121017327,39.2633996177761],[-74.7329252832569,39.2633590399542],[-74.7330275552355,39.2630442381484]]}},{"type":"Feature","id":234694,"properties":{"OBJECTID":234694,"PRIMENAME":"Elizabeth Lane","ELEVTYP_F":0,"ELEVTYP_T":0},"geometry":{"type":"LineString","coordinates":[[-74.7624863232564,39.1739654162653],[-74.7621402217333,39.1739051294442],[-74.7616526683403,39.1738264885528],[-74.7613594388754,39.1737831596426],[-74.7611122040557,39.1737672664193],[-74.7608615790553,39.1737788107385],[-74.7606393002763,39.1738150578239],[-74.7604416791049,39.1738512223532],[-74.7600853893938,39.1739454555994]]}},{"type":"Feature","id":235022,"properties":{"OBJECTID":235022,"PRIMENAME":"Joffee Drive","ELEVTYP_F":0,"ELEVTYP_T":0},"geometry":{"type":"LineString","coordinates":[[-74.806079858682,39.2364903276649],[-74.8052530412537,39.2373702228927]]}},{"type":"Feature","id":235104,"properties":{"OBJECTID":235104,"PRIMENAME":"State Highway 50","ELEVTYP_F":0,"ELEVTYP_T":0},"geometry":{"type":"LineString","coordinates":[[-74.7336697973718,39.258602185445],[-74.7337885091226,39.25867901899],[-74.7339571691823,39.2587690698623],[-74.7340106679823,39.2587956474824]]}},{"type":"Feature","id":235261,"properties":{"OBJECTID":235261,"PRIMENAME":"Landing Road","ELEVTYP_F":0,"ELEVTYP_T":0},"geometry":{"type":"LineString","coordinates":[[-74.7516602428414,39.1555591790083],[-74.7515226446823,39.1555821835158],[-74.7513203487588,39.1556098027671],[-74.7512122097187,39.1556263176883],[-74.7511598944547,39.1556318679109],[-74.7511145413503,39.1556319656409],[-74.7510656434638,39.1556266335215],[-74.751020243424,39.1556131952993],[-74.7509398224959,39.1555698480225],[-74.7508785684706,39.1555224200665],[-74.750684391604,39.1553720706664],[-74.7505446142884,39.1552582303452]]}},{"type":"Feature","id":235296,"properties":{"OBJECTID":235296,"PRIMENAME":"State Highway 347","ELEVTYP_F":0,"ELEVTYP_T":0},"geometry":{"type":"LineString","coordinates":[[-74.897076712702,39.2347222361087],[-74.8970880673303,39.2347330433304],[-74.897310951813,39.2349016392353],[-74.8973882399294,39.234959260774],[-74.8975675060759,39.2350929088525],[-74.8978408880371,39.2353004307523],[-74.8980848394959,39.235485235601],[-74.8982909727874,39.2356441120018],[-74.8985012572353,39.2358062411206],[-74.8986905864705,39.2359586667357],[-74.8988346042855,39.236090050798],[-74.8988999894661,39.2361652745492],[-74.8989517727961,39.2362248488853],[-74.8990446878936,39.2363410036048],[-74.8991163719922,39.2364490217854],[-74.8992389701376,39.2366505223326],[-74.8993489988161,39.2368520928634],[-74.8994715601157,39.237047057795],[-74.8995772791749,39.2372291202095],[-74.8996660037078,39.2373655528283],[-74.8997759239418,39.2375476006352],[-74.8999533755567,39.237820575373],[-74.9000632785412,39.237999328637],[-74.9001733127115,39.2382008703904],[-74.9002876033029,39.2384121722467],[-74.9003807916654,39.2385942499206],[-74.9004613576778,39.2387731036229],[-74.900512561671,39.238935775837],[-74.9005282421855,39.2390089850362],[-74.9005383499511,39.2390561696725],[-74.9005598966763,39.2391570833538],[-74.9005817396813,39.2393100816544],[-74.9005912214529,39.2395119687406],[-74.9005965541426,39.2397171653031],[-74.9006023484828,39.2399972088275],[-74.9006124024,39.2402935471031],[-74.9006179736864,39.2405280394085],[-74.9006189739805,39.2407038992942],[-74.9006285106764,39.2409155880029],[-74.9006253627897,39.2410947294328],[-74.900638768692,39.2412477575917],[-74.9006562811825,39.2413779537549],[-74.9006777743169,39.2414756002697],[-74.9007118013409,39.2415666411576],[-74.9007627127342,39.2416837352129],[-74.900830414387,39.2418040117247],[-74.9009105936576,39.2419079628592],[-74.9009283679329,39.2419289611308]]}},{"type":"Feature","id":235522,"properties":{"OBJECTID":235522,"PRIMENAME":"Commodore Boulevard","ELEVTYP_F":0,"ELEVTYP_T":0},"geometry":{"type":"LineString","coordinates":[[-74.8073956156356,39.228254933465],[-74.8071686147943,39.2284929327704]]}},{"type":"Feature","id":235562,"properties":{"OBJECTID":235562,"PRIMENAME":"New Jersey Avenue","ELEVTYP_F":0,"ELEVTYP_T":0},"geometry":{"type":"LineString","coordinates":[[-74.74903183184,39.2840595184247],[-74.7498674415127,39.2838013072183],[-74.750818375193,39.2835263944826]]}},{"type":"Feature","id":235638,"properties":{"OBJECTID":235638,"PRIMENAME":"Woodbine Road","ELEVTYP_F":0,"ELEVTYP_T":0},"geometry":{"type":"LineString","coordinates":[[-74.7909476964534,39.2859823129026],[-74.7909002216897,39.2860362194157],[-74.7908114840084,39.2861303046036]]}},{"type":"Feature","id":236120,"properties":{"OBJECTID":236120,"PRIMENAME":"Unnamed Segment","ELEVTYP_F":0,"ELEVTYP_T":0},"geometry":{"type":"LineString","coordinates":[[-74.7526358690383,39.1933965154179],[-74.7518105804583,39.1929393451526],[-74.7513723555504,39.19269658433],[-74.7513608432251,39.1926902060393]]}},{"type":"Feature","id":236539,"properties":{"OBJECTID":236539,"PRIMENAME":"Longfellow Street","ELEVTYP_F":0,"ELEVTYP_T":0},"geometry":{"type":"LineString","coordinates":[[-74.8140303471097,39.2433585378374],[-74.8134493663229,39.2430210889985],[-74.8129371141548,39.2427333420969]]}},{"type":"Feature","id":236859,"properties":{"OBJECTID":236859,"PRIMENAME":"Wyncroft Drive","ELEVTYP_F":0,"ELEVTYP_T":0},"geometry":{"type":"LineString","coordinates":[[-74.7502947668274,39.2439389413371],[-74.7502133678248,39.2438273102134],[-74.7501536358585,39.2437416897906],[-74.750081309603,39.2436692754631],[-74.7500090190229,39.2436166584672],[-74.7498432748355,39.2435279971937],[-74.749341829863,39.2432684474585],[-74.7485426599709,39.2428507462238]]}},{"type":"Feature","id":237076,"properties":{"OBJECTID":237076,"PRIMENAME":"State Highway 83","ELEVTYP_F":0,"ELEVTYP_T":0},"geometry":{"type":"LineString","coordinates":[[-74.8196536658788,39.1799092159914],[-74.8198055294704,39.1799882646324],[-74.8199441255495,39.180046843802],[-74.8201556539445,39.1801314124116]]}},{"type":"Feature","id":237501,"properties":{"OBJECTID":237501,"PRIMENAME":"Bryant Street","ELEVTYP_F":0,"ELEVTYP_T":0},"geometry":{"type":"LineString","coordinates":[[-74.809375579804,39.2429770109636],[-74.8104574259904,39.2435969168941]]}},{"type":"Feature","id":237556,"properties":{"OBJECTID":237556,"PRIMENAME":"Unnamed Segment","ELEVTYP_F":0,"ELEVTYP_T":0},"geometry":{"type":"LineString","coordinates":[[-74.7684372135425,39.1477613783811],[-74.7684085549341,39.1477273322518],[-74.7684128321133,39.1476640050163],[-74.7684185265519,39.1475796777222],[-74.7684099258441,39.1474934014991],[-74.7683984952428,39.1473787607145],[-74.7684060753638,39.1473041653607]]}},{"type":"Feature","id":238271,"properties":{"OBJECTID":238271,"PRIMENAME":"Unnamed Segment","ELEVTYP_F":0,"ELEVTYP_T":0},"geometry":{"type":"LineString","coordinates":[[-74.7504682926201,39.1719487342646],[-74.7504574020464,39.1719538528069],[-74.7503732180929,39.1720032824781],[-74.7502798470624,39.1720105167906],[-74.7500869577975,39.171989825198],[-74.7498699052805,39.1719527700459],[-74.7497072009933,39.1719484263493],[-74.7495836192554,39.1719322769468],[-74.749458230183,39.171915888957],[-74.7492881470544,39.1718695904673],[-74.7491494525804,39.1718394009554],[-74.7490288847384,39.1718232427184],[-74.7489204681925,39.1718351996535],[-74.7487597231053,39.1718448566649]]}},{"type":"Feature","id":238572,"properties":{"OBJECTID":238572,"PRIMENAME":"South Sunset Drive","ELEVTYP_F":0,"ELEVTYP_T":0},"geometry":{"type":"LineString","coordinates":[[-74.7469349885183,39.2556987578033],[-74.7475071421274,39.2554946623259],[-74.7482295893491,39.2552681952178],[-74.7484727908859,39.2552018894034],[-74.7486173190114,39.2551658867012],[-74.7487512620998,39.2551327070913],[-74.7489134491596,39.2550966933272],[-74.7491179238792,39.2550550974651],[-74.7493682548985,39.2550079395665],[-74.7495903077691,39.2549635604238],[-74.7497949273629,39.2549329738379],[-74.7499853081438,39.2549105996439],[-74.7501863866156,39.2549074221457],[-74.7503840279973,39.2549207259645],[-74.7505711039178,39.2549422613919],[-74.7507617256836,39.2549775183467],[-74.7509559780115,39.2550209763776],[-74.7511254681467,39.2550727246178],[-74.7513409781489,39.2551545491135],[-74.7515070908265,39.2552392256079],[-74.7516253408434,39.2553114018527]]}},{"type":"Feature","id":238654,"properties":{"OBJECTID":238654,"PRIMENAME":"Main Street","ELEVTYP_F":0,"ELEVTYP_T":0},"geometry":{"type":"LineString","coordinates":[[-74.752113247235,39.2964761694735],[-74.7521553070079,39.2968134977178],[-74.75220887712,39.2972661191744],[-74.7522434394609,39.2975919313132],[-74.7522559509994,39.2976864837541],[-74.752270136975,39.2977937097706],[-74.7522965345452,39.2979118821811],[-74.7523228324455,39.2979925762829],[-74.7523714094505,39.2980876099455],[-74.7524348959257,39.2981912870349],[-74.752531854038,39.2983266317984],[-74.7526064410233,39.2984216359627],[-74.7527219983113,39.2985597957981],[-74.7528934725412,39.2987699355011],[-74.7530724312865,39.2989973570716],[-74.7534900367467,39.2995299378698],[-74.7538256379085,39.2999675299853],[-74.7539151427719,39.3000826808647],[-74.7539556479401,39.3001529652636]]}},{"type":"Feature","id":238953,"properties":{"OBJECTID":238953,"PRIMENAME":"Boyce Lane","ELEVTYP_F":0,"ELEVTYP_T":0},"geometry":{"type":"LineString","coordinates":[[-74.7300590876111,39.187142039133],[-74.7297127833648,39.1869007391575],[-74.7295072598176,39.1867616399336]]}},{"type":"Feature","id":239190,"properties":{"OBJECTID":239190,"PRIMENAME":"Unnamed Segment","ELEVTYP_F":0,"ELEVTYP_T":0},"geometry":{"type":"LineString","coordinates":[[-74.7416695510043,39.1874945448668],[-74.7413148415213,39.1876846733495]]}},{"type":"Feature","id":240670,"properties":{"OBJECTID":240670,"PRIMENAME":"Unnamed Segment","ELEVTYP_F":0,"ELEVTYP_T":0},"geometry":{"type":"LineString","coordinates":[[-74.7683695043559,39.1497012168012],[-74.7685765235349,39.1490121510616]]}},{"type":"Feature","id":240967,"properties":{"OBJECTID":240967,"PRIMENAME":"Stipson Island Road","ELEVTYP_F":0,"ELEVTYP_T":0},"geometry":{"type":"LineString","coordinates":[[-74.9075865631307,39.2150410798759],[-74.9076702964267,39.2148476791716],[-74.9079399132197,39.214199540211],[-74.9081860393317,39.2136038705148],[-74.9083697011667,39.2131624824131],[-74.9085964313192,39.2126377749057],[-74.9087215112331,39.2123445319175],[-74.9089206745112,39.2118507548715],[-74.9091942202221,39.2112025439744],[-74.9092227347999,39.2111349537692]]}},{"type":"Feature","id":241293,"properties":{"OBJECTID":241293,"PRIMENAME":"Fidler Road","ELEVTYP_F":0,"ELEVTYP_T":0},"geometry":{"type":"LineString","coordinates":[[-74.8078668500658,39.2254867875133],[-74.8079322087698,39.2258298301985],[-74.8080317126367,39.2263198994357],[-74.8081925755081,39.2271218223163]]}},{"type":"Feature","id":241667,"properties":{"OBJECTID":241667,"PRIMENAME":"Dennisville Road","ELEVTYP_F":0,"ELEVTYP_T":0},"geometry":{"type":"LineString","coordinates":[[-74.8106952980979,39.1729787804456],[-74.8103992855244,39.1729422819038],[-74.809917505926,39.1728716261573],[-74.8092392512194,39.1727864694349],[-74.8091781121864,39.1727792403058],[-74.8080986092635,39.172651598932],[-74.8073548774313,39.1725636126552],[-74.8056940018151,39.1723701218206],[-74.8054957895575,39.1723460226705],[-74.8040523699527,39.172170517879],[-74.8031737871284,39.1720648985011],[-74.8014950899559,39.1718559087593]]}},{"type":"Feature","id":242167,"properties":{"OBJECTID":242167,"PRIMENAME":"Mount Pleasant Tuckahoe Road","ELEVTYP_F":0,"ELEVTYP_T":0},"geometry":{"type":"LineString","coordinates":[[-74.762299497407,39.2396306511832],[-74.7623254175365,39.2397073360189],[-74.7623427457382,39.2398095200768],[-74.7623390133099,39.2399448100965],[-74.762310436315,39.2402449820779],[-74.7622190928382,39.2407762663323],[-74.7619784821057,39.2422248201449],[-74.7617753106556,39.2434885566052],[-74.7616970473989,39.243932796394],[-74.7615759144968,39.2446203517335],[-74.7614060744872,39.2457158091348],[-74.7611569824267,39.2471808533881],[-74.7609287725566,39.2485568070096],[-74.7609181086173,39.2486232532409],[-74.7608139492165,39.2492722328313],[-74.7607338911075,39.2497710439371],[-74.7605179276509,39.2510249205021],[-74.7603147525031,39.2522919748111],[-74.7601611919243,39.2532158684335],[-74.7599744082782,39.2543344517544],[-74.7598893800362,39.254835268279]]}},{"type":"Feature","id":242555,"properties":{"OBJECTID":242555,"PRIMENAME":"Gravel Hole Road","ELEVTYP_F":0,"ELEVTYP_T":0},"geometry":{"type":"LineString","coordinates":[[-74.8132439688667,39.1687981907086],[-74.8137696750918,39.1687419992364],[-74.8146187401405,39.1686568150162],[-74.8150627808055,39.1686151434516],[-74.8150902472236,39.1686126252195]]}},{"type":"Feature","id":242580,"properties":{"OBJECTID":242580,"PRIMENAME":"Gravel Hole Road","ELEVTYP_F":0,"ELEVTYP_T":0},"geometry":{"type":"LineString","coordinates":[[-74.8150902472236,39.1686126252195],[-74.8153589874517,39.1685879828605]]}},{"type":"Feature","id":242835,"properties":{"OBJECTID":242835,"PRIMENAME":"Unnamed Segment","ELEVTYP_F":0,"ELEVTYP_T":0},"geometry":{"type":"LineString","coordinates":[[-74.7708240810221,39.147952153311],[-74.7706862326283,39.1479366439727],[-74.7706082276725,39.1479165994395]]}},{"type":"Feature","id":242932,"properties":{"OBJECTID":242932,"PRIMENAME":"Dennisville Road","ELEVTYP_F":0,"ELEVTYP_T":0},"geometry":{"type":"LineString","coordinates":[[-74.7940638147957,39.1724444225878],[-74.7938394361794,39.1724965542687],[-74.793054490374,39.1726813980118],[-74.7920579151114,39.1729147357004],[-74.7913999430837,39.1730722870608],[-74.79106898661,39.1731480727903],[-74.7903763964468,39.1733116908925],[-74.7898568759032,39.1734269329023],[-74.7892526832654,39.1735483139086],[-74.7889024601274,39.1736151626719],[-74.7881711940124,39.1737518726899],[-74.7876246907248,39.1738521527294],[-74.7874668604037,39.173876539568],[-74.7873552044034,39.1738828010175],[-74.7871780527856,39.1738922433915],[-74.7869623678156,39.1738897551308],[-74.7860263966514,39.1738800841671],[-74.7848900857712,39.173867876045],[-74.7844163154184,39.1738630202742],[-74.7830296315316,39.1738454187772],[-74.7824650598099,39.1738397873615]]}},{"type":"Feature","id":243107,"properties":{"OBJECTID":243107,"PRIMENAME":"Madison Avenue","ELEVTYP_F":0,"ELEVTYP_T":0},"geometry":{"type":"LineString","coordinates":[[-74.8161028244551,39.2358703721039],[-74.8166199785413,39.2353246279068],[-74.816736028385,39.2351984480428]]}},{"type":"Feature","id":243120,"properties":{"OBJECTID":243120,"PRIMENAME":"Sunset Road","ELEVTYP_F":0,"ELEVTYP_T":0},"geometry":{"type":"LineString","coordinates":[[-74.8429027354979,39.2297036091543],[-74.8429495198657,39.2296687112218],[-74.8430406983142,39.2296375524901],[-74.8431438734735,39.2296125100923],[-74.8433820080176,39.2295716656956],[-74.8436201271524,39.2295277184105],[-74.8438146213112,39.2294931527036],[-74.84407272176,39.2294707536442],[-74.844291230715,39.229467033476],[-74.8445256015028,39.2294724904491],[-74.8447322388183,39.229481159404],[-74.8449905193869,39.2294958538206],[-74.8451097672122,39.2295016784494],[-74.8452289399264,39.229513681048],[-74.8453203790474,39.2295288681928],[-74.8454357136653,39.2295501352492],[-74.8455669606063,39.2295837377487],[-74.8457181435208,39.2296296366702],[-74.8459290238359,39.2296969950763],[-74.8462553253283,39.2298103305602],[-74.8465777313581,39.2299422373474],[-74.8468046820973,39.2300465856306],[-74.8472427907725,39.2302739164976],[-74.8474419098698,39.2303752989993],[-74.8476051345152,39.2304427685679],[-74.8477723126979,39.2305102540284],[-74.8479632914517,39.230571462358],[-74.8481939869395,39.2306325795824],[-74.8484764282645,39.2307058693628],[-74.8487429172883,39.2307730562763],[-74.8491605527807,39.2308706780427],[-74.8496140099782,39.2309867252988],[-74.8499521082033,39.2310845558951],[-74.8504178026226,39.2312685477077],[-74.8506884395371,39.2313666061113],[-74.8509749010481,39.2314522334449],[-74.8512653535986,39.2315378759619],[-74.8517387663993,39.2316754907842],[-74.8521564692134,39.2317916360743],[-74.8526218838897,39.2319107099538],[-74.8530037341111,39.2320084550563],[-74.8534572189934,39.2321275347179],[-74.853898695501,39.2322312449685],[-74.8542804713305,39.2323135000001],[-74.854586709257,39.2323774222323],[-74.8548928654929,39.2324321455722],[-74.8553859490473,39.2325264126167],[-74.8558518182473,39.2326144188996]]}},{"type":"Feature","id":243360,"properties":{"OBJECTID":243360,"PRIMENAME":"Sutton Lane","ELEVTYP_F":0,"ELEVTYP_T":0},"geometry":{"type":"LineString","coordinates":[[-74.8847009286559,39.2030734304017],[-74.884700104144,39.2022105577857],[-74.8846926750512,39.2015925173634],[-74.884683210841,39.2006208329352],[-74.8846666573954,39.1998307467409],[-74.8846603225607,39.1994198132972],[-74.884647537395,39.1993338045739],[-74.8846184330993,39.1992446914105],[-74.8845523129621,39.1991365902017],[-74.8843667406542,39.1988982689664],[-74.883909378233,39.1983677076228],[-74.8837074526882,39.1981325965953],[-74.8831552801275,39.197484497723],[-74.8827596798174,39.1970238546623],[-74.8821993902098,39.1963852779372],[-74.8820428814011,39.1962137433247],[-74.8819565108025,39.1961439283375],[-74.8819154409226,39.1961185820624],[-74.8818702771383,39.1960995919426],[-74.8818292936649,39.1960901990722],[-74.8817555982853,39.1960936259037],[-74.8816902453307,39.1961193200273],[-74.88161672221,39.1961545968911],[-74.8815432679173,39.1962026130361],[-74.8814739089466,39.1962379031978],[-74.8814125788353,39.1962636119196],[-74.8813553082313,39.1962701691658],[-74.8812979684572,39.1962703568338],[-74.88122831493,39.1962578172869],[-74.88116669347,39.1962229828773],[-74.8809818103049,39.1961025005703],[-74.8808092086624,39.195982032776],[-74.8805668151072,39.1958362577506],[-74.8803161512096,39.1956682127397]]}},{"type":"Feature","id":243538,"properties":{"OBJECTID":243538,"PRIMENAME":"Indian Road","ELEVTYP_F":0,"ELEVTYP_T":0},"geometry":{"type":"LineString","coordinates":[[-74.8253226180942,39.2019359274114],[-74.8251726185332,39.2020199261918],[-74.825051619515,39.2021879274606],[-74.824977619925,39.2022939275194]]}},{"type":"Feature","id":244225,"properties":{"OBJECTID":244225,"PRIMENAME":"Corson Lane","ELEVTYP_F":0,"ELEVTYP_T":0},"geometry":{"type":"LineString","coordinates":[[-74.7300590876111,39.187142039133],[-74.7297758695491,39.1874104739011]]}},{"type":"Feature","id":244299,"properties":{"OBJECTID":244299,"PRIMENAME":"Mount Pleasant Tuckahoe Road","ELEVTYP_F":0,"ELEVTYP_T":0},"geometry":{"type":"LineString","coordinates":[[-74.7589412008378,39.2605701694725],[-74.7588994720521,39.2608181913359],[-74.7588008249778,39.2614268770458]]}},{"type":"Feature","id":244366,"properties":{"OBJECTID":244366,"PRIMENAME":"Ocean Drive","ELEVTYP_F":0,"ELEVTYP_T":0},"geometry":{"type":"LineString","coordinates":[[-74.8053416168124,39.2342989347879],[-74.8044726136643,39.2338009327663]]}},{"type":"Feature","id":245134,"properties":{"OBJECTID":245134,"PRIMENAME":"Steelmantown Bog Road","ELEVTYP_F":0,"ELEVTYP_T":0},"geometry":{"type":"LineString","coordinates":[[-74.8599167343392,39.2670451599244],[-74.8591746066856,39.2673288792945],[-74.8589300504435,39.2674223728006],[-74.8586691559427,39.2674988428638],[-74.8583369170278,39.2674491918202],[-74.8568879987799,39.2672169380836],[-74.8558456355705,39.2670228653178],[-74.8533706804675,39.2669183135658],[-74.8532697666907,39.2669353515854],[-74.8522804435312,39.2671021763533],[-74.8513330866734,39.2672161536901],[-74.8504207929077,39.267218902482],[-74.8495576231964,39.2672468124458],[-74.8494728727143,39.2672495512764],[-74.8489361062434,39.2672094609812],[-74.8477562046049,39.2673380640078],[-74.8470049799143,39.2673680466132],[-74.8464957180959,39.2674135428748],[-74.8460395583252,39.2674542930495],[-74.8454844589792,39.2673448258706],[-74.8443923242635,39.2671396721535],[-74.844348574511,39.2671317941328],[-74.8443047174679,39.2671244866324],[-74.8442606418969,39.2671177526836],[-74.844216459324,39.2671116487081],[-74.8441720595165,39.2671061462055],[-74.8441276614822,39.2671012418257],[-74.8440830483967,39.2670969118872],[-74.844038397981,39.2670932414429],[-74.8439937144286,39.267090140398],[-74.8439489968836,39.2670876709119],[-74.8439041731925,39.2670857710409],[-74.8438592413446,39.2670845038482],[-74.8438144606123,39.2670838055108],[-74.8437694965235,39.2670837661975],[-74.8437245747704,39.2670843275895],[-74.8436797672003,39.2670854894746],[-74.8436586854832,39.2670862678427],[-74.8436275633269,39.2670872740153],[-74.8435963278265,39.2670878517233],[-74.8435650903772,39.267088030365],[-74.8435339620792,39.2670877789848],[-74.8435027204345,39.2670870982389],[-74.8434715520355,39.2670859911805],[-74.8434404522123,39.2670844506166],[-74.8434093167,39.2670824831605],[-74.8433782858516,39.267080115423],[-74.843347254208,39.2670773468143],[-74.8433163314428,39.267074091433],[-74.8432855182552,39.2670704925078],[-74.8432547015433,39.2670664080423],[-74.8432239931107,39.2670619512105],[-74.8431935039259,39.2670570640328],[-74.8431630126585,39.2670517489634],[-74.8431326296675,39.2670460606271],[-74.8431024657939,39.2670399149211],[-74.8430724101977,39.2670333959484],[-74.8430681003421,39.2670324357587],[-74.841607742434,39.2667584120681],[-74.840193718946,39.2665680921166],[-74.8393549059093,39.2664209825075],[-74.8388690197663,39.2663357663499],[-74.838830798221,39.2663294430003],[-74.8387923578171,39.2663236337428],[-74.8387537738911,39.2663183410606],[-74.838715153042,39.2663135619411],[-74.8386763886649,39.2663092984958],[-74.8386375169559,39.2663056073711],[-74.8385986475958,39.2663024035709],[-74.8385596696046,39.2662997432685],[-74.8385205852989,39.2662976264573],[-74.8384943084632,39.2662964425905],[-74.8384685897431,39.2662958876704],[-74.8384429399315,39.2662949623069],[-74.8384174705369,39.2662937202252],[-74.8383918545128,39.2662921092274],[-74.8383663467728,39.2662901222669],[-74.8383408385515,39.266287793891],[-74.8383154378937,39.2662851805375],[-74.8382901465457,39.2662821632931],[-74.8382648525384,39.2662788334661],[-74.838239557904,39.2662751315962],[-74.8382144820825,39.2662711444258],[-74.838189515581,39.2662667551664],[-74.8381645464042,39.2662620497211],[-74.838139686981,39.2662570322677],[-74.8381150460734,39.2662516673584],[-74.8380905146429,39.2662459327894],[-74.8380659804131,39.2662398559113],[-74.8380417762334,39.266233490708],[-74.8380175704093,39.2662267822916],[-74.8379935845597,39.2662197885722],[-74.8379697070085,39.2662124206928],[-74.8379460492894,39.2662047377839],[-74.837922610257,39.2661967425516],[-74.8378992797878,39.2661884281088],[-74.8378761691687,39.2661798022401],[-74.8378532772067,39.2661708577427],[-74.8378305320804,39.2661616002297],[-74.8378080405278,39.2661520555157],[-74.8377856968232,39.2661421671555],[-74.8377636821553,39.2661320202019],[-74.8377417773752,39.2661215882659],[-74.8377202013424,39.2661108373825],[-74.837705152101,39.2661030168565],[-74.8375242307983,39.2659711566958],[-74.8374409910178,39.2659380630379],[-74.8371858475008,39.2658801162773],[-74.8364512468268,39.2657721759277],[-74.8361829530519,39.2657125344807],[-74.8358454214453,39.2655888086072],[-74.8356785749702,39.2655311650717]]}},{"type":"Feature","id":245602,"properties":{"OBJECTID":245602,"PRIMENAME":"Beaverdam Road","ELEVTYP_F":0,"ELEVTYP_T":0},"geometry":{"type":"LineString","coordinates":[[-74.8176094556413,39.1568981203991],[-74.8174512419404,39.1570931983172],[-74.8174504832379,39.1570940435685]]}},{"type":"Feature","id":246377,"properties":{"OBJECTID":246377,"PRIMENAME":"Unnamed Segment","ELEVTYP_F":0,"ELEVTYP_T":0},"geometry":{"type":"LineString","coordinates":[[-74.7373695160889,39.1863265522991],[-74.7374056463246,39.1864180765021],[-74.7374348242532,39.1864919927239],[-74.7374369260327,39.1865892606107],[-74.7374167509572,39.1866769169374],[-74.737386181282,39.1867168042379]]}},{"type":"Feature","id":246600,"properties":{"OBJECTID":246600,"PRIMENAME":"Heilprin Avenue","ELEVTYP_F":0,"ELEVTYP_T":0},"geometry":{"type":"LineString","coordinates":[[-74.8099895234936,39.236974542692],[-74.8092187431446,39.2377842244174]]}},{"type":"Feature","id":246673,"properties":{"OBJECTID":246673,"PRIMENAME":"Unnamed Segment","ELEVTYP_F":0,"ELEVTYP_T":0},"geometry":{"type":"LineString","coordinates":[[-74.7669436907992,39.1494686638121],[-74.7671727664592,39.1487445145148]]}},{"type":"Feature","id":247170,"properties":{"OBJECTID":247170,"PRIMENAME":"Clay Street","ELEVTYP_F":0,"ELEVTYP_T":0},"geometry":{"type":"LineString","coordinates":[[-74.8207744562657,39.2397870593548],[-74.8215683451939,39.2402381061821],[-74.8218516830473,39.2404047852279]]}},{"type":"Feature","id":247523,"properties":{"OBJECTID":247523,"PRIMENAME":"Unnamed Segment","ELEVTYP_F":0,"ELEVTYP_T":0},"geometry":{"type":"LineString","coordinates":[[-74.8445035830573,39.1996698816907],[-74.8445363473498,39.1993771236298],[-74.8444998001021,39.1992167657134]]}},{"type":"Feature","id":247784,"properties":{"OBJECTID":247784,"PRIMENAME":"Unnamed Segment","ELEVTYP_F":0,"ELEVTYP_T":0},"geometry":{"type":"LineString","coordinates":[[-74.7521920238778,39.1650356016994],[-74.7521704707381,39.1650244437144],[-74.7519379360877,39.164916777612],[-74.7519136106085,39.1649063255239]]}},{"type":"Feature","id":247827,"properties":{"OBJECTID":247827,"PRIMENAME":"Unnamed Segment","ELEVTYP_F":0,"ELEVTYP_T":0},"geometry":{"type":"LineString","coordinates":[[-74.8433626749575,39.2014771974303],[-74.8434128680455,39.2012186497091],[-74.8433603681249,39.2006349451723],[-74.8433824112823,39.2000587932465]]}},{"type":"Feature","id":247943,"properties":{"OBJECTID":247943,"PRIMENAME":"Unnamed Segment","ELEVTYP_F":0,"ELEVTYP_T":0},"geometry":{"type":"LineString","coordinates":[[-74.8441484058561,39.202122675653],[-74.8440007060892,39.2020749957718],[-74.8436095281698,39.2020520015553],[-74.8432303058672,39.2019347916299],[-74.8430092781979,39.2017977956043],[-74.8428724230371,39.2017378265536],[-74.8424783778585,39.2017631341261],[-74.84239359329,39.2017989787629]]}},{"type":"Feature","id":248100,"properties":{"OBJECTID":248100,"PRIMENAME":"Court House South Dennis Road","ELEVTYP_F":0,"ELEVTYP_T":0},"geometry":{"type":"LineString","coordinates":[[-74.8199014559921,39.1679154118006],[-74.8199058345637,39.167970754391],[-74.8199352852107,39.1681572476156],[-74.8199900425171,39.1683937812751],[-74.8200409141181,39.168574642161],[-74.8201206799581,39.1688111070562],[-74.8201740007112,39.1689406152644]]}},{"type":"Feature","id":248298,"properties":{"OBJECTID":248298,"PRIMENAME":"Sea Isle Boulevard","ELEVTYP_F":0,"ELEVTYP_T":0},"geometry":{"type":"LineString","coordinates":[[-74.7310690165624,39.1737724376597],[-74.7310085783531,39.1736925018951],[-74.7308491154711,39.173460306433],[-74.7307333909426,39.1732595462422],[-74.7305416401655,39.1729481450934]]}},{"type":"Feature","id":248530,"properties":{"OBJECTID":248530,"PRIMENAME":"Magnolia Drive","ELEVTYP_F":0,"ELEVTYP_T":0},"geometry":{"type":"LineString","coordinates":[[-74.8263676201532,39.2027219256832],[-74.8265796180522,39.2023799265094]]}},{"type":"Feature","id":248680,"properties":{"OBJECTID":248680,"PRIMENAME":"Pacific Avenue","ELEVTYP_F":0,"ELEVTYP_T":0},"geometry":{"type":"LineString","coordinates":[[-74.7983411185277,39.2385516058144],[-74.7979062703611,39.2383208299633]]}},{"type":"Feature","id":248861,"properties":{"OBJECTID":248861,"PRIMENAME":"Unnamed Segment","ELEVTYP_F":0,"ELEVTYP_T":0},"geometry":{"type":"LineString","coordinates":[[-74.768709234774,39.1477952348268],[-74.7688605741292,39.147794885813],[-74.7690186536272,39.1477857261386],[-74.7691812274388,39.1477695221066],[-74.7693732563609,39.1477503805972]]}},{"type":"Feature","id":249153,"properties":{"OBJECTID":249153,"PRIMENAME":"Franklin Street","ELEVTYP_F":0,"ELEVTYP_T":0},"geometry":{"type":"LineString","coordinates":[[-74.8150261504215,39.2387679402886],[-74.8140583739818,39.2382174557105],[-74.8139432921271,39.2381507976553]]}},{"type":"Feature","id":249280,"properties":{"OBJECTID":249280,"PRIMENAME":"East Beaver Drive","ELEVTYP_F":0,"ELEVTYP_T":0},"geometry":{"type":"LineString","coordinates":[[-74.7915917422447,39.1657453601749],[-74.7920881013209,39.164462012692],[-74.7925487731609,39.1632440469569],[-74.7928178190974,39.1625218955848],[-74.7928452764527,39.162475147871],[-74.7928819896738,39.162432002762],[-74.7929187473715,39.1623995928154],[-74.7929255183046,39.1623966390647],[-74.7929601503141,39.1623815314378],[-74.7930062320801,39.1623778185399],[-74.7930569503525,39.1623776910106],[-74.7931584591158,39.1623953930081],[-74.7938184385923,39.162558860826],[-74.7943436652113,39.1626873461735]]}},{"type":"Feature","id":249290,"properties":{"OBJECTID":249290,"PRIMENAME":"West Avenue","ELEVTYP_F":0,"ELEVTYP_T":0},"geometry":{"type":"LineString","coordinates":[[-74.8153956580744,39.175881428942],[-74.8147823797043,39.1766103272037]]}},{"type":"Feature","id":249377,"properties":{"OBJECTID":249377,"PRIMENAME":"Unnamed Segment","ELEVTYP_F":0,"ELEVTYP_T":0},"geometry":{"type":"LineString","coordinates":[[-74.7677685978022,39.1473139185033],[-74.7677613895165,39.1474245393828],[-74.7677058588697,39.1476726647756]]}},{"type":"Feature","id":250129,"properties":{"OBJECTID":250129,"PRIMENAME":"Weatherby Road","ELEVTYP_F":0,"ELEVTYP_T":0},"geometry":{"type":"LineString","coordinates":[[-74.8248461873081,39.3038409294988],[-74.824642255887,39.3038069574642],[-74.8244671754444,39.3037681546682],[-74.824268771901,39.3037143972736],[-74.8240313552998,39.3036305464845],[-74.8238327923043,39.3035495787523],[-74.8235952668023,39.3034415927206],[-74.8232525096998,39.3032673966125],[-74.8229993382823,39.3031382836289],[-74.8227695477542,39.3030211852109],[-74.822520307288,39.3029011206841],[-74.8223528880968,39.3028291254383],[-74.8222088767302,39.3027751868808],[-74.8220687670167,39.3027242577864],[-74.821889770107,39.3026704156097],[-74.8216913643509,39.3026226667572],[-74.8215280358847,39.3025868754149],[-74.8212868833418,39.3025422643532],[-74.8212765230404,39.3025411119739]]}},{"type":"Feature","id":250276,"properties":{"OBJECTID":250276,"PRIMENAME":"Railroad Avenue","ELEVTYP_F":0,"ELEVTYP_T":0},"geometry":{"type":"LineString","coordinates":[[-74.7598493747274,39.2907883032048],[-74.7600198385635,39.2910587861863],[-74.7603764923841,39.2916379910676],[-74.7605798766476,39.2919806938425],[-74.7607331789753,39.2922147507986],[-74.7607802782252,39.2923378997901],[-74.760805826245,39.2925190863154],[-74.7608315895484,39.292758261624],[-74.7608348112243,39.2927851366261],[-74.7608733036427,39.293106130842],[-74.7608764243229,39.2931423322388],[-74.7608895504087,39.2932946140729],[-74.7608773993331,39.2933719594264],[-74.7608372272183,39.2934397315034],[-74.7607659323735,39.2935002964649],[-74.7606914744269,39.2935463715978],[-74.7601919914826,39.293885813654],[-74.7597949109949,39.2941501229819],[-74.7595684502418,39.2943052931288],[-74.7594754050413,39.2943804026462],[-74.7594196567904,39.2944409600534],[-74.7594046552437,39.2944585540245],[-74.7593701179516,39.2944990596816],[-74.7593318835819,39.2945562278868]]}},{"type":"Feature","id":250316,"properties":{"OBJECTID":250316,"PRIMENAME":"Sunny Lane","ELEVTYP_F":0,"ELEVTYP_T":0},"geometry":{"type":"LineString","coordinates":[[-74.7824650598099,39.1738397873615],[-74.7824419929679,39.1737790242061],[-74.7824056036883,39.173712363127],[-74.7823193581375,39.1735896178499],[-74.7817843576134,39.1729586472007],[-74.7815338347828,39.1726671321581]]}},{"type":"Feature","id":250943,"properties":{"OBJECTID":250943,"PRIMENAME":"State Highway 50","ELEVTYP_F":0,"ELEVTYP_T":0},"geometry":{"type":"LineString","coordinates":[[-74.7373578607908,39.2596206384697],[-74.7374118921476,39.2596410094629],[-74.7374944405586,39.2596759075167],[-74.7376246722217,39.2597309641499],[-74.7377451664033,39.2597899158594],[-74.7379580001731,39.2598954937107],[-74.7381347531965,39.2599948292793],[-74.7382632930576,39.2600724894185],[-74.7384642152831,39.2602060973142],[-74.7386611433704,39.2603490744038],[-74.7388460715941,39.2605045152403],[-74.7389707388733,39.2606164768858],[-74.7390672652038,39.260709769847],[-74.7391638583729,39.2608124266498],[-74.7392523772806,39.2609088662598],[-74.7393530158564,39.2610270826224],[-74.7394374391219,39.2611341016689]]}},{"type":"Feature","id":251015,"properties":{"OBJECTID":251015,"PRIMENAME":"State Highway 50","ELEVTYP_F":0,"ELEVTYP_T":0},"geometry":{"type":"LineString","coordinates":[[-74.7410476158606,39.2674875471898],[-74.741129082443,39.2675988625186],[-74.741702211937,39.2683819789896],[-74.7421516998929,39.2690092633246],[-74.7423783353715,39.2693272946363],[-74.742491620199,39.2694819173287],[-74.7425898528161,39.2696248740887],[-74.7427988701674,39.2699137807335]]}},{"type":"Feature","id":251184,"properties":{"OBJECTID":251184,"PRIMENAME":"Mosslander Road","ELEVTYP_F":0,"ELEVTYP_T":0},"geometry":{"type":"LineString","coordinates":[[-74.916149337239,39.2317949015895],[-74.9161629397352,39.2318142549558],[-74.9162425609884,39.2319295102451],[-74.9162943153877,39.2320128227381]]}},{"type":"Feature","id":251275,"properties":{"OBJECTID":251275,"PRIMENAME":"Stump Court","ELEVTYP_F":0,"ELEVTYP_T":0},"geometry":{"type":"LineString","coordinates":[[-74.7309894688602,39.2050921638611],[-74.7321336234817,39.2056644360239],[-74.7324895682817,39.2058436431541],[-74.7326291982466,39.2059139419234]]}},{"type":"Feature","id":251353,"properties":{"OBJECTID":251353,"PRIMENAME":"Broad Street","ELEVTYP_F":0,"ELEVTYP_T":0},"geometry":{"type":"LineString","coordinates":[[-74.864346349226,39.2701447442404],[-74.8640886872227,39.2704225090324],[-74.8635979385834,39.2709431731829],[-74.8630194348532,39.271545545647]]}},{"type":"Feature","id":251704,"properties":{"OBJECTID":251704,"PRIMENAME":"State Highway 50","ELEVTYP_F":0,"ELEVTYP_T":0},"geometry":{"type":"LineString","coordinates":[[-74.7394374391219,39.2611341016689],[-74.7394536854647,39.2611546610899],[-74.7395624335697,39.2613102564753],[-74.7396309503696,39.2614129976553],[-74.7396914591825,39.2615188297855],[-74.7397519653139,39.261634025947],[-74.7398205782327,39.2617648004349],[-74.7398933308374,39.2619391680037],[-74.7399418640435,39.2620543878195],[-74.7400009690091,39.2622348522766],[-74.7400144646551,39.2622890035797],[-74.7400657487177,39.2624947648189],[-74.7401002829124,39.2626992219393],[-74.7401144952982,39.2628068247968],[-74.7401275038409,39.2629650609004],[-74.7401318262151,39.263134544571],[-74.7401249701471,39.2633303282972],[-74.7401031539618,39.2635407506089],[-74.7400924054516,39.2636747494851],[-74.7400743230287,39.2639001961155],[-74.7400416520183,39.2642421321045],[-74.7400128593329,39.2646133025857],[-74.7399912256189,39.2648879729455],[-74.7399883052629,39.2650439105038],[-74.7399922719388,39.2651947775465],[-74.7400078375295,39.2653466926599],[-74.7400309999784,39.2655307181524],[-74.740065406062,39.2656972021563],[-74.7401111195941,39.2658753591136],[-74.7401756649462,39.266065147368],[-74.7402552869763,39.2662636622744],[-74.7403196423132,39.2663979322268],[-74.7403764931032,39.2665064081616]]}},{"type":"Feature","id":252438,"properties":{"OBJECTID":252438,"PRIMENAME":"Alexandria Way","ELEVTYP_F":0,"ELEVTYP_T":0},"geometry":{"type":"LineString","coordinates":[[-74.7472601371762,39.1662946436631],[-74.747308651035,39.1663191426054],[-74.7474218690748,39.1663683808112],[-74.7475526439884,39.1664148358578],[-74.7476586063419,39.1664366037762],[-74.7477680738001,39.1664418355697],[-74.7478916462515,39.1664361082904],[-74.7482940284061,39.1664160043495],[-74.7488023068997,39.1663791975524],[-74.7489858667397,39.1663705412199],[-74.749109394559,39.1663620669905],[-74.7492788195291,39.1663561861653],[-74.7494059672401,39.1663641513788],[-74.7495436965303,39.1663721208202],[-74.7497273467012,39.166399184957],[-74.7498475180433,39.1664291585981],[-74.750070100489,39.1664836512112],[-74.7502468301963,39.1665382418713],[-74.750413027468,39.166606611592],[-74.7505473892309,39.1666695300903],[-74.7507348724768,39.1667625374438],[-74.7509401529056,39.1669105311531],[-74.7510924219992,39.1670393635012],[-74.7511655084157,39.1671092506515]]}},{"type":"Feature","id":253203,"properties":{"OBJECTID":253203,"PRIMENAME":"Cedar Street","ELEVTYP_F":0,"ELEVTYP_T":0},"geometry":{"type":"LineString","coordinates":[[-74.7955357286918,39.2369663383343],[-74.7953692035175,39.2371129351322],[-74.7952747105747,39.237196121005],[-74.7951398081419,39.2372830458366],[-74.7950135755907,39.2373643850487],[-74.7950119986732,39.2373654033732]]}},{"type":"Feature","id":253519,"properties":{"OBJECTID":253519,"PRIMENAME":"State Highway 83","ELEVTYP_F":0,"ELEVTYP_T":0},"geometry":{"type":"LineString","coordinates":[[-74.8088197489535,39.1705659926803],[-74.8087718633604,39.1705131260665],[-74.8086478202693,39.1703875654831],[-74.8086474657293,39.1703872060875],[-74.8085475084138,39.1702921379712],[-74.808397693271,39.1701614520283],[-74.808213292106,39.1700099903928],[-74.8080750340181,39.1699001134124]]}},{"type":"Feature","id":253545,"properties":{"OBJECTID":253545,"PRIMENAME":"Sunset Road","ELEVTYP_F":0,"ELEVTYP_T":0},"geometry":{"type":"LineString","coordinates":[[-74.7629579502629,39.3068119648089],[-74.7630925949059,39.3067150399776],[-74.7634517607951,39.3064748584035],[-74.7637553553574,39.3062694515195],[-74.763924539812,39.3061478731982]]}},{"type":"Feature","id":253660,"properties":{"OBJECTID":253660,"PRIMENAME":"Unnamed Segment","ELEVTYP_F":0,"ELEVTYP_T":0},"geometry":{"type":"LineString","coordinates":[[-74.7697816522869,39.1477810419836],[-74.7698204777166,39.1477715617448],[-74.7698632125613,39.1477239731898],[-74.7699172353915,39.1476746009376],[-74.7699283286012,39.1476218103092],[-74.7699235776833,39.1476007353358]]}},{"type":"Feature","id":253769,"properties":{"OBJECTID":253769,"PRIMENAME":"Mockingbird Lane","ELEVTYP_F":0,"ELEVTYP_T":0},"geometry":{"type":"LineString","coordinates":[[-74.7337017021203,39.2445840668586],[-74.7338636532742,39.244439783466],[-74.7341048201259,39.2442571474225],[-74.734221707393,39.2441746778034],[-74.7343385463717,39.2441098085052],[-74.7344555406199,39.2440596285495],[-74.7345649921195,39.2440241525388],[-74.7346858172171,39.2440004056869],[-74.7348482210474,39.2439824509687],[-74.7352637017662,39.2439551714192],[-74.7353601680968,39.2439490680055],[-74.7357434376478,39.2439248218552],[-74.7362118472746,39.2438974317814],[-74.7364762867983,39.2438968951808],[-74.736733205489,39.2438963732663],[-74.73701665128,39.2439193002621],[-74.7372169852879,39.2439453334651],[-74.7374362602554,39.2439860174844],[-74.7376064194845,39.2440268021995],[-74.7378521666174,39.2440850587935],[-74.7381168811354,39.2441550282697],[-74.7383098096347,39.2442251161195],[-74.7386351949144,39.2443595945342],[-74.7388282042891,39.2444532127349],[-74.7390628686148,39.2445849374443],[-74.7393165311031,39.2447371885005],[-74.7395324416059,39.2448983303272],[-74.7396991852352,39.2450448840768],[-74.7398508257173,39.2451943783544],[-74.7399910832765,39.2453292340428],[-74.7401276725398,39.2454964142507],[-74.7402529429094,39.2456782794837],[-74.7402948251708,39.2457722338966],[-74.7403254728717,39.245895563083],[-74.7403410669174,39.2460365515838],[-74.7403263651388,39.2461570097186],[-74.7402890525762,39.2462951688831],[-74.7402252619127,39.2464245410435],[-74.7401011122066,39.246571720821],[-74.7399692598694,39.2466865442607],[-74.7398071214737,39.2467838845293],[-74.7394185484395,39.2469609322914],[-74.7384904952084,39.2473741173006],[-74.7383798875773,39.2474235747581]]}},{"type":"Feature","id":253990,"properties":{"OBJECTID":253990,"PRIMENAME":"Samson Road","ELEVTYP_F":0,"ELEVTYP_T":0},"geometry":{"type":"LineString","coordinates":[[-74.7659806964849,39.3094341255388],[-74.7667608372,39.3089040698064],[-74.7668996577342,39.3088182507089]]}},{"type":"Feature","id":254244,"properties":{"OBJECTID":254244,"PRIMENAME":"Magnolia Drive","ELEVTYP_F":0,"ELEVTYP_T":0},"geometry":{"type":"LineString","coordinates":[[-74.8263176211272,39.2028039269647],[-74.8263676201532,39.2027219256832]]}},{"type":"Feature","id":254686,"properties":{"OBJECTID":254686,"PRIMENAME":"Unnamed Segment","ELEVTYP_F":0,"ELEVTYP_T":0},"geometry":{"type":"LineString","coordinates":[[-74.737386181282,39.1867168042379],[-74.737337987727,39.1867796861113],[-74.7371005320361,39.1869921783635],[-74.737054674152,39.187052011443]]}},{"type":"Feature","id":254847,"properties":{"OBJECTID":254847,"PRIMENAME":"State Highway 50","ELEVTYP_F":0,"ELEVTYP_T":0},"geometry":{"type":"LineString","coordinates":[[-74.7267361101915,39.2537074799232],[-74.7270214935365,39.2537835571421],[-74.7275230161948,39.2539165968504],[-74.7277838259578,39.253994011083],[-74.7279643844427,39.2540559849617],[-74.7282293471381,39.2541614237297],[-74.728337760933,39.2542142310636],[-74.7284622598447,39.2542825477708],[-74.7285948295244,39.2543570804079],[-74.728711286491,39.2544285429969],[-74.7288197573301,39.2545093564052],[-74.7288507173749,39.2545313090244],[-74.7289162156141,39.2545777547367],[-74.7290810224466,39.2547145515018],[-74.729370480964,39.2549664504825],[-74.7297724918712,39.2553147212389],[-74.7302267565647,39.2557003120488],[-74.7313483808535,39.2566580474444],[-74.7317866070873,39.2570374022937],[-74.7324217635802,39.2575753409595],[-74.7327956698175,39.2578955956091],[-74.7331213670495,39.2581723438644],[-74.7333746118115,39.258390011731],[-74.7335916473359,39.2585516285364],[-74.7336697973718,39.258602185445]]}},{"type":"Feature","id":254934,"properties":{"OBJECTID":254934,"PRIMENAME":"Unnamed Segment","ELEVTYP_F":0,"ELEVTYP_T":0},"geometry":{"type":"LineString","coordinates":[[-74.843954113938,39.2016639967868],[-74.8439249340346,39.2009981922274],[-74.8438968635656,39.2003577336988],[-74.8439198576858,39.2000658586681]]}},{"type":"Feature","id":254986,"properties":{"OBJECTID":254986,"PRIMENAME":"Unnamed Segment","ELEVTYP_F":0,"ELEVTYP_T":0},"geometry":{"type":"LineString","coordinates":[[-74.7716043735391,39.1504065859787],[-74.7716363148375,39.1504147776476],[-74.7720488782454,39.1505500052796]]}},{"type":"Feature","id":255479,"properties":{"OBJECTID":255479,"PRIMENAME":"Woods Road","ELEVTYP_F":0,"ELEVTYP_T":0},"geometry":{"type":"LineString","coordinates":[[-74.8307918262079,39.2873069729683],[-74.8311056625692,39.2884167092478],[-74.8311097077593,39.2884316251965],[-74.8311134215684,39.288446573616],[-74.8311168052743,39.2884615797257],[-74.83111974657,39.288476672671],[-74.8311224676188,39.2884917662425],[-74.8311248585637,39.2885069175042],[-74.831126809289,39.288522128571],[-74.8311285348627,39.2885372835264],[-74.831129820335,39.2885525235094],[-74.8311308865871,39.2885677361905],[-74.8311315100203,39.28858294923],[-74.8311318021975,39.2885982217648],[-74.831131763862,39.2886134655124],[-74.8311313938629,39.2886286822779],[-74.8311306926031,39.2886439576378],[-74.8311296605627,39.2886591474598],[-74.8311281859732,39.2886743952918],[-74.8311280832602,39.2886759693126],[-74.8311019374558,39.2888215365447],[-74.8310990378182,39.2888386783439],[-74.8310965789324,39.2888558729388],[-74.8310944514515,39.2888730395667],[-74.8310927660432,39.2888902932175],[-74.8310914121549,39.2889075432231],[-74.8310903886317,39.2889247904876],[-74.831089808074,39.2889420680211],[-74.8310896681427,39.2889593713261],[-74.8310898596177,39.2889766466641],[-74.8310904937708,39.2889938910163],[-74.8310914585662,39.2890111911798],[-74.8310927534696,39.2890284336529],[-74.8310944913319,39.2890457045934],[-74.8310966703112,39.2890628589748],[-74.8310991796666,39.2890800124166],[-74.8311021318418,39.2890971645991],[-74.8311054139906,39.2891142302654],[-74.8311091378007,39.2891312946756],[-74.8311131927398,39.2891482716655],[-74.8311175790841,39.2891652197874],[-74.8311224068188,39.2891821090015],[-74.8311276758213,39.2891989131844],[-74.8311331669837,39.2892156293559],[-74.8311392048816,39.289232255692],[-74.8311454662644,39.2892488291447],[-74.8311521690179,39.2892653391853],[-74.8311592026478,39.2892817077568],[-74.8311666798528,39.2892979885877],[-74.8311687972702,39.2893025596199],[-74.8311771638329,39.2893206107297],[-74.831185088123,39.2893387784016],[-74.8311926825839,39.2893570623156],[-74.8311998359183,39.2893754600861],[-74.831206547871,39.2893939176648],[-74.8312129299854,39.2894124896843],[-74.8312187594329,39.2894311218288],[-74.8312242578779,39.2894498675167],[-74.8312293148044,39.2894686441873],[-74.8312339304749,39.2894875076905],[-74.8312382182294,39.2895064018534],[-74.8312419489414,39.2895254120046],[-74.8312453514525,39.2895443924616],[-74.8312483116914,39.289563490382],[-74.8312508312844,39.2895825589282],[-74.8312529086004,39.2896017440372],[-74.8312545451426,39.2896208727477],[-74.8312557390038,39.2896400324446],[-74.8312564926337,39.2896592510462],[-74.8312567504797,39.2896672297551],[-74.8312970231468,39.2901997803179],[-74.831299591625,39.2902294612531],[-74.8313028230535,39.2902591123765],[-74.8313067172887,39.2902887030605],[-74.8313112753548,39.290318204476],[-74.8313164904501,39.2903476490716],[-74.8313224809402,39.2903770626343],[-74.8313290261644,39.2904063593132],[-74.8313362280084,39.290435511794],[-74.8313440953985,39.2904646921071],[-74.8313526237667,39.2904936687554],[-74.8313618135257,39.2905225291168],[-74.8313716658438,39.2905512749894],[-74.8313820692826,39.290579874261],[-74.8313932452777,39.290608330805],[-74.8314049735497,39.2906366398435],[-74.8314173271567,39.2906648065731],[-74.8314303023284,39.2906927688481],[-74.8314440150064,39.2907205299414],[-74.8314582786814,39.2907481174082],[-74.8314730585811,39.2907755322482],[-74.8314862343434,39.2907985763829],[-74.8316058841356,39.2910472360261],[-74.831615811218,39.2910682013025],[-74.8316250757501,39.2910892810672],[-74.8316340092922,39.2911104779792],[-74.8316423904156,39.291131789967],[-74.8316503315835,39.2911532203136],[-74.8316576832234,39.2911747631393],[-74.8316646690986,39.2911964241126],[-74.8316711764647,39.2912181404975],[-74.8316771311549,39.2912399179104],[-74.8316826448559,39.2912618407098],[-74.8316876068864,39.291283792105],[-74.8316921276421,39.291305828533],[-74.8316960967476,39.2913278980609],[-74.8316996244457,39.2913500246968],[-74.8317027095853,39.2913722102456],[-74.8317051339593,39.2913943985775],[-74.83170722603,39.2914166725328],[-74.8317074663342,39.2914206750804],[-74.8317078183151,39.2914252511306],[-74.831707951334,39.2914298566307],[-74.8317080830449,39.2914344306059],[-74.8317079947875,39.2914390664634],[-74.8317079052135,39.2914436689944],[-74.8317077088696,39.2914482466066],[-74.8317073967282,39.2914528515733],[-74.8317068665203,39.2914574301368],[-74.8317063364484,39.2914620375259],[-74.8317056949396,39.291466613704],[-74.8317050544668,39.2914711637553],[-74.8317041925728,39.2914757135367],[-74.8317032193908,39.2914802636351],[-74.8317021372391,39.2914848140439],[-74.8317010537921,39.2914893356302],[-74.8316997498196,39.2914938010933],[-74.8316984459871,39.291498296283],[-74.8316970318855,39.2915027620597],[-74.8316953962266,39.2915071987407],[-74.8316937615992,39.2915116083942],[-74.8316920530474,39.2915160750097],[-74.8316901582077,39.2915203710007],[-74.831688191898,39.2915247527728],[-74.8316862240208,39.2915290480709],[-74.8316840358899,39.2915333448972],[-74.831681847627,39.2915376137985],[-74.8316794389575,39.2915418517991],[-74.8316770288648,39.2915460339529],[-74.831674473738,39.2915501894954],[-74.8316718793239,39.2915543721742],[-74.8316703442165,39.2915567790269],[-74.8316577365812,39.2915760636049]]}},{"type":"Feature","id":255524,"properties":{"OBJECTID":255524,"PRIMENAME":"Unnamed Segment","ELEVTYP_F":0,"ELEVTYP_T":0},"geometry":{"type":"LineString","coordinates":[[-74.7539480287365,39.1658674003732],[-74.7535785113405,39.1662539483581],[-74.7535408766995,39.1663638892362]]}},{"type":"Feature","id":255589,"properties":{"OBJECTID":255589,"PRIMENAME":"Killdeer Hill Road","ELEVTYP_F":0,"ELEVTYP_T":0},"geometry":{"type":"LineString","coordinates":[[-74.7323871465909,39.2472705584465],[-74.732295670867,39.2475652749006],[-74.7319120164195,39.2487601540483],[-74.7316805884605,39.2495481144385],[-74.7316350793497,39.2496906803992]]}},{"type":"Feature","id":255658,"properties":{"OBJECTID":255658,"PRIMENAME":"Reading Avenue","ELEVTYP_F":0,"ELEVTYP_T":0},"geometry":{"type":"LineString","coordinates":[[-74.7567811306397,39.2904204048641],[-74.7563290806561,39.2903658825715],[-74.7551039889084,39.2902221450776],[-74.7539860597899,39.2900949369206]]}},{"type":"Feature","id":255939,"properties":{"OBJECTID":255939,"PRIMENAME":"Dennisville Petersburg Road","ELEVTYP_F":0,"ELEVTYP_T":0},"geometry":{"type":"LineString","coordinates":[[-74.7312311890213,39.2510964136441],[-74.7311590649156,39.2511140742628],[-74.7304520148731,39.2512907075665],[-74.729695415465,39.2514779226154],[-74.7292457880744,39.2515852878405],[-74.7291013581392,39.2516198655518],[-74.7290035376305,39.2516525948369],[-74.7289253896977,39.2516862186276],[-74.7288264205965,39.251745968468],[-74.7287320160382,39.2518302549408],[-74.7285328915889,39.2520196884826]]}},{"type":"Feature","id":255984,"properties":{"OBJECTID":255984,"PRIMENAME":"Blue Heron Drive","ELEVTYP_F":0,"ELEVTYP_T":0},"geometry":{"type":"LineString","coordinates":[[-74.7819557371155,39.1673702338886],[-74.7814930169241,39.1677993889964],[-74.7809582961115,39.1683697103974],[-74.7806123909404,39.168746383045],[-74.7804101219816,39.1689470900042],[-74.7802481703184,39.1690774370614],[-74.7801221163016,39.1691515177992],[-74.7800049654285,39.169193946815],[-74.7798696859398,39.1692188466228],[-74.7797343994114,39.169233229918],[-74.7795674249391,39.169226601385],[-74.7793957751574,39.1691883797531],[-74.7789756883875,39.1690769752206],[-74.778505926037,39.1689621728351],[-74.7784543761887,39.1689492537036]]}},{"type":"Feature","id":256236,"properties":{"OBJECTID":256236,"PRIMENAME":"Mill Road","ELEVTYP_F":0,"ELEVTYP_T":0},"geometry":{"type":"LineString","coordinates":[[-74.7640230166462,39.2897258281062],[-74.7636026166121,39.2897728259824],[-74.763305088922,39.2898057061647],[-74.7629661367625,39.2898445002415],[-74.7628377474639,39.2898575304164],[-74.762608337573,39.2898892668318],[-74.7624125556353,39.2899277633245],[-74.7622544392609,39.2899661746568],[-74.7621196795239,39.2900050007205]]}},{"type":"Feature","id":256421,"properties":{"OBJECTID":256421,"PRIMENAME":"Unnamed Segment","ELEVTYP_F":0,"ELEVTYP_T":0},"geometry":{"type":"LineString","coordinates":[[-74.7723829076153,39.1568922216606],[-74.772200755922,39.1570552820364],[-74.7719970403927,39.1573039829776],[-74.7717303857083,39.1575881053753],[-74.7715113951448,39.1577345354778],[-74.7711590278188,39.1580105180415],[-74.7710384594555,39.1580560143177],[-74.7708884974815,39.1581126014606]]}},{"type":"Feature","id":256855,"properties":{"OBJECTID":256855,"PRIMENAME":"Washington Avenue","ELEVTYP_F":0,"ELEVTYP_T":0},"geometry":{"type":"LineString","coordinates":[[-74.8263684359829,39.2303169485533],[-74.8254160051566,39.231324741408],[-74.8240856428018,39.2327313789922],[-74.822860887039,39.2340277688883]]}},{"type":"Feature","id":257512,"properties":{"OBJECTID":257512,"PRIMENAME":"Sunset Road","ELEVTYP_F":0,"ELEVTYP_T":0},"geometry":{"type":"LineString","coordinates":[[-74.8666746217396,39.2354855504509],[-74.8676766732555,39.2361865045968],[-74.8684466354071,39.2367927708072],[-74.8688055888651,39.2370665909174],[-74.869056864456,39.2372542890494],[-74.8698104751155,39.237767846271],[-74.8705600573567,39.2382721319736],[-74.871803973321,39.239099296696],[-74.8732035878992,39.2400587874687],[-74.8736062733149,39.2403232000728],[-74.8736876477353,39.2403803863994],[-74.8742802580493,39.2407968417484],[-74.8745285324698,39.2409606116614],[-74.8749141966597,39.2412150077069],[-74.8753888096646,39.2415502134142],[-74.87584343224,39.2418639006254],[-74.8759358336585,39.2419218803368],[-74.8761454693053,39.2420534219716],[-74.8762500433212,39.2421190380413],[-74.8768083025023,39.2424910626851],[-74.8773785323068,39.2428754294612],[-74.87799638758,39.2432503576676],[-74.8781321642929,39.2433246790146]]}},{"type":"Feature","id":257526,"properties":{"OBJECTID":257526,"PRIMENAME":"Corson Lane","ELEVTYP_F":0,"ELEVTYP_T":0},"geometry":{"type":"LineString","coordinates":[[-74.7290837673822,39.1864750132194],[-74.7294604278344,39.1861140848253],[-74.7297953041456,39.1858266034342],[-74.7303228995039,39.1853818760267]]}},{"type":"Feature","id":258018,"properties":{"OBJECTID":258018,"PRIMENAME":"Belleplain Road","ELEVTYP_F":0,"ELEVTYP_T":0},"geometry":{"type":"LineString","coordinates":[[-74.8392468569149,39.2902748994274],[-74.8387733877501,39.2905911001456],[-74.8381977908703,39.2909868360113],[-74.8375343384145,39.2914320533995],[-74.8369832510196,39.2918058015926],[-74.8359899031979,39.2924818620086],[-74.8354739075792,39.2928226354331],[-74.8348982041436,39.2932183281708],[-74.8339925115572,39.293825723851],[-74.8329042783467,39.29455669691],[-74.8314538813917,39.2955336675246]]}},{"type":"Feature","id":258417,"properties":{"OBJECTID":258417,"PRIMENAME":"FR CO 550 WB TO CO 610 NB","ELEVTYP_F":0,"ELEVTYP_T":0},"geometry":{"type":"LineString","coordinates":[[-74.7782323012345,39.220440687862],[-74.7786753127293,39.2207915495422],[-74.7788126970796,39.2208898471811],[-74.7788536864639,39.2209183873275],[-74.7788865763214,39.2209516689968],[-74.7789112279812,39.220981867926],[-74.7789400732897,39.2210278996898],[-74.7789545811009,39.2210724280651],[-74.7789650157738,39.2211312713587],[-74.7789632075571,39.2211917366358],[-74.7789511080854,39.2212474494599],[-74.7789248150445,39.2213111307708],[-74.7788902908186,39.2213732400169],[-74.7788170730105,39.2214784393431],[-74.7787241382548,39.2216144383016]]}},{"type":"Feature","id":258507,"properties":{"OBJECTID":258507,"PRIMENAME":"Unnamed Segment","ELEVTYP_F":0,"ELEVTYP_T":0},"geometry":{"type":"LineString","coordinates":[[-74.7295586759995,39.1970589245309],[-74.7294174126122,39.1968740994979],[-74.729305574778,39.1967734794508],[-74.7291212734863,39.1966331363284],[-74.7287710171836,39.1964321441591],[-74.7279771152718,39.196039719789]]}},{"type":"Feature","id":258714,"properties":{"OBJECTID":258714,"PRIMENAME":"Webster Street","ELEVTYP_F":0,"ELEVTYP_T":0},"geometry":{"type":"LineString","coordinates":[[-74.8188970749075,39.2364356781369],[-74.8199902678737,39.2370620547165]]}},{"type":"Feature","id":259044,"properties":{"OBJECTID":259044,"PRIMENAME":"Unnamed Segment","ELEVTYP_F":0,"ELEVTYP_T":0},"geometry":{"type":"LineString","coordinates":[[-74.7371923632653,39.1969835878937],[-74.7375722083502,39.1971384563777]]}},{"type":"Feature","id":259089,"properties":{"OBJECTID":259089,"PRIMENAME":"Washington Avenue","ELEVTYP_F":0,"ELEVTYP_T":0},"geometry":{"type":"LineString","coordinates":[[-74.8334025745541,39.2228776333138],[-74.8325529645166,39.2237734669269],[-74.831687573843,39.2246889988349],[-74.8303915669983,39.2260589562843],[-74.8299061455727,39.2265739757857]]}},{"type":"Feature","id":259153,"properties":{"OBJECTID":259153,"PRIMENAME":"Marshallville Road","ELEVTYP_F":0,"ELEVTYP_T":0},"geometry":{"type":"LineString","coordinates":[[-74.7647028590729,39.2960665753349],[-74.7630871552993,39.2958594226637],[-74.762777094613,39.2958119669556],[-74.7625944558121,39.2957840131701]]}},{"type":"Feature","id":259245,"properties":{"OBJECTID":259245,"PRIMENAME":"Dehirsch Avenue","ELEVTYP_F":0,"ELEVTYP_T":0},"geometry":{"type":"LineString","coordinates":[[-74.8154468517972,39.241867682794],[-74.8151926711276,39.2417204860325],[-74.8143598069614,39.2412418510941]]}},{"type":"Feature","id":259361,"properties":{"OBJECTID":259361,"PRIMENAME":"Unnamed Segment","ELEVTYP_F":0,"ELEVTYP_T":0},"geometry":{"type":"LineString","coordinates":[[-74.8381589066732,39.23385649302],[-74.8384156419265,39.233586216608]]}},{"type":"Feature","id":259787,"properties":{"OBJECTID":259787,"PRIMENAME":"Locust Street","ELEVTYP_F":0,"ELEVTYP_T":0},"geometry":{"type":"LineString","coordinates":[[-74.7987200979491,39.2387698838363],[-74.798428805994,39.2390583462673],[-74.798144851878,39.2392900146182],[-74.7978785459189,39.2395072779714],[-74.7977915564338,39.2395648623044],[-74.7974314410343,39.2398032428755]]}},{"type":"Feature","id":259953,"properties":{"OBJECTID":259953,"PRIMENAME":"Dennisville Road","ELEVTYP_F":0,"ELEVTYP_T":0},"geometry":{"type":"LineString","coordinates":[[-74.7658191719048,39.1757639977944],[-74.7656278523092,39.1758651142404],[-74.7653063644416,39.1760318995971]]}},{"type":"Feature","id":260355,"properties":{"OBJECTID":260355,"PRIMENAME":"Unnamed Segment","ELEVTYP_F":0,"ELEVTYP_T":0},"geometry":{"type":"LineString","coordinates":[[-74.7352484091791,39.1982614841533],[-74.7358188818067,39.1975201368668],[-74.7360849338113,39.1971743851926],[-74.736347165713,39.1968765055283],[-74.7364711074642,39.1966895139604]]}},{"type":"Feature","id":260727,"properties":{"OBJECTID":260727,"PRIMENAME":"Unnamed Segment","ELEVTYP_F":0,"ELEVTYP_T":0},"geometry":{"type":"LineString","coordinates":[[-74.7546612885231,39.1662055057599],[-74.7541927918284,39.1666508101721]]}},{"type":"Feature","id":261089,"properties":{"OBJECTID":261089,"PRIMENAME":"Kansas Road","ELEVTYP_F":0,"ELEVTYP_T":0},"geometry":{"type":"LineString","coordinates":[[-74.7631457059067,39.3054871849448],[-74.7631734340959,39.3055007939567],[-74.7632404124543,39.3055496802673],[-74.7633223451079,39.3056187137029],[-74.7633228151455,39.3056191405275]]}},{"type":"Feature","id":261150,"properties":{"OBJECTID":261150,"PRIMENAME":"Unnamed Segment","ELEVTYP_F":0,"ELEVTYP_T":0},"geometry":{"type":"LineString","coordinates":[[-74.7977326156173,39.3060849482055],[-74.7971956157919,39.3059929480312]]}},{"type":"Feature","id":261314,"properties":{"OBJECTID":261314,"PRIMENAME":"Unnamed Segment","ELEVTYP_F":0,"ELEVTYP_T":0},"geometry":{"type":"LineString","coordinates":[[-74.7718363558889,39.1484383081166],[-74.7719819217445,39.1482977094542],[-74.7721213035302,39.1481250172887],[-74.7722790300809,39.1479295944288],[-74.7723178003839,39.1478815575124],[-74.7723392487756,39.1478237455009],[-74.7723503390405,39.1477709546524],[-74.7723498238685,39.1476372828269],[-74.7723199636695,39.1475089557898],[-74.7723043260058,39.1474417481783],[-74.7722585173724,39.1473894965364],[-74.7722064091407,39.1473491669004],[-74.7721520765764,39.1473176328376],[-74.772070658516,39.1472914418064],[-74.7719734440252,39.1472688026606],[-74.77185594138,39.1472567641057]]}},{"type":"Feature","id":261618,"properties":{"OBJECTID":261618,"PRIMENAME":"Unnamed Segment","ELEVTYP_F":0,"ELEVTYP_T":0},"geometry":{"type":"LineString","coordinates":[[-74.7692434800528,39.1498966868904],[-74.7695292949963,39.1499606102098],[-74.7696633661,39.1500021639297]]}},{"type":"Feature","id":262327,"properties":{"OBJECTID":262327,"PRIMENAME":"Main Street","ELEVTYP_F":0,"ELEVTYP_T":0},"geometry":{"type":"LineString","coordinates":[[-74.7600696595297,39.1787915829171],[-74.7596835926231,39.1787192699292],[-74.7587882553288,39.1785511074031],[-74.7581700401048,39.1784341368184]]}},{"type":"Feature","id":262404,"properties":{"OBJECTID":262404,"PRIMENAME":"Unnamed Segment","ELEVTYP_F":0,"ELEVTYP_T":0},"geometry":{"type":"LineString","coordinates":[[-74.7692732865694,39.1473698388803],[-74.7692113368824,39.1473719521278],[-74.7691482038312,39.1473741041088]]}},{"type":"Feature","id":262442,"properties":{"OBJECTID":262442,"PRIMENAME":"Unnamed Segment","ELEVTYP_F":0,"ELEVTYP_T":0},"geometry":{"type":"LineString","coordinates":[[-74.7737369134925,39.1556793770998],[-74.7737204463021,39.1556948372447],[-74.7734998341451,39.1558923353995]]}},{"type":"Feature","id":262475,"properties":{"OBJECTID":262475,"PRIMENAME":"Hoffman Mill Road","ELEVTYP_F":0,"ELEVTYP_T":0},"geometry":{"type":"LineString","coordinates":[[-74.873857909347,39.265159777864],[-74.873786625521,39.2651720884943],[-74.8736561270047,39.2651812110166],[-74.8735889663909,39.2651784880137],[-74.8735553812427,39.2651728304998],[-74.8735217344482,39.2651555579933],[-74.873488020709,39.2651324375644],[-74.8734468447039,39.2651006913766]]}},{"type":"Feature","id":262697,"properties":{"OBJECTID":262697,"PRIMENAME":"Unnamed Segment","ELEVTYP_F":0,"ELEVTYP_T":0},"geometry":{"type":"LineString","coordinates":[[-74.7645436127922,39.1672333121739],[-74.7643727852883,39.1672004625358],[-74.7643043599503,39.1671630951553],[-74.7642237219968,39.1670819810193],[-74.764118820422,39.1669571447113],[-74.7638523154897,39.1665825278823],[-74.7637556331574,39.1665077033545],[-74.7636428389015,39.1664204070643],[-74.7635032175141,39.1663880548704],[-74.7634014657378,39.1663208941256]]}},{"type":"Feature","id":262831,"properties":{"OBJECTID":262831,"PRIMENAME":"Gatzmer Avenue","ELEVTYP_F":0,"ELEVTYP_T":0},"geometry":{"type":"LineString","coordinates":[[-74.8192855114525,39.1914342864749],[-74.8189075723548,39.1915730201665],[-74.8185564208498,39.1916977588229],[-74.8181425649647,39.1918455398013],[-74.8176492594343,39.1920195934318],[-74.8173524876878,39.1921311649545],[-74.8171560390873,39.192213138765],[-74.8170779484161,39.1922512151159],[-74.8170140824491,39.1922982592397],[-74.8169517298466,39.192352354535],[-74.8169056639149,39.1924028373004],[-74.8168390296518,39.1924779498021]]}},{"type":"Feature","id":263055,"properties":{"OBJECTID":263055,"PRIMENAME":"Court House South Dennis Road","ELEVTYP_F":0,"ELEVTYP_T":0},"geometry":{"type":"LineString","coordinates":[[-74.8251189519456,39.1474003292585],[-74.8251113671747,39.1475096862335],[-74.8250901326269,39.1478158183596],[-74.8250427404554,39.1484600517647],[-74.8250032989846,39.1490159869474],[-74.8249561264086,39.1497158491086],[-74.8249126828792,39.1503142996012],[-74.8248804500011,39.1506053578335],[-74.8248560786265,39.1507885132312],[-74.8248233296904,39.1509749593109],[-74.8247407494842,39.1512760156647],[-74.8246248675104,39.1516359777888],[-74.8244428262954,39.1522413494646],[-74.8242359435157,39.1529056579306],[-74.8241241972627,39.1532689041273],[-74.8239753603218,39.1537727805525],[-74.8238264120685,39.1542604023232],[-74.8235863245061,39.1550228534555],[-74.8233754388278,39.1557329707431],[-74.8233596452637,39.1557799806791],[-74.8233112108234,39.1559241402054]]}},{"type":"Feature","id":263193,"properties":{"OBJECTID":263193,"PRIMENAME":"Paper Mill Road","ELEVTYP_F":0,"ELEVTYP_T":0},"geometry":{"type":"LineString","coordinates":[[-74.9066612558256,39.2168181357172],[-74.906722098335,39.2169613296132],[-74.906743556356,39.2170118343446],[-74.9072427175245,39.2182075843359],[-74.9077323519862,39.2193887024986],[-74.9082759378926,39.2206671851871],[-74.9087909717938,39.221894557742],[-74.9088767936708,39.2220966992743],[-74.9089339715845,39.222223296195],[-74.9089910301934,39.2223352857019],[-74.9090417778018,39.2224302194721],[-74.9090797675032,39.2224983993373],[-74.9091303736568,39.2225689247707],[-74.9092157147188,39.2226881457477],[-74.909323111702,39.2228243409016],[-74.9094620670411,39.2229969976752],[-74.9096926071515,39.2232815508368],[-74.9100842903259,39.2237777250561],[-74.9109149282512,39.2248039502626],[-74.9116223184033,39.2256672338326],[-74.912449802289,39.2266837659428],[-74.9126046465333,39.2268905191715],[-74.9126836645182,39.2269950989595],[-74.9127079864177,39.2270304386574]]}},{"type":"Feature","id":263242,"properties":{"OBJECTID":263242,"PRIMENAME":"Unnamed Segment","ELEVTYP_F":0,"ELEVTYP_T":0},"geometry":{"type":"LineString","coordinates":[[-74.8406387928251,39.2362037998887],[-74.8408471074919,39.2359827395126],[-74.8408721564557,39.2359264042365],[-74.8407292052293,39.2355386107226],[-74.8399493954099,39.2350833228727]]}},{"type":"Feature","id":263366,"properties":{"OBJECTID":263366,"PRIMENAME":"Joe Mason Road","ELEVTYP_F":0,"ELEVTYP_T":0},"geometry":{"type":"LineString","coordinates":[[-74.8630194348532,39.271545545647],[-74.8633434315902,39.2717234722045],[-74.8639990855747,39.2720776798726],[-74.864124529301,39.2721470012235]]}},{"type":"Feature","id":263506,"properties":{"OBJECTID":263506,"PRIMENAME":"Unnamed Segment","ELEVTYP_F":0,"ELEVTYP_T":0},"geometry":{"type":"LineString","coordinates":[[-74.7701474757257,39.151628952804],[-74.7701480832401,39.1516298882695],[-74.7702084470111,39.1516625812502],[-74.7703381454542,39.1517115294013],[-74.770663734815,39.1517905070686],[-74.7711699579772,39.1518479588058],[-74.7719294944194,39.1519868967118],[-74.7719898401016,39.1520148981354],[-74.7720170832098,39.1520500105506],[-74.7720232237454,39.1520804833433],[-74.7719907970236,39.1522634799667],[-74.7719637896933,39.1522893394423],[-74.7719096384427,39.1523058817974],[-74.7718373521391,39.1523060504227],[-74.7716715980422,39.1522806404644],[-74.7712285148099,39.1521949017539],[-74.7709573092828,39.1521603556923],[-74.7708101832808,39.1521416142569],[-74.7706741272359,39.1521445977064],[-74.770556708522,39.1521471728929],[-74.7704120185868,39.1521264452534],[-74.7702552755664,39.1520939768113],[-74.7700497680386,39.1520514074369],[-74.7699778225535,39.1520008153918],[-74.7699444945984,39.151949299685],[-74.7699201106679,39.1518743107869],[-74.7699437778296,39.151761689712],[-74.7699886961252,39.1516935767502],[-74.7700578155596,39.1516535499367],[-74.7701474757257,39.151628952804]]}},{"type":"Feature","id":263732,"properties":{"OBJECTID":263732,"PRIMENAME":"Freidriechstadt Avenue","ELEVTYP_F":0,"ELEVTYP_T":0},"geometry":{"type":"LineString","coordinates":[[-74.7842848455778,39.229818394235],[-74.7835509423625,39.2293940735356],[-74.7825168502248,39.2287900822481],[-74.7824499852929,39.228752507821],[-74.7815022928047,39.2282199443561]]}},{"type":"Feature","id":263856,"properties":{"OBJECTID":263856,"PRIMENAME":"Dehirsch Avenue","ELEVTYP_F":0,"ELEVTYP_T":0},"geometry":{"type":"LineString","coordinates":[[-74.7873401922637,39.2257231932771],[-74.786422007289,39.2251952261227],[-74.7858909765692,39.224891957849],[-74.7857345125711,39.2248026003209],[-74.7856063137884,39.2247280387538]]}},{"type":"Feature","id":264191,"properties":{"OBJECTID":264191,"PRIMENAME":"Kelly Court","ELEVTYP_F":0,"ELEVTYP_T":0},"geometry":{"type":"LineString","coordinates":[[-74.7619540071649,39.1621824776581],[-74.7629970687802,39.1619453635936],[-74.7631688323501,39.1619063172587]]}},{"type":"Feature","id":264355,"properties":{"OBJECTID":264355,"PRIMENAME":"Unnamed Segment","ELEVTYP_F":0,"ELEVTYP_T":0},"geometry":{"type":"LineString","coordinates":[[-74.737516660153,39.2013946933818],[-74.7375135905724,39.2013946068538],[-74.7370163480907,39.2013941835601]]}},{"type":"Feature","id":264583,"properties":{"OBJECTID":264583,"PRIMENAME":"6th Street","ELEVTYP_F":0,"ELEVTYP_T":0},"geometry":{"type":"LineString","coordinates":[[-74.8619188989986,39.2709132581826],[-74.8620962336005,39.2710175929663],[-74.8627234259706,39.2713829611479],[-74.8630194348532,39.271545545647]]}},{"type":"Feature","id":264633,"properties":{"OBJECTID":264633,"PRIMENAME":"Kings Highway","ELEVTYP_F":0,"ELEVTYP_T":0},"geometry":{"type":"LineString","coordinates":[[-74.7565270152617,39.1984498192151],[-74.7565202888385,39.1985106330423],[-74.7564965400233,39.1986465453479],[-74.7564533070185,39.1987711869744],[-74.7563907022899,39.1988769816491],[-74.7563182743033,39.1989790630469],[-74.756207064204,39.1990812296883],[-74.7560667895508,39.1991871940573],[-74.7558006697442,39.1993689424323],[-74.7554038049736,39.1996189348076],[-74.7552973798448,39.1996983827907],[-74.7550851482884,39.1998528017713]]}},{"type":"Feature","id":264733,"properties":{"OBJECTID":264733,"PRIMENAME":"Unnamed Segment","ELEVTYP_F":0,"ELEVTYP_T":0},"geometry":{"type":"LineString","coordinates":[[-74.8428658065219,39.2013172741413],[-74.8424231361417,39.2013286085915],[-74.8423317355503,39.2014384443728],[-74.8423397570223,39.2017140210493],[-74.84239359329,39.2017989787629]]}},{"type":"Feature","id":264921,"properties":{"OBJECTID":264921,"PRIMENAME":"Unnamed Segment","ELEVTYP_F":0,"ELEVTYP_T":0},"geometry":{"type":"LineString","coordinates":[[-74.7339993806988,39.182981133614],[-74.7336356332646,39.1828170889716],[-74.7332230654972,39.182587312343],[-74.7329662956387,39.1823924004906],[-74.7326389254306,39.182107731033],[-74.7318652680093,39.1815466713644]]}},{"type":"Feature","id":265164,"properties":{"OBJECTID":265164,"PRIMENAME":"Unnamed Segment","ELEVTYP_F":0,"ELEVTYP_T":0},"geometry":{"type":"LineString","coordinates":[[-74.8242604749917,39.2378780716454],[-74.8244414792995,39.2379796743999],[-74.8248053119474,39.2381842053913],[-74.8245096211027,39.238511934716],[-74.8243006223169,39.2384029340742],[-74.8239574133363,39.2381987747488]]}},{"type":"Feature","id":265248,"properties":{"OBJECTID":265248,"PRIMENAME":"Tarkiln Road","ELEVTYP_F":0,"ELEVTYP_T":0},"geometry":{"type":"LineString","coordinates":[[-74.848723711157,39.2838741369573],[-74.8497311655859,39.2849539023076],[-74.850356375989,39.2856063075459],[-74.8507527556984,39.285963445107],[-74.8512916441098,39.2865103230616],[-74.851862951953,39.2873141019583],[-74.8524121584364,39.2879284110176],[-74.8525912812017,39.2881017553326],[-74.8532312873368,39.2886686294414],[-74.8541728662397,39.2896206705818],[-74.855045888626,39.2905110205501],[-74.8554271542651,39.2909047844969],[-74.8557016305489,39.291180985344],[-74.8561146344862,39.2913739426139],[-74.8569836346804,39.2916769430626],[-74.8576816360853,39.2917159429912],[-74.8579192037476,39.2916899540347],[-74.8582456488434,39.2917419991685],[-74.8585455475505,39.2917941260376],[-74.8588298393247,39.2917608307376],[-74.8593681064938,39.2917002274771],[-74.859921681911,39.2916660971564],[-74.860676755548,39.291725652101],[-74.8616968369864,39.2916900681941],[-74.8620495023819,39.2916771840178],[-74.8624851662476,39.291578569114],[-74.8629469051243,39.2913885086654],[-74.8641881409459,39.2908482387857],[-74.8649450146047,39.2905246214246],[-74.8653952713024,39.2903169042068],[-74.8656266841157,39.2903279658387],[-74.8659891984296,39.2907512269266],[-74.8661494580361,39.2909363985173]]}},{"type":"Feature","id":265265,"properties":{"OBJECTID":265265,"PRIMENAME":"Mount Pleasant Tuckahoe Road","ELEVTYP_F":0,"ELEVTYP_T":0},"geometry":{"type":"LineString","coordinates":[[-74.752426268813,39.2944462933217],[-74.752396536847,39.2945747639987],[-74.7522822253403,39.2950333615043]]}},{"type":"Feature","id":265341,"properties":{"OBJECTID":265341,"PRIMENAME":"Kings Highway","ELEVTYP_F":0,"ELEVTYP_T":0},"geometry":{"type":"LineString","coordinates":[[-74.7605332967495,39.1788810199658],[-74.7604888973156,39.1790382042918],[-74.7602399029978,39.1798993066009],[-74.7600340360547,39.1806130578235],[-74.7598376503914,39.1812777756972],[-74.7596029756164,39.1820746769905],[-74.7593012554932,39.1831094537601],[-74.7590953618061,39.1838307817381],[-74.7586499488421,39.1853527520415],[-74.7581853650619,39.1869540875495],[-74.7578070737212,39.1882683546417],[-74.7576681526303,39.1887479878535],[-74.7573280757009,39.1899036279696],[-74.757186164775,39.190388902701]]}},{"type":"Feature","id":266326,"properties":{"OBJECTID":266326,"PRIMENAME":"School House Road","ELEVTYP_F":0,"ELEVTYP_T":0},"geometry":{"type":"LineString","coordinates":[[-74.81483546274,39.1733966652242],[-74.8141524773369,39.1733369489722],[-74.813158372347,39.1732467080282],[-74.8122257797573,39.1731382824855],[-74.8118135049961,39.1731033889883],[-74.8116973297385,39.1730921132436]]}},{"type":"Feature","id":266884,"properties":{"OBJECTID":266884,"PRIMENAME":"Unnamed Segment","ELEVTYP_F":0,"ELEVTYP_T":0},"geometry":{"type":"LineString","coordinates":[[-74.7597558061152,39.1731849008074],[-74.7598324139428,39.1731154124243],[-74.7599764397784,39.1729556223539],[-74.7600545240573,39.1728874394445]]}},{"type":"Feature","id":267448,"properties":{"OBJECTID":267448,"PRIMENAME":"Fir Street","ELEVTYP_F":0,"ELEVTYP_T":0},"geometry":{"type":"LineString","coordinates":[[-74.7959446113771,39.2382689363276],[-74.7960993800051,39.2381872713476],[-74.7961611979524,39.2381400090782],[-74.7962404063642,39.2380794495917],[-74.7963977962093,39.2379511156492],[-74.796502670269,39.2378536207516],[-74.796614128206,39.2377561080913],[-74.796646878522,39.2377202051317],[-74.7967359707212,39.2376338492942]]}},{"type":"Feature","id":267541,"properties":{"OBJECTID":267541,"PRIMENAME":"Unnamed Segment","ELEVTYP_F":0,"ELEVTYP_T":0},"geometry":{"type":"LineString","coordinates":[[-74.7699748815048,39.1501143576667],[-74.7701534705129,39.1501508791937],[-74.7701830362159,39.1501569255617]]}},{"type":"Feature","id":267692,"properties":{"OBJECTID":267692,"PRIMENAME":"Monroe Avenue","ELEVTYP_F":0,"ELEVTYP_T":0},"geometry":{"type":"LineString","coordinates":[[-74.8096966574224,39.2408818863782],[-74.8087719389894,39.2418626145359],[-74.808311084524,39.2423640240557]]}},{"type":"Feature","id":267890,"properties":{"OBJECTID":267890,"PRIMENAME":"Washington Avenue","ELEVTYP_F":0,"ELEVTYP_T":0},"geometry":{"type":"LineString","coordinates":[[-74.8126279646074,39.2448388761682],[-74.8124048561275,39.245074618035],[-74.8115315910264,39.2459963343771],[-74.8112980735987,39.246242199272],[-74.8111942746211,39.2463514881561],[-74.8105016963741,39.2470825550366],[-74.8104184110503,39.247170465108],[-74.8100585743259,39.2475461873358],[-74.8098365051749,39.2477813719263]]}},{"type":"Feature","id":268067,"properties":{"OBJECTID":268067,"PRIMENAME":"Unnamed Segment","ELEVTYP_F":0,"ELEVTYP_T":0},"geometry":{"type":"LineString","coordinates":[[-74.7540189240539,39.1932174583727],[-74.7539361617254,39.193151005905],[-74.7521001534841,39.1921058844794]]}},{"type":"Feature","id":268304,"properties":{"OBJECTID":268304,"PRIMENAME":"Chestnut Street","ELEVTYP_F":0,"ELEVTYP_T":0},"geometry":{"type":"LineString","coordinates":[[-74.8632331698334,39.2695176982124],[-74.8634823389358,39.2692505869537]]}},{"type":"Feature","id":268345,"properties":{"OBJECTID":268345,"PRIMENAME":"Franklin Street","ELEVTYP_F":0,"ELEVTYP_T":0},"geometry":{"type":"LineString","coordinates":[[-74.8117570830389,39.236900802935],[-74.8107949014338,39.2363502489953],[-74.8106531210364,39.2362728399725]]}},{"type":"Feature","id":268653,"properties":{"OBJECTID":268653,"PRIMENAME":"Main Street","ELEVTYP_F":0,"ELEVTYP_T":0},"geometry":{"type":"LineString","coordinates":[[-74.8204272189078,39.1893781579651],[-74.8204303744,39.1896299889485],[-74.8204323804087,39.189698792681],[-74.8204359944142,39.189748754666],[-74.8204599318499,39.1898144217342],[-74.8206544189616,39.1902188841629],[-74.8208419536409,39.1905839368153],[-74.8209618654767,39.1908361325991]]}},{"type":"Feature","id":268928,"properties":{"OBJECTID":268928,"PRIMENAME":"Unnamed Segment","ELEVTYP_F":0,"ELEVTYP_T":0},"geometry":{"type":"LineString","coordinates":[[-74.7303398595136,39.1974824653562],[-74.7303495437631,39.1974863378105],[-74.7305338650616,39.1976313713665],[-74.7305680939885,39.197656417068]]}},{"type":"Feature","id":268965,"properties":{"OBJECTID":268965,"PRIMENAME":"Unnamed Segment","ELEVTYP_F":0,"ELEVTYP_T":0},"geometry":{"type":"LineString","coordinates":[[-74.7693370733449,39.148160555675],[-74.7694044463607,39.1482562079568],[-74.7694632827164,39.1482842123986],[-74.7695740363684,39.1483033036359],[-74.7697109859863,39.1483269113208],[-74.7698362940568,39.1483642574909],[-74.7700421125791,39.1484341355406],[-74.7701981324031,39.1484759846264],[-74.7703224341571,39.148493287103],[-74.7705031934684,39.1485069379424],[-74.7706703592546,39.1485100676259],[-74.7709188957216,39.1485270790808],[-74.7710251144879,39.1485409023552],[-74.7710259606126,39.148541011191]]}},{"type":"Feature","id":269141,"properties":{"OBJECTID":269141,"PRIMENAME":"North Delsea Drive","ELEVTYP_F":0,"ELEVTYP_T":0},"geometry":{"type":"LineString","coordinates":[[-74.9051571967251,39.213111317038],[-74.9052461239805,39.2132373380344],[-74.9053395358205,39.2133453322028],[-74.9054423477629,39.2134677086266],[-74.9055589342803,39.2135792189617],[-74.9056988931431,39.2136978408951],[-74.9058434044321,39.2138164476984],[-74.9060670791195,39.2139709394357],[-74.9063465935762,39.2141685081384],[-74.9066587770271,39.2143876261307],[-74.9074601937904,39.2149479746013],[-74.9075865631307,39.2150410798759]]}},{"type":"Feature","id":269170,"properties":{"OBJECTID":269170,"PRIMENAME":"Maple Street","ELEVTYP_F":0,"ELEVTYP_T":0},"geometry":{"type":"LineString","coordinates":[[-74.7977254520482,39.2400944169569],[-74.7977923858311,39.2400681768455],[-74.7978562116637,39.2400277251068],[-74.7979808288542,39.2399492011619],[-74.7981296839513,39.2398374385287],[-74.7982572756942,39.2397423179633],[-74.7984000958027,39.2396447872702],[-74.7985580302394,39.2395187812869],[-74.7986977112992,39.2393999321186],[-74.798831317675,39.2392858358104],[-74.798964860955,39.2391575217724],[-74.7991104649729,39.238998367457]]}},{"type":"Feature","id":269504,"properties":{"OBJECTID":269504,"PRIMENAME":"New Jersey Avenue","ELEVTYP_F":0,"ELEVTYP_T":0},"geometry":{"type":"LineString","coordinates":[[-74.7458320569445,39.285001483253],[-74.7467469902002,39.2847348015818],[-74.7472867648926,39.2845699027692]]}},{"type":"Feature","id":269593,"properties":{"OBJECTID":269593,"PRIMENAME":"Fantail Lane","ELEVTYP_F":0,"ELEVTYP_T":0},"geometry":{"type":"LineString","coordinates":[[-74.8044726136643,39.2338009327663],[-74.803982614491,39.2335499342359]]}},{"type":"Feature","id":270188,"properties":{"OBJECTID":270188,"PRIMENAME":"Unnamed Segment","ELEVTYP_F":0,"ELEVTYP_T":0},"geometry":{"type":"LineString","coordinates":[[-74.7693732563609,39.1477503805972],[-74.7693805328467,39.1477496557187],[-74.7695064932534,39.1477687704296],[-74.7696300540731,39.1477875212108],[-74.7697550335587,39.147787542804],[-74.7697816522869,39.1477810419836]]}},{"type":"Feature","id":270520,"properties":{"OBJECTID":270520,"PRIMENAME":"Unnamed Segment","ELEVTYP_F":0,"ELEVTYP_T":0},"geometry":{"type":"LineString","coordinates":[[-74.7678431651987,39.149650008581],[-74.7681557983894,39.1488600985592]]}},{"type":"Feature","id":270620,"properties":{"OBJECTID":270620,"PRIMENAME":"Unnamed Segment","ELEVTYP_F":0,"ELEVTYP_T":0},"geometry":{"type":"LineString","coordinates":[[-74.8390895119289,39.2343981459832],[-74.8391590182323,39.2343184700435]]}},{"type":"Feature","id":270960,"properties":{"OBJECTID":270960,"PRIMENAME":"Clermont Southseaville Road","ELEVTYP_F":0,"ELEVTYP_T":0},"geometry":{"type":"LineString","coordinates":[[-74.7668075461043,39.1622565582597],[-74.766792972323,39.1623758392059],[-74.7667307722317,39.162594901523],[-74.7666016958818,39.1630933874918],[-74.7664916102109,39.1634559978631],[-74.7663768906187,39.1638902272275],[-74.7662285822116,39.1644152259616],[-74.766065646818,39.1649251012589],[-74.765926655992,39.1653406048188],[-74.7658670175119,39.1655200661956]]}},{"type":"Feature","id":271170,"properties":{"OBJECTID":271170,"PRIMENAME":"Unnamed Segment","ELEVTYP_F":0,"ELEVTYP_T":0},"geometry":{"type":"LineString","coordinates":[[-74.7713860710135,39.148246668594],[-74.7713910460079,39.1482476416283],[-74.7715168493842,39.1483098237127]]}},{"type":"Feature","id":271242,"properties":{"OBJECTID":271242,"PRIMENAME":"Unnamed Segment","ELEVTYP_F":0,"ELEVTYP_T":0},"geometry":{"type":"LineString","coordinates":[[-74.7697816522869,39.1477810419836],[-74.7698252573051,39.1478401451865],[-74.7699067490782,39.1478856867682],[-74.770003643377,39.1479398370776],[-74.770130786096,39.1479942162815],[-74.770244533225,39.1480428682342],[-74.7703209068462,39.1480940300247],[-74.7703774582438,39.1481150055422],[-74.770447541419,39.1481306716086],[-74.7704927172606,39.1481305667721],[-74.7705378661741,39.1481234282178],[-74.7705761784913,39.1481004741461],[-74.7706031499755,39.1480652346054],[-74.7706143077638,39.1480300299751],[-74.7706141191743,39.1479807832619],[-74.7706082276725,39.1479165994395]]}},{"type":"Feature","id":271643,"properties":{"OBJECTID":271643,"PRIMENAME":"West Sunrise Road","ELEVTYP_F":0,"ELEVTYP_T":0},"geometry":{"type":"LineString","coordinates":[[-74.7475391775736,39.2577554446606],[-74.747869577855,39.257726653328],[-74.7480282714259,39.2577098691208],[-74.7481763766235,39.257684869227],[-74.7483138011391,39.2576461912877],[-74.7484336745669,39.257607522702],[-74.7485428710806,39.2575661040433],[-74.7486837368852,39.2574917790262],[-74.7488104725528,39.2574064732562],[-74.7489371428661,39.2573129312537],[-74.7490426489422,39.2572167147848],[-74.7491656772359,39.2570820486967],[-74.7493764671505,39.256837476024],[-74.7494503049098,39.2567550285194],[-74.7495206452558,39.2566917814173],[-74.7496085679014,39.2566175416685],[-74.7496965370769,39.2565460186381],[-74.7497985957466,39.2564744941472],[-74.74990415778,39.2563947240126],[-74.7500098126494,39.2563313729027],[-74.7501435568554,39.2562515699726],[-74.7503442696398,39.2561441658339],[-74.7504675557977,39.2560835221174],[-74.75060137403,39.2560147013478],[-74.7507492835808,39.2559266021759],[-74.75092523396,39.2558082674961],[-74.7510765786491,39.2557229062171],[-74.7512596129786,39.2555908542211],[-74.7514461127946,39.255450530292],[-74.7515692446721,39.2553570470918],[-74.7516253408434,39.2553114018527]]}},{"type":"Feature","id":271648,"properties":{"OBJECTID":271648,"PRIMENAME":"Unnamed Segment","ELEVTYP_F":0,"ELEVTYP_T":0},"geometry":{"type":"LineString","coordinates":[[-74.8379613158187,39.2355911997684],[-74.8373140569924,39.2352131247445]]}},{"type":"Feature","id":271690,"properties":{"OBJECTID":271690,"PRIMENAME":"Madison Avenue","ELEVTYP_F":0,"ELEVTYP_T":0},"geometry":{"type":"LineString","coordinates":[[-74.8107714881997,39.2415029892895],[-74.8114420792274,39.2407989794199],[-74.8121989613599,39.2400019024758]]}},{"type":"Feature","id":272153,"properties":{"OBJECTID":272153,"PRIMENAME":"Admiral Road","ELEVTYP_F":0,"ELEVTYP_T":0},"geometry":{"type":"LineString","coordinates":[[-74.8089096160527,39.2318229334704],[-74.8087986160814,39.2319359347556],[-74.8085876172491,39.2321589333286],[-74.8077656158082,39.2330269333553],[-74.8077176179498,39.23313193352]]}},{"type":"Feature","id":272295,"properties":{"OBJECTID":272295,"PRIMENAME":"Old Tuckahoe Road","ELEVTYP_F":0,"ELEVTYP_T":0},"geometry":{"type":"LineString","coordinates":[[-74.7333586085494,39.2602744564737],[-74.7337330865524,39.2603142867002],[-74.7340275507416,39.2603600706382],[-74.7343140029601,39.260396589666],[-74.7345885323093,39.2604269811822],[-74.7348471477891,39.2604511983695],[-74.7350022632714,39.2604601387238]]}},{"type":"Feature","id":272968,"properties":{"OBJECTID":272968,"PRIMENAME":"Unnamed Segment","ELEVTYP_F":0,"ELEVTYP_T":0},"geometry":{"type":"LineString","coordinates":[[-74.7389375345637,39.1999109620586],[-74.7394356311958,39.2002059928213],[-74.7394389456898,39.2002379962064],[-74.7394982648318,39.2008107724561],[-74.7395615579627,39.2014219150203]]}},{"type":"Feature","id":273009,"properties":{"OBJECTID":273009,"PRIMENAME":"Unnamed Segment","ELEVTYP_F":0,"ELEVTYP_T":0},"geometry":{"type":"LineString","coordinates":[[-74.7384684104724,39.1997532982313],[-74.7389197330028,39.1999004173812],[-74.7389375345637,39.1999109620586]]}},{"type":"Feature","id":273555,"properties":{"OBJECTID":273555,"PRIMENAME":"Longfellow Street","ELEVTYP_F":0,"ELEVTYP_T":0},"geometry":{"type":"LineString","coordinates":[[-74.8129371141548,39.2427333420969],[-74.8124093274425,39.2424369028919],[-74.8118535692072,39.242122304367]]}},{"type":"Feature","id":273590,"properties":{"OBJECTID":273590,"PRIMENAME":"Hands Mill Road","ELEVTYP_F":0,"ELEVTYP_T":0},"geometry":{"type":"LineString","coordinates":[[-74.8734468447039,39.2651006913766],[-74.8729967324335,39.2653312081104],[-74.8729965648782,39.2653312978283],[-74.8728757480942,39.2653962024076]]}},{"type":"Feature","id":273696,"properties":{"OBJECTID":273696,"PRIMENAME":"Unnamed Segment","ELEVTYP_F":0,"ELEVTYP_T":0},"geometry":{"type":"LineString","coordinates":[[-74.754476512949,39.1674545211388],[-74.7541710338072,39.1672989753348],[-74.754119582737,39.1672646638272]]}},{"type":"Feature","id":273737,"properties":{"OBJECTID":273737,"PRIMENAME":"Unnamed Segment","ELEVTYP_F":0,"ELEVTYP_T":0},"geometry":{"type":"LineString","coordinates":[[-74.7386382412318,39.1977025209102],[-74.7382741727437,39.198113146986],[-74.7380879617384,39.1983058267308],[-74.7380249876628,39.1983997600667],[-74.7379909196815,39.1986017433162]]}},{"type":"Feature","id":273778,"properties":{"OBJECTID":273778,"PRIMENAME":"Unnamed Segment","ELEVTYP_F":0,"ELEVTYP_T":0},"geometry":{"type":"LineString","coordinates":[[-74.7336484360966,39.1806300212195],[-74.7336613840741,39.1806218715167],[-74.7340175638669,39.1804321081848]]}},{"type":"Feature","id":273997,"properties":{"OBJECTID":273997,"PRIMENAME":"Lords Lane","ELEVTYP_F":0,"ELEVTYP_T":0},"geometry":{"type":"LineString","coordinates":[[-74.8052747618412,39.3139553366618],[-74.8052529269711,39.3138272251538],[-74.8052327025562,39.3137363959242],[-74.8052204841968,39.3136655617946],[-74.8052122049846,39.313582416715],[-74.8051980262072,39.3135162278157],[-74.8051818959905,39.3134562218147],[-74.805155787985,39.3133777086101],[-74.8051178288357,39.3133131197212],[-74.8050738722086,39.313234653275],[-74.8050438443898,39.3131731189558],[-74.805009801739,39.3131069820763],[-74.80498375015,39.3130331087756],[-74.8049695048355,39.3129515169893],[-74.8049590471267,39.3128221676059],[-74.8049408295273,39.3127374829127],[-74.8049143034938,39.3125542501482],[-74.804844637466,39.3120491990266],[-74.804820443078,39.3119553047107],[-74.8047924502521,39.3118983771548],[-74.8047664355767,39.3118491607912],[-74.8047225796212,39.3117938673847],[-74.8046647067927,39.3117092314745],[-74.8044911394999,39.3114586474354],[-74.8042836177389,39.3111618869327],[-74.8042118035361,39.3110650424498],[-74.8041579391721,39.3109835531567],[-74.8041019406063,39.3108743117047],[-74.8040238877346,39.3107081819097],[-74.8039577673058,39.3105466051497],[-74.8039097525088,39.3104527737099],[-74.8038476703324,39.3103097206044],[-74.8037756524674,39.3101573852676],[-74.8036916160365,39.3099881684336],[-74.8034938406334,39.309646707795],[-74.8031801930171,39.3090960811797],[-74.8029123066377,39.3085915716453],[-74.8027844443569,39.3083639295522],[-74.8027365719871,39.3083024400892],[-74.8026727745214,39.3082194120797]]}},{"type":"Feature","id":274047,"properties":{"OBJECTID":274047,"PRIMENAME":"Petersburg Road","ELEVTYP_F":0,"ELEVTYP_T":0},"geometry":{"type":"LineString","coordinates":[[-74.7943824179804,39.2027305624321],[-74.7939721476664,39.2028521071327],[-74.7933307353898,39.2030351900541],[-74.7925576376999,39.2032659091716],[-74.7922166791997,39.2033719810978],[-74.7920243151443,39.2034408329447],[-74.7918454625086,39.2035175302022],[-74.7916936780001,39.203594186442],[-74.7915419583136,39.2036866032709],[-74.7914105660426,39.2037789969842],[-74.7912656156857,39.2038871844934],[-74.7911510690057,39.2039742362037],[-74.7909859692211,39.2041087779966],[-74.790460475623,39.2045335098541],[-74.7902379618047,39.2046866184111],[-74.7899783198405,39.2048397631071],[-74.7898467794797,39.2049058781591],[-74.7894512648191,39.205110293543],[-74.7889098944605,39.2053765186839],[-74.7886657685551,39.2054978145099],[-74.7886037643064,39.2055286225157],[-74.7878981111536,39.2058825646729],[-74.7873418124596,39.2061604887648],[-74.7863561335488,39.2066518769815],[-74.7854152384189,39.2071198903696],[-74.7853913567207,39.2071315083401]]}},{"type":"Feature","id":274185,"properties":{"OBJECTID":274185,"PRIMENAME":"Monroe Avenue","ELEVTYP_F":0,"ELEVTYP_T":0},"geometry":{"type":"LineString","coordinates":[[-74.8167506832783,39.2334323586704],[-74.8164402811912,39.2337396527378],[-74.8164335529045,39.2337469550997],[-74.8158742650107,39.2343540618636],[-74.8156568601022,39.2345846610469]]}},{"type":"Feature","id":274246,"properties":{"OBJECTID":274246,"PRIMENAME":"Dennisville Road","ELEVTYP_F":0,"ELEVTYP_T":0},"geometry":{"type":"LineString","coordinates":[[-74.7620015477685,39.1777720949695],[-74.7616028880759,39.1779847988296],[-74.7606437192556,39.1784899426443]]}},{"type":"Feature","id":274272,"properties":{"OBJECTID":274272,"PRIMENAME":"Old Goshen Road","ELEVTYP_F":0,"ELEVTYP_T":0},"geometry":{"type":"LineString","coordinates":[[-74.7581700401048,39.1784341368184],[-74.7581142073885,39.1784954083548],[-74.7580635938483,39.1785463717497],[-74.7579182075481,39.1786412570983],[-74.7573647773488,39.1789733442974],[-74.7563993064939,39.1795520806631],[-74.7551281461416,39.1803042247692]]}},{"type":"Feature","id":274394,"properties":{"OBJECTID":274394,"PRIMENAME":"Unnamed Segment","ELEVTYP_F":0,"ELEVTYP_T":0},"geometry":{"type":"LineString","coordinates":[[-74.7538898592125,39.1665181231187],[-74.75414452828,39.1666306718079],[-74.7541927918284,39.1666508101721]]}},{"type":"Feature","id":274464,"properties":{"OBJECTID":274464,"PRIMENAME":"Unnamed Segment","ELEVTYP_F":0,"ELEVTYP_T":0},"geometry":{"type":"LineString","coordinates":[[-74.750505199695,39.1715552224055],[-74.7505290207507,39.1714754362925],[-74.750806432227,39.1715428482619],[-74.7512224067215,39.1716029253932],[-74.7515480751839,39.1716843017255],[-74.7517801982334,39.1717236687741],[-74.7520484059891,39.1717441937796],[-74.7524099615489,39.1717504467354],[-74.7526057637237,39.1717429869179],[-74.7527262986512,39.1717497611079],[-74.752849946804,39.1717846696692],[-74.7528775444844,39.1717965026359]]}},{"type":"Feature","id":274552,"properties":{"OBJECTID":274552,"PRIMENAME":"Unnamed Segment","ELEVTYP_F":0,"ELEVTYP_T":0},"geometry":{"type":"LineString","coordinates":[[-74.7305680939885,39.197656417068],[-74.7310877285773,39.1974215591351]]}},{"type":"Feature","id":274864,"properties":{"OBJECTID":274864,"PRIMENAME":"Unnamed Segment","ELEVTYP_F":0,"ELEVTYP_T":0},"geometry":{"type":"LineString","coordinates":[[-74.8001286177054,39.3057349502293],[-74.8003756185506,39.3057339492813],[-74.8004476164913,39.3057279496346],[-74.8007416187665,39.3056559477248],[-74.8008166172042,39.3056439478732],[-74.8013066167783,39.3056519492439]]}},{"type":"Feature","id":275010,"properties":{"OBJECTID":275010,"PRIMENAME":"Unnamed Segment","ELEVTYP_F":0,"ELEVTYP_T":0},"geometry":{"type":"LineString","coordinates":[[-74.7716043735391,39.1504065859787],[-74.7719155493689,39.1497167428614]]}},{"type":"Feature","id":275044,"properties":{"OBJECTID":275044,"PRIMENAME":"Unnamed Segment","ELEVTYP_F":0,"ELEVTYP_T":0},"geometry":{"type":"LineString","coordinates":[[-74.7643021813007,39.1466860840621],[-74.7644196190936,39.1467073558945],[-74.7669276677855,39.1471616208208]]}},{"type":"Feature","id":275157,"properties":{"OBJECTID":275157,"PRIMENAME":"Unnamed Segment","ELEVTYP_F":0,"ELEVTYP_T":0},"geometry":{"type":"LineString","coordinates":[[-74.7308041518352,39.1978291493151],[-74.7316096774322,39.1975893713371]]}},{"type":"Feature","id":275290,"properties":{"OBJECTID":275290,"PRIMENAME":"Unnamed Segment","ELEVTYP_F":0,"ELEVTYP_T":0},"geometry":{"type":"LineString","coordinates":[[-74.764490538213,39.1675386751751],[-74.7644693184552,39.1675035465261],[-74.7644721561956,39.167456637074],[-74.7645436127922,39.1672333121739]]}},{"type":"Feature","id":275482,"properties":{"OBJECTID":275482,"PRIMENAME":"North Delsea Drive","ELEVTYP_F":0,"ELEVTYP_T":0},"geometry":{"type":"LineString","coordinates":[[-74.8201725303843,39.1824385430303],[-74.8201366590674,39.1827202460209],[-74.8200588732609,39.1832307607302]]}},{"type":"Feature","id":275810,"properties":{"OBJECTID":275810,"PRIMENAME":"Unnamed Segment","ELEVTYP_F":0,"ELEVTYP_T":0},"geometry":{"type":"LineString","coordinates":[[-74.7546794929239,39.1928067882583],[-74.7544456593216,39.1927243224386],[-74.7535985140513,39.1924255566038]]}},{"type":"Feature","id":275876,"properties":{"OBJECTID":275876,"PRIMENAME":"Unnamed Segment","ELEVTYP_F":0,"ELEVTYP_T":0},"geometry":{"type":"LineString","coordinates":[[-74.7517309778,39.192397668267],[-74.7521001534841,39.1921058844794]]}},{"type":"Feature","id":275958,"properties":{"OBJECTID":275958,"PRIMENAME":"State Highway 83","ELEVTYP_F":0,"ELEVTYP_T":0},"geometry":{"type":"LineString","coordinates":[[-74.819619186234,39.1797707270457],[-74.8192832343523,39.1795378751118],[-74.8185384097446,39.1790393907994],[-74.8174924201856,39.1783743411735]]}},{"type":"Feature","id":276075,"properties":{"OBJECTID":276075,"PRIMENAME":"Unnamed Segment","ELEVTYP_F":0,"ELEVTYP_T":0},"geometry":{"type":"LineString","coordinates":[[-74.7691504467725,39.1486604055736],[-74.7692852468104,39.148688720207],[-74.7693937841523,39.1487183709811],[-74.769497750178,39.1487339601955],[-74.7695971649587,39.1487407658404],[-74.7697149483767,39.1487488288066],[-74.7697584785196,39.1487518080362],[-74.769863927441,39.1487981905235],[-74.7699307965417,39.1488276030575],[-74.7699769884935,39.1488295878186],[-74.770225425033,39.1488202171673],[-74.7703700376367,39.148832194474],[-74.7704784196413,39.1488213887543],[-74.7707041202936,39.1487733769461],[-74.7709366585074,39.1487411765725]]}},{"type":"Feature","id":276484,"properties":{"OBJECTID":276484,"PRIMENAME":"Buck Hill Road","ELEVTYP_F":0,"ELEVTYP_T":0},"geometry":{"type":"LineString","coordinates":[[-74.8384409967179,39.2424727087661],[-74.8384423050565,39.2424142207164],[-74.8384420081826,39.2423524430142],[-74.8384575706387,39.2422844134447],[-74.8385005111778,39.2421236643826],[-74.8385667352668,39.2418484608792],[-74.838621343139,39.2416320492052],[-74.8386837056632,39.2413909035191],[-74.8387427171146,39.2412609410493],[-74.8389119803805,39.2409360147313],[-74.8392625951904,39.2403047137255],[-74.8395617460707,39.2397291903088],[-74.8399198558944,39.239014422815],[-74.840018176598,39.2388071360889],[-74.8401872730275,39.2384575238683],[-74.8402501816467,39.2383090435385],[-74.8402870697246,39.2382635494887]]}},{"type":"Feature","id":276496,"properties":{"OBJECTID":276496,"PRIMENAME":"Unnamed Segment","ELEVTYP_F":0,"ELEVTYP_T":0},"geometry":{"type":"LineString","coordinates":[[-74.7675084109026,39.1480231298414],[-74.7668454481744,39.1479118877773]]}},{"type":"Feature","id":276631,"properties":{"OBJECTID":276631,"PRIMENAME":"Unnamed Segment","ELEVTYP_F":0,"ELEVTYP_T":0},"geometry":{"type":"LineString","coordinates":[[-74.7511102364422,39.1651996787288],[-74.7513184290099,39.1652789991522]]}},{"type":"Feature","id":276651,"properties":{"OBJECTID":276651,"PRIMENAME":"Unnamed Segment","ELEVTYP_F":0,"ELEVTYP_T":0},"geometry":{"type":"LineString","coordinates":[[-74.7709066598587,39.1469215231287],[-74.7708426506599,39.1469038361461],[-74.7703204738591,39.1467995167248],[-74.7699300494383,39.1467193729498]]}},{"type":"Feature","id":276750,"properties":{"OBJECTID":276750,"PRIMENAME":"Unnamed Segment","ELEVTYP_F":0,"ELEVTYP_T":0},"geometry":{"type":"LineString","coordinates":[[-74.7318652680093,39.1815466713644],[-74.7320297689807,39.181392947771],[-74.7321633244711,39.1813053150757],[-74.7322948237381,39.1812496092491],[-74.7324695243752,39.181202217388],[-74.7325675466953,39.181164229917]]}},{"type":"Feature","id":276825,"properties":{"OBJECTID":276825,"PRIMENAME":"Unnamed Segment","ELEVTYP_F":0,"ELEVTYP_T":0},"geometry":{"type":"LineString","coordinates":[[-74.7295586759995,39.1970589245309],[-74.7295665443592,39.1970548192435],[-74.7301174985917,39.1967674438567]]}},{"type":"Feature","id":277313,"properties":{"OBJECTID":277313,"PRIMENAME":"Unnamed Segment","ELEVTYP_F":0,"ELEVTYP_T":0},"geometry":{"type":"LineString","coordinates":[[-74.731292893647,39.196129836852],[-74.7313286275072,39.1961828907718],[-74.7335536119039,39.1972972042499],[-74.7343280250294,39.1977385278253],[-74.7344261269464,39.1977987151395],[-74.7346112140897,39.1979122700743]]}},{"type":"Feature","id":277515,"properties":{"OBJECTID":277515,"PRIMENAME":"Unnamed Segment","ELEVTYP_F":0,"ELEVTYP_T":0},"geometry":{"type":"LineString","coordinates":[[-74.7665481700703,39.1493901923901],[-74.7669436907992,39.1494686638121]]}},{"type":"Feature","id":277516,"properties":{"OBJECTID":277516,"PRIMENAME":"Unnamed Segment","ELEVTYP_F":0,"ELEVTYP_T":0},"geometry":{"type":"LineString","coordinates":[[-74.7521385461335,39.1656759052442],[-74.7517207938371,39.1661314387972]]}},{"type":"Feature","id":277590,"properties":{"OBJECTID":277590,"PRIMENAME":"Unnamed Segment","ELEVTYP_F":0,"ELEVTYP_T":0},"geometry":{"type":"LineString","coordinates":[[-74.7692732865694,39.1473698388803],[-74.7692750993278,39.1473722408375],[-74.7693131743821,39.1474227233563],[-74.7693926339054,39.1475280714029],[-74.7694131438468,39.1475755118091],[-74.7694133635883,39.1476164599128],[-74.7693976477382,39.1476582141691],[-74.7693797592387,39.1477057442295],[-74.7693732563609,39.1477503805972]]}},{"type":"Feature","id":277623,"properties":{"OBJECTID":277623,"PRIMENAME":"Unnamed Segment","ELEVTYP_F":0,"ELEVTYP_T":0},"geometry":{"type":"LineString","coordinates":[[-74.7566010830705,39.1708796884462],[-74.7563744016494,39.170873142829],[-74.7561212184961,39.1708420414456],[-74.7559285745523,39.1708183754046],[-74.7557595080453,39.1707918277705],[-74.7556126141027,39.1707851163388],[-74.7555697475317,39.1708027983054],[-74.7555495264916,39.1708345016752],[-74.7555544021313,39.1709329858234],[-74.755575266199,39.1710789252408],[-74.7556118120396,39.1711878932269],[-74.7557318795588,39.1712738119879],[-74.7558224660395,39.1713298974633],[-74.7558498169819,39.171394913892],[-74.7558321660325,39.1715127956546]]}},{"type":"Feature","id":277956,"properties":{"OBJECTID":277956,"PRIMENAME":"Chestnut Street","ELEVTYP_F":0,"ELEVTYP_T":0},"geometry":{"type":"LineString","coordinates":[[-74.8619188989986,39.2709132581826],[-74.8623227439149,39.2704849632419],[-74.8632212607073,39.2695304477325],[-74.8632331698334,39.2695176982124]]}},{"type":"Feature","id":278100,"properties":{"OBJECTID":278100,"PRIMENAME":"Unnamed Segment","ELEVTYP_F":0,"ELEVTYP_T":0},"geometry":{"type":"LineString","coordinates":[[-74.7986192447008,39.3019662610025],[-74.798509617401,39.3026489482673],[-74.7985136164171,39.3027349470413],[-74.7985906188124,39.3030099489118],[-74.7985986169201,39.3030959473298],[-74.7985886167683,39.3031819477671],[-74.7985626168112,39.303265947985],[-74.7981976176585,39.3039559482519],[-74.7981746164644,39.3040459491346],[-74.7981736155799,39.3041229480417],[-74.7981936169875,39.3042099489648],[-74.7982706167105,39.304424948537],[-74.7982806183478,39.304486947691],[-74.7983076167588,39.3048679479514],[-74.798332615587,39.3049499482168],[-74.7983726171774,39.3050199480934],[-74.7984276168901,39.3050839479122],[-74.798495616962,39.3051389485534],[-74.7985836184047,39.3051879497724],[-74.7986736158505,39.3052209482163],[-74.7987856178709,39.3052429497121],[-74.7989226178567,39.3052609494525],[-74.7990066155411,39.3052899472063],[-74.7990746165961,39.3053319487327],[-74.7991266182928,39.3053849488506],[-74.7991616164862,39.3054459495443],[-74.7992136175027,39.3056079483259],[-74.7992106178484,39.3056629472309],[-74.7991956174795,39.3057359491509]]}},{"type":"Feature","id":278275,"properties":{"OBJECTID":278275,"PRIMENAME":"Unnamed Segment","ELEVTYP_F":0,"ELEVTYP_T":0},"geometry":{"type":"LineString","coordinates":[[-74.8160172629713,39.2062242318212],[-74.8167937952653,39.2062221228546],[-74.8181251765242,39.2061368301282],[-74.8187447622333,39.2060971314679],[-74.8194038901531,39.2060108337387]]}},{"type":"Feature","id":278854,"properties":{"OBJECTID":278854,"PRIMENAME":"Unnamed Segment","ELEVTYP_F":0,"ELEVTYP_T":0},"geometry":{"type":"LineString","coordinates":[[-74.771233423748,39.1470263633047],[-74.7709941499509,39.1469456964872],[-74.7709066598587,39.1469215231287]]}},{"type":"Feature","id":279000,"properties":{"OBJECTID":279000,"PRIMENAME":"Washington Avenue","ELEVTYP_F":0,"ELEVTYP_T":0},"geometry":{"type":"LineString","coordinates":[[-74.8154468517972,39.241867682794],[-74.8151144862736,39.2422155038002],[-74.8145523544297,39.2428084789906],[-74.8140303471097,39.2433585378374]]}},{"type":"Feature","id":279465,"properties":{"OBJECTID":279465,"PRIMENAME":"Unnamed Segment","ELEVTYP_F":0,"ELEVTYP_T":0},"geometry":{"type":"LineString","coordinates":[[-74.7295586759995,39.1970589245309],[-74.729601841829,39.1970900074129],[-74.7296588783896,39.1971310793061],[-74.7297760280307,39.1972154374948],[-74.7299994785364,39.19734632371],[-74.7303398595136,39.1974824653562]]}},{"type":"Feature","id":279627,"properties":{"OBJECTID":279627,"PRIMENAME":"Lakeview Drive","ELEVTYP_F":0,"ELEVTYP_T":0},"geometry":{"type":"LineString","coordinates":[[-74.831636503534,39.1961318536768],[-74.8297302020638,39.196039405908],[-74.8295197818275,39.1960305289677],[-74.8294388652878,39.1960371005502],[-74.8293661079145,39.1960530392856],[-74.8293161807537,39.1960839600474]]}},{"type":"Feature","id":279784,"properties":{"OBJECTID":279784,"PRIMENAME":"State Highway 49","ELEVTYP_F":0,"ELEVTYP_T":0},"geometry":{"type":"LineString","coordinates":[[-74.7593318835819,39.2945562278868],[-74.7591794002637,39.2945246334219],[-74.7591656414078,39.294521782332],[-74.7589789880023,39.2944812320576],[-74.7587801215662,39.2944249758414],[-74.7586015733982,39.2943781192356],[-74.7584311290747,39.294324955757],[-74.758356763674,39.2943012869509]]}},{"type":"Feature","id":279918,"properties":{"OBJECTID":279918,"PRIMENAME":"Pine Swamp Road","ELEVTYP_F":0,"ELEVTYP_T":0},"geometry":{"type":"LineString","coordinates":[[-74.8486468463079,39.2067432906923],[-74.8488087243642,39.2068061777338],[-74.8489555408636,39.2068350898156],[-74.8501341496086,39.2069978630235],[-74.8513924953546,39.207183200941],[-74.8524494025094,39.207326739976],[-74.8532715464639,39.2074416577178],[-74.8538462699048,39.2075377436646],[-74.8539889753327,39.2075764376861],[-74.8541108178115,39.2076282083367],[-74.8542201245679,39.2076996775862],[-74.8543085026253,39.2077711266062],[-74.854388678447,39.2078817559784],[-74.8544394119131,39.2079696298277],[-74.8544776306871,39.2080673445625],[-74.8545033020129,39.2081683917993],[-74.8545208688919,39.2083280851879],[-74.8545436535616,39.2086900133741],[-74.8545800999605,39.2092703232106],[-74.8545893489161,39.2094463784188],[-74.8546193363936,39.209570202555],[-74.8546618689016,39.209697254898],[-74.8547043050887,39.209798223997],[-74.8547762339532,39.2099316943784],[-74.8548607604381,39.2100716618574],[-74.8549579040844,39.2102148581373],[-74.8550888082767,39.2103970501341],[-74.8552071090758,39.2105923505394],[-74.8552748072921,39.2107193538256],[-74.8553932587627,39.2109374436514],[-74.8554863023064,39.2111002008706],[-74.8555665033501,39.2112075890003],[-74.8556676821972,39.2113246600018],[-74.8557729790374,39.2114254367489],[-74.8560044733,39.2116138829764],[-74.8562782103943,39.2118640883205],[-74.8563667606578,39.2119681560155],[-74.8564468952394,39.2120690361332],[-74.8565312984323,39.2121763557689],[-74.8566241979236,39.2123097877894],[-74.8566947751015,39.2124250219706],[-74.8567298617752,39.2124823081573],[-74.8568354093691,39.2126319846559],[-74.8570169130591,39.2128792583334],[-74.8571602907138,39.2130483953999],[-74.8573246155855,39.2132207074162],[-74.8574552819728,39.2133605313871],[-74.8576070626923,39.2135296421025],[-74.8578217991542,39.2137311512478],[-74.857935687499,39.2138612504036],[-74.8579904973836,39.2139230536042],[-74.8580285587035,39.2139881476335],[-74.8580582505024,39.2140663095737],[-74.858067067185,39.2141412683639],[-74.8580507492498,39.2142293745316],[-74.8580217650894,39.2143044765236],[-74.8579677154986,39.214392698631],[-74.857905299842,39.2144874260765],[-74.8578346364207,39.2145985153508],[-74.8577890207037,39.2146932460765],[-74.8577559021153,39.214781375868],[-74.8577396183884,39.2148694818783],[-74.8577317312232,39.2149705763729],[-74.8577448757555,39.2150846755026],[-74.8577790685443,39.21521502039],[-74.8578638417634,39.21539408345],[-74.8580588150163,39.2158174259712],[-74.8583215006953,39.2163677136123],[-74.8585120967851,39.2167551815587],[-74.8587537585938,39.2172859560254],[-74.8590121071626,39.2178003960422],[-74.8591600805047,39.2180510367631],[-74.8592951923598,39.2182364789802],[-74.8594091364541,39.2183893934824],[-74.8595356829079,39.2185422698744],[-74.8596621482311,39.2186723293008],[-74.8597800776976,39.2187828372537],[-74.8599569758114,39.2189387979334],[-74.8600622389172,39.2190363304705],[-74.8602137187083,39.2191499466227],[-74.8604367510974,39.2193123255263],[-74.8607017664966,39.2194908564729],[-74.8609667666433,39.2196661465785],[-74.8611601829696,39.2197796594538],[-74.8611892702816,39.2197972281982],[-74.8613536181124,39.2198964951003],[-74.8614629187073,39.2199548314193],[-74.8615974355945,39.2200293997522],[-74.8617867087751,39.2201396850609],[-74.8621356116446,39.2203342616348],[-74.8624845714343,39.2205255696749],[-74.8627494108545,39.2206682363098],[-74.8630394859205,39.2208303743561],[-74.8632791119304,39.220956809767],[-74.8641031998574,39.221420571007],[-74.8647380176511,39.2217674575437],[-74.8649230472869,39.2218745107188],[-74.8652593858855,39.2220593144064],[-74.865629311223,39.2222538145021],[-74.8659236168375,39.2224191993234],[-74.8661128333286,39.2225229422126],[-74.8662138258663,39.2225976375502],[-74.8662812673166,39.2226691719006],[-74.8663361930095,39.2227505195476],[-74.8663786030748,39.2228417093345],[-74.866404227983,39.222936164252],[-74.8664130859988,39.2230307268541],[-74.8664009791018,39.2231123123214],[-74.8663719986914,39.2231873342814],[-74.866334600644,39.2232591982813],[-74.8662889081771,39.223331115375],[-74.8662222117134,39.22340307056],[-74.8661345980171,39.2234848663291],[-74.8659092190672,39.2236779677654],[-74.8655127924886,39.2240313789984],[-74.8650536729787,39.2244404492767],[-74.8646321195298,39.2248037119962],[-74.8641188631605,39.225258609118],[-74.8639034208044,39.2254510711167],[-74.8636096952969,39.2257134641663],[-74.8632256775391,39.2260472790498],[-74.8623784606437,39.2267999128256],[-74.8619360936239,39.2271991436912],[-74.861193178329,39.2278503745694],[-74.860608815645,39.2283608854618],[-74.8599076287529,39.2289891339004],[-74.8592606556657,39.2295552682509],[-74.8587135367886,39.2300458427815],[-74.8585636281665,39.2301802554066],[-74.8578999664144,39.2307594756508],[-74.857515926144,39.231099806169],[-74.8568438255939,39.2316822856027],[-74.8562344591301,39.2322385399055],[-74.8560758229279,39.2323759820406],[-74.8559673310249,39.2324806509159],[-74.8558518182473,39.2326144188996]]}},{"type":"Feature","id":280018,"properties":{"OBJECTID":280018,"PRIMENAME":"State Highway 49","ELEVTYP_F":0,"ELEVTYP_T":0},"geometry":{"type":"LineString","coordinates":[[-74.8138938788391,39.302028903516],[-74.8137010098535,39.3020144445856],[-74.8131007154182,39.3019719646641],[-74.8125247987249,39.3019357039062],[-74.81215975099,39.3019146348794],[-74.8118028529672,39.3018903864222],[-74.8115230163634,39.3018785051903],[-74.8112351001388,39.3018698571952],[-74.8106714462908,39.3018650749396],[-74.8078332594753,39.3018852162927],[-74.8059884240168,39.3019026549288],[-74.8034380873666,39.3019250905117],[-74.8008958627842,39.3019442910023],[-74.7987185642329,39.3019656305731],[-74.7986192447008,39.3019662610025]]}},{"type":"Feature","id":280249,"properties":{"OBJECTID":280249,"PRIMENAME":"Indian Road","ELEVTYP_F":0,"ELEVTYP_T":0},"geometry":{"type":"LineString","coordinates":[[-74.8244156205791,39.2038979273439],[-74.8244156193101,39.2041979283878]]}},{"type":"Feature","id":280384,"properties":{"OBJECTID":280384,"PRIMENAME":"Unnamed Segment","ELEVTYP_F":0,"ELEVTYP_T":0},"geometry":{"type":"LineString","coordinates":[[-74.8430098125891,39.2034436498458],[-74.8438538055061,39.2024583627321]]}},{"type":"Feature","id":280513,"properties":{"OBJECTID":280513,"PRIMENAME":"Baywyn Drive","ELEVTYP_F":0,"ELEVTYP_T":0},"geometry":{"type":"LineString","coordinates":[[-74.7336861573645,39.1879043180338],[-74.7334675737545,39.1880405336557],[-74.7324336981252,39.1887086374055],[-74.731755446766,39.1891688853814],[-74.7313429101822,39.1895011448111]]}},{"type":"Feature","id":280548,"properties":{"OBJECTID":280548,"PRIMENAME":"School House Lane","ELEVTYP_F":0,"ELEVTYP_T":0},"geometry":{"type":"LineString","coordinates":[[-74.9095942240249,39.210232938933],[-74.9090490756755,39.2100926252561],[-74.9086377731257,39.2099907743135],[-74.9083801858634,39.2099271250998],[-74.9081890958404,39.2098826281669],[-74.9080354417759,39.2098605691608],[-74.9079316762769,39.2098480272851],[-74.9078237494455,39.2098419254934],[-74.9076661334747,39.2098489568077],[-74.907525159808,39.2098591150226],[-74.9074056186732,39.2098769956881],[-74.907259915257,39.2099116897703],[-74.9069622034217,39.2099953766427],[-74.9064272991556,39.2101308512498],[-74.9058141808032,39.2102846628949],[-74.9054081440283,39.2103796780628],[-74.9048281027927,39.2105107991534],[-74.9040812930495,39.2106783560991]]}},{"type":"Feature","id":280703,"properties":{"OBJECTID":280703,"PRIMENAME":"Unnamed Segment","ELEVTYP_F":0,"ELEVTYP_T":0},"geometry":{"type":"LineString","coordinates":[[-74.7340175638669,39.1804321081848],[-74.7337302089058,39.1801072633053],[-74.7334280156705,39.1798411125749],[-74.7332730724637,39.1796831261313],[-74.7330600027441,39.1794658726271],[-74.7329408000867,39.1794316891303],[-74.7327939713896,39.1794495713863],[-74.7326699043166,39.1795172431704],[-74.732632636842,39.1796375035407],[-74.7326894614288,39.1797370576948],[-74.7327649798247,39.1797955359865],[-74.7328744186474,39.179859808184],[-74.7330330501932,39.1799943345087],[-74.7331861272946,39.1801241513481],[-74.7336484360966,39.1806300212195]]}},{"type":"Feature","id":280899,"properties":{"OBJECTID":280899,"PRIMENAME":"Unnamed Segment","ELEVTYP_F":0,"ELEVTYP_T":0},"geometry":{"type":"LineString","coordinates":[[-74.7519136106085,39.1649063255239],[-74.7517393734585,39.1648314631289],[-74.7516766118156,39.1648131306038],[-74.7516020772854,39.1648198874851],[-74.7515394754289,39.1648464045739],[-74.7513535867364,39.1649892732231],[-74.7511102364422,39.1651996787288]]}},{"type":"Feature","id":281364,"properties":{"OBJECTID":281364,"PRIMENAME":"Unnamed Segment","ELEVTYP_F":0,"ELEVTYP_T":0},"geometry":{"type":"LineString","coordinates":[[-74.7634014657378,39.1663208941256],[-74.7632724774492,39.1661992391854],[-74.7622775608352,39.1654479145865]]}},{"type":"Feature","id":281453,"properties":{"OBJECTID":281453,"PRIMENAME":"Unnamed Segment","ELEVTYP_F":0,"ELEVTYP_T":0},"geometry":{"type":"LineString","coordinates":[[-74.7991956174795,39.3057359491509],[-74.7990966181583,39.3062159500241]]}},{"type":"Feature","id":281971,"properties":{"OBJECTID":281971,"PRIMENAME":"Unnamed Segment","ELEVTYP_F":0,"ELEVTYP_T":0},"geometry":{"type":"LineString","coordinates":[[-74.7990966181583,39.3062159500241],[-74.7988236189813,39.3062089472901],[-74.7986136160195,39.3061989492857],[-74.7983616161262,39.3061789477842],[-74.7981106167542,39.3061479487202],[-74.7977326156173,39.3060849482055]]}},{"type":"Feature","id":282024,"properties":{"OBJECTID":282024,"PRIMENAME":"Unnamed Segment","ELEVTYP_F":0,"ELEVTYP_T":0},"geometry":{"type":"LineString","coordinates":[[-74.8438538055061,39.2024583627321],[-74.8441484058561,39.202122675653]]}},{"type":"Feature","id":282063,"properties":{"OBJECTID":282063,"PRIMENAME":"Glenwood Avenue","ELEVTYP_F":0,"ELEVTYP_T":0},"geometry":{"type":"LineString","coordinates":[[-74.7538308464714,39.285091729257],[-74.7538136647193,39.2850831981155],[-74.7537994908089,39.2850717246443],[-74.7537873550878,39.2850571443063],[-74.7537723697042,39.2850363365062],[-74.7537039526293,39.28489467047],[-74.7535231493853,39.2845184910389]]}},{"type":"Feature","id":282090,"properties":{"OBJECTID":282090,"PRIMENAME":"Adams Avenue","ELEVTYP_F":0,"ELEVTYP_T":0},"geometry":{"type":"LineString","coordinates":[[-74.8143598069614,39.2412418510941],[-74.8136306889923,39.2420152276796],[-74.8129371141548,39.2427333420969]]}},{"type":"Feature","id":282104,"properties":{"OBJECTID":282104,"PRIMENAME":"Landing Road","ELEVTYP_F":0,"ELEVTYP_T":0},"geometry":{"type":"LineString","coordinates":[[-74.7505446142884,39.1552582303452],[-74.750414954562,39.1551525774672],[-74.7495577676146,39.154532197966],[-74.7492703715939,39.1543183960085]]}},{"type":"Feature","id":282172,"properties":{"OBJECTID":282172,"PRIMENAME":"State Highway 50","ELEVTYP_F":0,"ELEVTYP_T":0},"geometry":{"type":"LineString","coordinates":[[-74.7454064356379,39.2734783669221],[-74.7454453324745,39.2735313622456],[-74.7460055241769,39.274295102735],[-74.7461857204751,39.27454076955],[-74.746304492073,39.2747038607118]]}},{"type":"Feature","id":282295,"properties":{"OBJECTID":282295,"PRIMENAME":"Dennis Lake Drive","ELEVTYP_F":0,"ELEVTYP_T":0},"geometry":{"type":"LineString","coordinates":[[-74.8252606202332,39.2047679260632],[-74.8257936198547,39.2041739278754],[-74.8259476198741,39.2039869269269]]}},{"type":"Feature","id":282445,"properties":{"OBJECTID":282445,"PRIMENAME":"Unnamed Segment","ELEVTYP_F":0,"ELEVTYP_T":0},"geometry":{"type":"LineString","coordinates":[[-74.7529077888026,39.1938927596287],[-74.7536971561787,39.1940026685192]]}},{"type":"Feature","id":282951,"properties":{"OBJECTID":282951,"PRIMENAME":"Unnamed Segment","ELEVTYP_F":0,"ELEVTYP_T":0},"geometry":{"type":"LineString","coordinates":[[-74.7510431542092,39.1639275081063],[-74.751191223284,39.1637895076078],[-74.7522726513829,39.163528333721],[-74.7526261828866,39.1634780037537],[-74.7529876555324,39.1636699701954],[-74.7523539310205,39.1644974255663],[-74.7510431542092,39.1639275081063]]}},{"type":"Feature","id":283217,"properties":{"OBJECTID":283217,"PRIMENAME":"Unnamed Segment","ELEVTYP_F":0,"ELEVTYP_T":0},"geometry":{"type":"LineString","coordinates":[[-74.8391132960401,39.2356942175077],[-74.8383011576723,39.23523557879]]}},{"type":"Feature","id":283247,"properties":{"OBJECTID":283247,"PRIMENAME":"Aetna Drive","ELEVTYP_F":0,"ELEVTYP_T":0},"geometry":{"type":"LineString","coordinates":[[-74.7770661912338,39.3043402446819],[-74.7776312617847,39.3046453733322],[-74.778111223336,39.3049383739893],[-74.7788591479246,39.3054008538382],[-74.7788866251443,39.3054182503395],[-74.7797075748233,39.3059380452138],[-74.7802880236954,39.3062913653022],[-74.7807940878348,39.3066015894092],[-74.7813968713439,39.3069692378744],[-74.7816796878568,39.3071473532602],[-74.7823457405829,39.3075494665195],[-74.7826918219953,39.3077620217981],[-74.783305769633,39.3081325148819],[-74.7837076507003,39.3083766715461],[-74.7842695380627,39.3087184575546],[-74.7848798035025,39.3090918347575],[-74.7852407670721,39.3093101400101],[-74.7855868309949,39.3095226587147],[-74.7858585120348,39.3096950259433],[-74.786758135202,39.3102628718925],[-74.7867777663885,39.3102752628926],[-74.7868870031779,39.3103422873493]]}},{"type":"Feature","id":283320,"properties":{"OBJECTID":283320,"PRIMENAME":"Meadow View Lane","ELEVTYP_F":0,"ELEVTYP_T":0},"geometry":{"type":"LineString","coordinates":[[-74.752426268813,39.2944462933217],[-74.751243600317,39.2942759474479]]}},{"type":"Feature","id":283729,"properties":{"OBJECTID":283729,"PRIMENAME":"Unnamed Segment","ELEVTYP_F":0,"ELEVTYP_T":0},"geometry":{"type":"LineString","coordinates":[[-74.7729711265589,39.1508562929478],[-74.7731630569469,39.1509300697813],[-74.773413720345,39.1510408195346]]}},{"type":"Feature","id":283905,"properties":{"OBJECTID":283905,"PRIMENAME":"Unnamed Segment","ELEVTYP_F":0,"ELEVTYP_T":0},"geometry":{"type":"LineString","coordinates":[[-74.7298676033118,39.1976495477734],[-74.7296757014384,39.1978252491328],[-74.729523960215,39.1979294196596],[-74.7294727178089,39.1979645981479],[-74.7293284183089,39.1980774468031],[-74.7292405778112,39.1981743565617],[-74.7291621262123,39.1982609053183],[-74.7290444028399,39.1983224853624],[-74.7289824938755,39.1983548676963],[-74.7289060081034,39.1983605869455],[-74.7288334339029,39.1983379879724],[-74.7287724036071,39.1983189840341],[-74.7287459886788,39.1983107590416],[-74.7286824847403,39.1982458075022],[-74.7286767202611,39.1982214855058],[-74.728668734978,39.1981877928948],[-74.7286705239322,39.1981153740911],[-74.7286707337394,39.1981068824238],[-74.7287338474091,39.1980522346928],[-74.7288076692407,39.1979945030649],[-74.7288564745412,39.197956334385],[-74.7289750988167,39.1978635641023],[-74.7292256261977,39.1977469882761],[-74.7292387696651,39.1977408727822],[-74.72937966817,39.1976753093696],[-74.7294670354508,39.1976075658145],[-74.729509715441,39.1975248158649],[-74.7295542832483,39.1974665135021]]}},{"type":"Feature","id":283922,"properties":{"OBJECTID":283922,"PRIMENAME":"Woodbine Road","ELEVTYP_F":0,"ELEVTYP_T":0},"geometry":{"type":"LineString","coordinates":[[-74.8041427882421,39.2620234693329],[-74.803939610231,39.2623951647146],[-74.8033342487208,39.2635064227573],[-74.8027549809377,39.2645707677882],[-74.8025233011538,39.2649959110529],[-74.8019291580072,39.2660896148296],[-74.8015181600921,39.2668577483197],[-74.801510660325,39.2668713593351]]}},{"type":"Feature","id":283965,"properties":{"OBJECTID":283965,"PRIMENAME":"FR TUCKAHOE RD TO RT 50 NB","ELEVTYP_F":0,"ELEVTYP_T":0},"geometry":{"type":"LineString","coordinates":[[-74.7401570926867,39.2668330514014],[-74.7403644804256,39.2669359136463],[-74.740412339133,39.2669596515197],[-74.7405975622706,39.2670714033781],[-74.7407286251763,39.2671692645254],[-74.7408552972032,39.2672951411767],[-74.7410476158606,39.2674875471898]]}},{"type":"Feature","id":284258,"properties":{"OBJECTID":284258,"PRIMENAME":"Unnamed Segment","ELEVTYP_F":0,"ELEVTYP_T":0},"geometry":{"type":"LineString","coordinates":[[-74.7306967030467,39.1991944587702],[-74.7306094260496,39.1991600918076],[-74.7305080585724,39.1991201755996],[-74.7302095663753,39.1990026368134]]}},{"type":"Feature","id":284307,"properties":{"OBJECTID":284307,"PRIMENAME":"State Highway 50","ELEVTYP_F":0,"ELEVTYP_T":0},"geometry":{"type":"LineString","coordinates":[[-74.746304492073,39.2747038607118],[-74.7465936509963,39.2751009369934],[-74.7467938528459,39.2753751660388],[-74.7469034648759,39.2755443988569],[-74.7469829002148,39.2756815713933],[-74.7470510166601,39.2758041322461],[-74.7471078182102,39.2759238065151],[-74.747259216265,39.2762215325954],[-74.7473307580818,39.2763713007025],[-74.7475394795167,39.2768082436094],[-74.74774017873,39.2772110512532],[-74.7480809538822,39.2779103680166],[-74.7483233483163,39.2784077890136],[-74.7486898950937,39.2791631006342],[-74.7490542827384,39.2799139502455],[-74.7491877463321,39.2801882572936],[-74.7496564382905,39.2811515508668],[-74.7502499555647,39.2823647724466],[-74.7502661713319,39.2823979174998],[-74.7505134434357,39.2829032268314]]}},{"type":"Feature","id":284688,"properties":{"OBJECTID":284688,"PRIMENAME":"Unnamed Segment","ELEVTYP_F":0,"ELEVTYP_T":0},"geometry":{"type":"LineString","coordinates":[[-74.8386094352371,39.2341187217651],[-74.8381589066732,39.23385649302]]}},{"type":"Feature","id":284874,"properties":{"OBJECTID":284874,"PRIMENAME":"Village Lane","ELEVTYP_F":0,"ELEVTYP_T":0},"geometry":{"type":"LineString","coordinates":[[-74.7995482291922,39.1672109093024],[-74.7993313971605,39.1683060348043]]}},{"type":"Feature","id":284876,"properties":{"OBJECTID":284876,"PRIMENAME":"Steelmantown Road","ELEVTYP_F":0,"ELEVTYP_T":0},"geometry":{"type":"LineString","coordinates":[[-74.8246126736797,39.2670482002597],[-74.8243413963696,39.2672751874749],[-74.824093885772,39.2674805413499],[-74.8239091439134,39.2676251777319],[-74.8237575065375,39.2677178552071],[-74.8236243425753,39.267787389498],[-74.8234540903951,39.2678570825084],[-74.8232689355034,39.2679123179242],[-74.8230725522165,39.2679532251082],[-74.822913200295,39.2679738481856],[-74.8226759368985,39.2679889207998],[-74.8222681674655,39.268018906878],[-74.8220532221449,39.2680483043738],[-74.8218642292817,39.2680834229257],[-74.8216531117288,39.2681387554543],[-74.8214754255184,39.2682055555519],[-74.8211275918423,39.2683737013523],[-74.8207909713398,39.2685533466332],[-74.8204543001886,39.2687301363752],[-74.8200138015631,39.2689042729335],[-74.8197295255916,39.2690028676429],[-74.8196954058472,39.2690147008172],[-74.8194436162141,39.2690989708642],[-74.8193213528195,39.2691281360643],[-74.8192027955984,39.2691486421945],[-74.8188469851838,39.269195745303],[-74.8185466911638,39.2692166932764],[-74.8182575586748,39.2692377189711],[-74.8179091650601,39.2692847710193],[-74.8176200881802,39.2693259220237],[-74.8174534014252,39.2693580899476],[-74.817175505496,39.2694193895602],[-74.8168570249288,39.2695124853245],[-74.8165421782854,39.2695969206564],[-74.8163643409021,39.2696319999583],[-74.8162272142676,39.2696554091087],[-74.8160974899751,39.2696673206446],[-74.815963942415,39.2696619439442],[-74.8158155555984,39.2696479045043],[-74.8155817478336,39.2696082041],[-74.8152847850817,39.2695455825863],[-74.8150472036737,39.2694914484606],[-74.8148505374154,39.2694631504822],[-74.8147244054963,39.2694490765018],[-74.8146057717666,39.2694609293771],[-74.814268537081,39.269507967413],[-74.8138941511518,39.2695493393655],[-74.8137162225597,39.2695642337773],[-74.8133194904968,39.2695768333032],[-74.8128151734961,39.2695839282481],[-74.8123442104553,39.2695851924206],[-74.8119028047446,39.2695604562005],[-74.8116653535458,39.269535144701],[-74.8114983886053,39.2695211765032],[-74.8113537625353,39.2695186797514],[-74.8112313431337,39.2695132417448],[-74.8111201615052,39.2695250702519],[-74.8110052493671,39.2695397921444],[-74.8106865817538,39.2695925093526],[-74.8103827139949,39.2696452132674],[-74.8103306366155,39.2696523964818]]}},{"type":"Feature","id":285610,"properties":{"OBJECTID":285610,"PRIMENAME":"Academy Lane","ELEVTYP_F":0,"ELEVTYP_T":0},"geometry":{"type":"LineString","coordinates":[[-74.7448643561834,39.1681727218711],[-74.7437475549742,39.1676733577505],[-74.7435591587818,39.1675797645346]]}},{"type":"Feature","id":285694,"properties":{"OBJECTID":285694,"PRIMENAME":"Mount Pleasant Tuckahoe Road","ELEVTYP_F":0,"ELEVTYP_T":0},"geometry":{"type":"LineString","coordinates":[[-74.7577075161182,39.2680029658595],[-74.7576416857718,39.2684105713924],[-74.7574756534305,39.2694202619513],[-74.7573966635457,39.269872270831],[-74.757214007052,39.2709743632705],[-74.7570146790295,39.272165535525],[-74.7568153577073,39.2733698862035],[-74.7565994322103,39.2746633163581],[-74.7564392621931,39.275646387522],[-74.7563752507113,39.2760392449785],[-74.75615925029,39.2773063149903],[-74.7559432783898,39.2786129501117],[-74.755735597057,39.2798502653293],[-74.7555696670798,39.2809028381695],[-74.7553576381344,39.282123714611],[-74.7552248589456,39.282958480287],[-74.7551274856887,39.2835349742573],[-74.7550957598756,39.283722798932],[-74.7550877552147,39.2837701914808],[-74.7550761514921,39.2838441309638]]}},{"type":"Feature","id":286469,"properties":{"OBJECTID":286469,"PRIMENAME":"Dennisville Road","ELEVTYP_F":0,"ELEVTYP_T":0},"geometry":{"type":"LineString","coordinates":[[-74.8008592980152,39.1717721553999],[-74.7994318867843,39.1715828908108],[-74.7987652284989,39.1714976721005],[-74.798638085115,39.1714859988635],[-74.798526347459,39.1714802991061],[-74.7984146444246,39.1714745721277],[-74.7983894715386,39.1714752527604],[-74.7982914090772,39.171477908151],[-74.7981220195349,39.171502311983],[-74.7981212435772,39.1715024508953]]}},{"type":"Feature","id":286501,"properties":{"OBJECTID":286501,"PRIMENAME":"Bay Drive","ELEVTYP_F":0,"ELEVTYP_T":0},"geometry":{"type":"LineString","coordinates":[[-74.8077176179498,39.23313193352],[-74.8076666140663,39.2330979332217],[-74.8073016154963,39.2329289332463],[-74.8069616153099,39.232820934197],[-74.806617614959,39.2327639332837],[-74.8062786151062,39.2327449339995],[-74.8058896150898,39.2327579344978],[-74.8056856141706,39.2327739336405]]}},{"type":"Feature","id":286766,"properties":{"OBJECTID":286766,"PRIMENAME":"Weatherby Road","ELEVTYP_F":0,"ELEVTYP_T":0},"geometry":{"type":"LineString","coordinates":[[-74.8212765230404,39.3025411119739],[-74.8211036319999,39.3025221015973],[-74.8210458485459,39.3025157471539],[-74.8206765806409,39.3024926301897],[-74.8200430189671,39.302449069711],[-74.8191140282555,39.302385200795],[-74.8189057062377,39.3023712027169],[-74.8182938916073,39.3023300882227],[-74.8171588994951,39.3022486738211],[-74.8163193415309,39.3021965927494],[-74.8152738171696,39.3021269976911],[-74.8143338022387,39.302069464015]]}},{"type":"Feature","id":286806,"properties":{"OBJECTID":286806,"PRIMENAME":"Ludlam Lane","ELEVTYP_F":0,"ELEVTYP_T":0},"geometry":{"type":"LineString","coordinates":[[-74.8255316192064,39.203729927197],[-74.8259476198741,39.2039869269269]]}},{"type":"Feature","id":287004,"properties":{"OBJECTID":287004,"PRIMENAME":"Tattlers Road","ELEVTYP_F":0,"ELEVTYP_T":0},"geometry":{"type":"LineString","coordinates":[[-74.7666635324161,39.1694378438178],[-74.7668566194503,39.1695589040433],[-74.7670290194297,39.1696669915502],[-74.7677436351531,39.1700973969758],[-74.7682185213353,39.1703843349767],[-74.7688065732254,39.1707553319886],[-74.7694262675273,39.1711437714243],[-74.7697022436371,39.1713258074492],[-74.7697972843454,39.1714028531317],[-74.7698833498681,39.1714939779832],[-74.7699514513256,39.1715921736162],[-74.7700242142182,39.1717465634214],[-74.7701427808313,39.1720624075871],[-74.7703433899423,39.172606398205],[-74.7708589164284,39.1739169579438]]}},{"type":"Feature","id":287175,"properties":{"OBJECTID":287175,"PRIMENAME":"Unnamed Segment","ELEVTYP_F":0,"ELEVTYP_T":0},"geometry":{"type":"LineString","coordinates":[[-74.7487658471474,39.1725085785856],[-74.7487679748178,39.1721638426018],[-74.7487674283002,39.1721427443612]]}},{"type":"Feature","id":287305,"properties":{"OBJECTID":287305,"PRIMENAME":"Unnamed Segment","ELEVTYP_F":0,"ELEVTYP_T":0},"geometry":{"type":"LineString","coordinates":[[-74.752750759618,39.1660285156087],[-74.752841760729,39.1660765787983]]}},{"type":"Feature","id":287306,"properties":{"OBJECTID":287306,"PRIMENAME":"Unnamed Segment","ELEVTYP_F":0,"ELEVTYP_T":0},"geometry":{"type":"LineString","coordinates":[[-74.7366111256671,39.1984305622053],[-74.7367852507599,39.1980950768642],[-74.7369081722133,39.1979025269998],[-74.7370673873378,39.197747425568],[-74.7375722083502,39.1971384563777]]}},{"type":"Feature","id":287351,"properties":{"OBJECTID":287351,"PRIMENAME":"Unnamed Segment","ELEVTYP_F":0,"ELEVTYP_T":0},"geometry":{"type":"LineString","coordinates":[[-74.7336147580357,39.1835975715718],[-74.7339471321559,39.1837518718515],[-74.7340472098057,39.183836153934]]}},{"type":"Feature","id":287527,"properties":{"OBJECTID":287527,"PRIMENAME":"Lincoln Avenue","ELEVTYP_F":0,"ELEVTYP_T":0},"geometry":{"type":"LineString","coordinates":[[-74.7550761514921,39.2838441309638],[-74.7550071677149,39.2837901644142],[-74.754951884654,39.2837539869411],[-74.7548922562863,39.2836980504637],[-74.754448474811,39.2830360438067]]}},{"type":"Feature","id":287823,"properties":{"OBJECTID":287823,"PRIMENAME":"Aetna Drive","ELEVTYP_F":0,"ELEVTYP_T":0},"geometry":{"type":"LineString","coordinates":[[-74.7760051008099,39.3037612827266],[-74.7763330902487,39.3039390564053],[-74.7767645849819,39.3041773738284],[-74.7770661912338,39.3043402446819]]}},{"type":"Feature","id":287880,"properties":{"OBJECTID":287880,"PRIMENAME":"Adams Avenue","ELEVTYP_F":0,"ELEVTYP_T":0},"geometry":{"type":"LineString","coordinates":[[-74.8217655159039,39.233406641598],[-74.8210272918398,39.2341837694315],[-74.8207890998421,39.2344357796458],[-74.8200913940508,39.2351739480173],[-74.8199718499359,39.2353004218733],[-74.8189432834089,39.2363868970986],[-74.8188970749075,39.2364356781369]]}},{"type":"Feature","id":287916,"properties":{"OBJECTID":287916,"PRIMENAME":"Magnolia Drive","ELEVTYP_F":0,"ELEVTYP_T":0},"geometry":{"type":"LineString","coordinates":[[-74.8260466193942,39.2031879271794],[-74.8263176211272,39.2028039269647]]}},{"type":"Feature","id":288083,"properties":{"OBJECTID":288083,"PRIMENAME":"Unnamed Segment","ELEVTYP_F":0,"ELEVTYP_T":0},"geometry":{"type":"LineString","coordinates":[[-74.7300780476345,39.1992582188627],[-74.7298489855655,39.1991800615781],[-74.7294019734316,39.1990275361006],[-74.729354213583,39.1990309487985],[-74.7292186224725,39.1991651281014]]}},{"type":"Feature","id":288393,"properties":{"OBJECTID":288393,"PRIMENAME":"Ocean View Drive","ELEVTYP_F":0,"ELEVTYP_T":0},"geometry":{"type":"LineString","coordinates":[[-74.729652068714,39.1793668709036],[-74.7295146448805,39.1792972899184],[-74.7294397760175,39.1792514181394],[-74.7293055649207,39.1791281785709],[-74.728668564792,39.1785893951803]]}},{"type":"Feature","id":288462,"properties":{"OBJECTID":288462,"PRIMENAME":"Unnamed Segment","ELEVTYP_F":0,"ELEVTYP_T":0},"geometry":{"type":"LineString","coordinates":[[-74.7720488782454,39.1505500052796],[-74.7723497653375,39.1498494019825]]}},{"type":"Feature","id":288538,"properties":{"OBJECTID":288538,"PRIMENAME":"Marine Drive","ELEVTYP_F":0,"ELEVTYP_T":0},"geometry":{"type":"LineString","coordinates":[[-74.8068896147867,39.2351849345152],[-74.8070546156949,39.2349989348131],[-74.8072246171935,39.2347499349909],[-74.8072576150331,39.2346119332079],[-74.8072616160166,39.2344879346862],[-74.8071876154454,39.2341809344852],[-74.8071116154581,39.2340629329256],[-74.8070276158673,39.2339889343612],[-74.8068756169413,39.2339039338444],[-74.8067116141472,39.233845933686],[-74.8065486151929,39.2338109341644],[-74.8063816136678,39.2337989340399],[-74.806180614499,39.2338029343499],[-74.8059866147048,39.2338359324552],[-74.8058086156563,39.2339009351394],[-74.8056606149032,39.2339839339225],[-74.8055476155148,39.2340879326624],[-74.8053416168124,39.2342989347879]]}},{"type":"Feature","id":288784,"properties":{"OBJECTID":288784,"PRIMENAME":"Turtle Lane","ELEVTYP_F":0,"ELEVTYP_T":0},"geometry":{"type":"LineString","coordinates":[[-74.8265796180522,39.2023799265094],[-74.8253226180942,39.2019359274114]]}},{"type":"Feature","id":289792,"properties":{"OBJECTID":289792,"PRIMENAME":"Unnamed Segment","ELEVTYP_F":0,"ELEVTYP_T":0},"geometry":{"type":"LineString","coordinates":[[-74.7304920255249,39.1980414954931],[-74.7304502004608,39.1982651875878],[-74.7303875513911,39.1983344801741],[-74.7303848843422,39.1983374302721],[-74.7303669371424,39.1983459426011],[-74.7302429434353,39.1984047499749],[-74.7302359268374,39.1984080780066],[-74.7300509105286,39.1985122149682],[-74.729924418885,39.1985834115902],[-74.7298298189563,39.198644563935],[-74.7296967574536,39.1987380445695],[-74.7296358064837,39.198762788996],[-74.7295905763503,39.198755842627],[-74.7295610808104,39.198722482535],[-74.7295324614571,39.1986901125266],[-74.7295141654921,39.1986694194952],[-74.72948613206,39.1986135816136],[-74.72948813562,39.1985344313543],[-74.7295150094596,39.1984569896294],[-74.7295540997293,39.1983767195342],[-74.7295621627276,39.1983601607443],[-74.7296207836275,39.1983143144221],[-74.7297877805616,39.1982295608783],[-74.7298828165484,39.1981666663927],[-74.7299637110838,39.198113130574],[-74.730219962184,39.1979435461907],[-74.7302210319261,39.1979428369227]]}},{"type":"Feature","id":290004,"properties":{"OBJECTID":290004,"PRIMENAME":"Dehirsch Avenue","ELEVTYP_F":0,"ELEVTYP_T":0},"geometry":{"type":"LineString","coordinates":[[-74.8121989613599,39.2400019024758],[-74.8118993139882,39.2398301908471],[-74.8112489086949,39.2394579087701],[-74.8111100745245,39.2393776647889]]}},{"type":"Feature","id":290414,"properties":{"OBJECTID":290414,"PRIMENAME":"Unnamed Segment","ELEVTYP_F":0,"ELEVTYP_T":0},"geometry":{"type":"LineString","coordinates":[[-74.7600545240573,39.1728874394445],[-74.760114734941,39.1728755806672],[-74.760150828743,39.1728590832431],[-74.760165628906,39.1727838132069],[-74.760153194295,39.1726831940667],[-74.7601383787618,39.1725633149406]]}},{"type":"Feature","id":290689,"properties":{"OBJECTID":290689,"PRIMENAME":"Farm Road","ELEVTYP_F":0,"ELEVTYP_T":0},"geometry":{"type":"LineString","coordinates":[[-74.7419479153327,39.2703534378615],[-74.7408738582615,39.2712519471979]]}},{"type":"Feature","id":290947,"properties":{"OBJECTID":290947,"PRIMENAME":"Unnamed Segment","ELEVTYP_F":0,"ELEVTYP_T":0},"geometry":{"type":"LineString","coordinates":[[-74.75691137215,39.1718437959495],[-74.7568142995359,39.1718465016373],[-74.7565332805997,39.1718940226996],[-74.756224564366,39.1719462261827],[-74.7558908331132,39.1719704785591],[-74.7556136828589,39.1719773404381],[-74.7555712748623,39.1719879462223]]}},{"type":"Feature","id":291469,"properties":{"OBJECTID":291469,"PRIMENAME":"Unnamed Segment","ELEVTYP_F":0,"ELEVTYP_T":0},"geometry":{"type":"LineString","coordinates":[[-74.7600545240573,39.1728874394445],[-74.7595452916805,39.1728698139356],[-74.7592440574593,39.172882210675],[-74.7590994007042,39.1728708062099],[-74.7589516529573,39.1728383027267],[-74.7587104052653,39.172777865431],[-74.7585024050855,39.1727454960303],[-74.7582010047746,39.1727133323456],[-74.7577971985393,39.1726884300132],[-74.7573420381504,39.1726261171409],[-74.756850732947,39.1725662279431]]}},{"type":"Feature","id":291495,"properties":{"OBJECTID":291495,"PRIMENAME":"Unnamed Segment","ELEVTYP_F":0,"ELEVTYP_T":0},"geometry":{"type":"LineString","coordinates":[[-74.8444998001021,39.1992167657134],[-74.8440929487441,39.1992461171935],[-74.8437342357912,39.199230002612],[-74.8436014404074,39.199153119207],[-74.8435293947855,39.1990805697065]]}},{"type":"Feature","id":291782,"properties":{"OBJECTID":291782,"PRIMENAME":"Lincoln Avenue","ELEVTYP_F":0,"ELEVTYP_T":0},"geometry":{"type":"LineString","coordinates":[[-74.8193803121322,39.2412538931878],[-74.8202222552705,39.2403670195887],[-74.8207744562657,39.2397870593548]]}},{"type":"Feature","id":291814,"properties":{"OBJECTID":291814,"PRIMENAME":"Unnamed Segment","ELEVTYP_F":0,"ELEVTYP_T":0},"geometry":{"type":"LineString","coordinates":[[-74.7568437181456,39.1722664529666],[-74.756850732947,39.1725662279431]]}},{"type":"Feature","id":292039,"properties":{"OBJECTID":292039,"PRIMENAME":"Unnamed Segment","ELEVTYP_F":0,"ELEVTYP_T":0},"geometry":{"type":"LineString","coordinates":[[-74.7375722083502,39.1971384563777],[-74.7377060609291,39.1971930297068],[-74.7382953615534,39.1975151187937]]}},{"type":"Feature","id":292158,"properties":{"OBJECTID":292158,"PRIMENAME":"Unnamed Segment","ELEVTYP_F":0,"ELEVTYP_T":0},"geometry":{"type":"LineString","coordinates":[[-74.7361775838461,39.1983767729878],[-74.7361055027808,39.1985115405019],[-74.7360830954845,39.1999210014734]]}},{"type":"Feature","id":292211,"properties":{"OBJECTID":292211,"PRIMENAME":"Unnamed Segment","ELEVTYP_F":0,"ELEVTYP_T":0},"geometry":{"type":"LineString","coordinates":[[-74.7538044070084,39.1670912232374],[-74.7537212797275,39.167053717702],[-74.7534921001844,39.1669908974584],[-74.7534581746448,39.1669769073693]]}},{"type":"Feature","id":292228,"properties":{"OBJECTID":292228,"PRIMENAME":"Unnamed Segment","ELEVTYP_F":0,"ELEVTYP_T":0},"geometry":{"type":"LineString","coordinates":[[-74.8120695180004,39.1966151367343],[-74.8104897186437,39.1941614844575]]}},{"type":"Feature","id":292473,"properties":{"OBJECTID":292473,"PRIMENAME":"Unnamed Segment","ELEVTYP_F":0,"ELEVTYP_T":0},"geometry":{"type":"LineString","coordinates":[[-74.7739134880218,39.1516808477216],[-74.7742780326437,39.1518965468945]]}},{"type":"Feature","id":292483,"properties":{"OBJECTID":292483,"PRIMENAME":"Unnamed Segment","ELEVTYP_F":0,"ELEVTYP_T":0},"geometry":{"type":"LineString","coordinates":[[-74.7734998341451,39.1558923353995],[-74.7732194282124,39.1561433624636]]}},{"type":"Feature","id":292484,"properties":{"OBJECTID":292484,"PRIMENAME":"Washington Street","ELEVTYP_F":0,"ELEVTYP_T":0},"geometry":{"type":"LineString","coordinates":[[-74.864124529301,39.2721470012235],[-74.8639293990527,39.2723457960536],[-74.8637927764733,39.2724915116536],[-74.8637138351485,39.2725757083318]]}},{"type":"Feature","id":292547,"properties":{"OBJECTID":292547,"PRIMENAME":"Unnamed Segment","ELEVTYP_F":0,"ELEVTYP_T":0},"geometry":{"type":"LineString","coordinates":[[-74.7535985140513,39.1924255566038],[-74.7533055593757,39.1923222367304],[-74.7530900572253,39.1922179839947],[-74.7523269571206,39.191926623017]]}},{"type":"Feature","id":293189,"properties":{"OBJECTID":293189,"PRIMENAME":"Unnamed Segment","ELEVTYP_F":0,"ELEVTYP_T":0},"geometry":{"type":"LineString","coordinates":[[-74.77012838185,39.1476978723282],[-74.7702198518663,39.1476580701501],[-74.7703388969379,39.1476062678049],[-74.7704295436911,39.147559087685],[-74.7705129009657,39.147502611523],[-74.7706154995061,39.147433100505],[-74.7706686172484,39.1473971110914],[-74.7707110939199,39.1473508902989],[-74.7707357652163,39.147305101817],[-74.7707587042066,39.1472625306525],[-74.7707692572765,39.1472030101145],[-74.7707915882197,39.1471361230622],[-74.7708140618129,39.1471061692407],[-74.7708400448392,39.147071540004],[-74.7708725782535,39.1470281790035],[-74.7708948589236,39.1469705499863],[-74.7709066598587,39.1469215231287]]}},{"type":"Feature","id":293205,"properties":{"OBJECTID":293205,"PRIMENAME":"Unnamed Segment","ELEVTYP_F":0,"ELEVTYP_T":0},"geometry":{"type":"LineString","coordinates":[[-74.7346112140897,39.1979122700743],[-74.7347857801108,39.1977168690874],[-74.7348787182774,39.1975689378844],[-74.734929656646,39.1974878601708],[-74.7350287770402,39.1973786819413],[-74.7351515539047,39.1972434479203],[-74.7352903647871,39.1970905520772],[-74.7354400379346,39.1968877216351],[-74.7356561703758,39.1966293219992],[-74.7358048578813,39.1964515569599],[-74.7358058241706,39.1964504001356]]}},{"type":"Feature","id":293218,"properties":{"OBJECTID":293218,"PRIMENAME":"Unnamed Segment","ELEVTYP_F":0,"ELEVTYP_T":0},"geometry":{"type":"LineString","coordinates":[[-74.7392261683277,39.1861829068328],[-74.7395813728369,39.1862891682981],[-74.7407225542848,39.18666615248],[-74.7414181129348,39.1869215855965],[-74.7420945108049,39.1871830268923],[-74.7421061262122,39.1872128717405],[-74.7420909661315,39.1872686577127],[-74.7416695510043,39.1874945448668]]}},{"type":"Feature","id":293741,"properties":{"OBJECTID":293741,"PRIMENAME":"Tuckahoe Road","ELEVTYP_F":0,"ELEVTYP_T":0},"geometry":{"type":"LineString","coordinates":[[-74.7333862215304,39.2649120747877],[-74.7324839680764,39.2646570215274]]}},{"type":"Feature","id":293780,"properties":{"OBJECTID":293780,"PRIMENAME":"Unnamed Segment","ELEVTYP_F":0,"ELEVTYP_T":0},"geometry":{"type":"LineString","coordinates":[[-74.7300259405516,39.1895132488132],[-74.7302632005125,39.1896959937318],[-74.7305083401522,39.1898343979044],[-74.7309699418249,39.1901448671753],[-74.7310523274726,39.1902036562489]]}},{"type":"Feature","id":293835,"properties":{"OBJECTID":293835,"PRIMENAME":"Unnamed Segment","ELEVTYP_F":0,"ELEVTYP_T":0},"geometry":{"type":"LineString","coordinates":[[-74.737516660153,39.2013946933818],[-74.7375029260537,39.1999955045315],[-74.7374501735495,39.1999417899886]]}},{"type":"Feature","id":294167,"properties":{"OBJECTID":294167,"PRIMENAME":"Stipson Island Road","ELEVTYP_F":0,"ELEVTYP_T":0},"geometry":{"type":"LineString","coordinates":[[-74.9095942240249,39.210232938933],[-74.9097451082555,39.2098753803572],[-74.9099326142869,39.2094185727587],[-74.9101240711163,39.2089679558252],[-74.9103819647226,39.2083568093023],[-74.9105696051506,39.2079185058233],[-74.9106827931715,39.2076284048845],[-74.910756957271,39.2074370677489],[-74.9108192275044,39.2072457734037],[-74.9108535612069,39.2070206667468],[-74.9108789845471,39.2066291732855],[-74.9108914896528,39.2060559029534],[-74.9109004736102,39.2055565598028],[-74.9109084340646,39.2048815756665],[-74.9109163394101,39.204191188368],[-74.910931451027,39.2033929228807],[-74.9109570171222,39.2023418755877],[-74.9109523103203,39.2022124583077],[-74.9109217365183,39.2017256101334],[-74.9108638026618,39.2013035758027],[-74.9108185158669,39.2010047798641],[-74.9107029387305,39.2002038992912],[-74.9105753463721,39.199381452624],[-74.9104925037315,39.1987591764262],[-74.9103851784942,39.1980106548213],[-74.9102572176512,39.1971234913314],[-74.9101581246337,39.196430404439],[-74.9100550275741,39.1957280790387],[-74.9099721929359,39.1951058020374],[-74.9098568324913,39.1943326240682],[-74.9097660981899,39.193716552452],[-74.9096667465739,39.1929834047767],[-74.909580306885,39.1924135565236],[-74.9094440526107,39.1914555249935],[-74.9093737274812,39.1909380085454],[-74.9093651987026,39.1908363364616],[-74.9093646801766,39.1907469641086],[-74.9093720645046,39.1906513860867],[-74.9093913931286,39.1905711982367],[-74.9094305161413,39.1904909120003],[-74.9094775777379,39.1904105987516],[-74.9095680877579,39.1903086055957],[-74.9097138308996,39.1901724811384],[-74.9098911498649,39.1900177396399],[-74.9103914008993,39.1895567808008],[-74.910832657327,39.1891514649898],[-74.9111556553378,39.1888513973241],[-74.9114709265128,39.1885821626782],[-74.9115813509012,39.1885016238793],[-74.9116642058509,39.1884551212147],[-74.9117748265366,39.1884023415647],[-74.911913162723,39.1883586892482],[-74.9121226942952,39.1882963062094],[-74.9124627486726,39.1882057296211],[-74.9127355396676,39.1881307927459],[-74.912850291116,39.1881088049826],[-74.9129650439201,39.1880929950048],[-74.9132500476859,39.188067327865]]}},{"type":"Feature","id":294312,"properties":{"OBJECTID":294312,"PRIMENAME":"Jacqueline Court","ELEVTYP_F":0,"ELEVTYP_T":0},"geometry":{"type":"LineString","coordinates":[[-74.7547979942902,39.1614520451748],[-74.7539326113965,39.161605252391]]}},{"type":"Feature","id":294423,"properties":{"OBJECTID":294423,"PRIMENAME":"Commodore Boulevard","ELEVTYP_F":0,"ELEVTYP_T":0},"geometry":{"type":"LineString","coordinates":[[-74.8071686147943,39.2284929327704],[-74.8071326147211,39.228530932717],[-74.8067506149982,39.2289469316092],[-74.8058415609909,39.2299603034421],[-74.8057746135034,39.2300349316783]]}},{"type":"Feature","id":294481,"properties":{"OBJECTID":294481,"PRIMENAME":"Unnamed Segment","ELEVTYP_F":0,"ELEVTYP_T":0},"geometry":{"type":"LineString","coordinates":[[-74.7523843284559,39.1658222980943],[-74.7525642013548,39.1659299837423],[-74.752750759618,39.1660285156087]]}},{"type":"Feature","id":294848,"properties":{"OBJECTID":294848,"PRIMENAME":"Unnamed Segment","ELEVTYP_F":0,"ELEVTYP_T":0},"geometry":{"type":"LineString","coordinates":[[-74.7538246118748,39.1920489480782],[-74.7526666148017,39.1916398469168]]}},{"type":"Feature","id":295064,"properties":{"OBJECTID":295064,"PRIMENAME":"Unnamed Segment","ELEVTYP_F":0,"ELEVTYP_T":0},"geometry":{"type":"LineString","coordinates":[[-74.7527993375798,39.1653210974046],[-74.7524613322542,39.1651703875393]]}},{"type":"Feature","id":295239,"properties":{"OBJECTID":295239,"PRIMENAME":"Unnamed Segment","ELEVTYP_F":0,"ELEVTYP_T":0},"geometry":{"type":"LineString","coordinates":[[-74.7739420837594,39.1529505935263],[-74.7738426808572,39.152922815519],[-74.7734984243695,39.1528197291429]]}},{"type":"Feature","id":295244,"properties":{"OBJECTID":295244,"PRIMENAME":"Unnamed Segment","ELEVTYP_F":0,"ELEVTYP_T":0},"geometry":{"type":"LineString","coordinates":[[-74.7292816380416,39.1972034223443],[-74.7294963740006,39.1974106326761],[-74.7295542832483,39.1974665135021]]}},{"type":"Feature","id":295330,"properties":{"OBJECTID":295330,"PRIMENAME":"Unnamed Segment","ELEVTYP_F":0,"ELEVTYP_T":0},"geometry":{"type":"LineString","coordinates":[[-74.7393876673332,39.1882458384572],[-74.7383919289709,39.1875271841787],[-74.7380703588917,39.1872950911393],[-74.7377994806431,39.1870995838637],[-74.7375197693458,39.1868758320599],[-74.737386181282,39.1867168042379]]}},{"type":"Feature","id":295410,"properties":{"OBJECTID":295410,"PRIMENAME":"Dehirsch Avenue","ELEVTYP_F":0,"ELEVTYP_T":0},"geometry":{"type":"LineString","coordinates":[[-74.806079858682,39.2364903276649],[-74.8055037659608,39.2361590036892],[-74.8048085826528,39.2357606905052],[-74.8037022216435,39.2351228108661],[-74.8027304470688,39.2345628239175],[-74.8017586520323,39.2339941800025],[-74.8010634379756,39.2335871126271],[-74.8002150158489,39.2330906235986],[-74.7995460322828,39.2327037985245],[-74.79857058162,39.2321437860042],[-74.7979950639868,39.231814729194],[-74.7964702012952,39.2309197793638],[-74.7963928108903,39.2308769500971]]}},{"type":"Feature","id":295606,"properties":{"OBJECTID":295606,"PRIMENAME":"Unnamed Segment","ELEVTYP_F":0,"ELEVTYP_T":0},"geometry":{"type":"LineString","coordinates":[[-74.7693101559704,39.1465921254572],[-74.7692105453406,39.1465716758791],[-74.7690394632007,39.1465365561712]]}},{"type":"Feature","id":295634,"properties":{"OBJECTID":295634,"PRIMENAME":"Unnamed Segment","ELEVTYP_F":0,"ELEVTYP_T":0},"geometry":{"type":"LineString","coordinates":[[-74.7295542832483,39.1974665135021],[-74.7298105018998,39.1976210742702],[-74.7298676033118,39.1976495477734]]}},{"type":"Feature","id":295775,"properties":{"OBJECTID":295775,"PRIMENAME":"Unnamed Segment","ELEVTYP_F":0,"ELEVTYP_T":0},"geometry":{"type":"LineString","coordinates":[[-74.7405380837651,39.1880962538973],[-74.7401549112554,39.1882842224386]]}},{"type":"Feature","id":295807,"properties":{"OBJECTID":295807,"PRIMENAME":"Faintail Road","ELEVTYP_F":0,"ELEVTYP_T":0},"geometry":{"type":"LineString","coordinates":[[-74.8044726136643,39.2338009327663],[-74.8038240743977,39.2345225813167],[-74.8037135556244,39.2346455567229]]}},{"type":"Feature","id":296950,"properties":{"OBJECTID":296950,"PRIMENAME":"Unnamed Segment","ELEVTYP_F":0,"ELEVTYP_T":0},"geometry":{"type":"LineString","coordinates":[[-74.7365533493564,39.1999434972169],[-74.7365908107391,39.1985316625341],[-74.7366111256671,39.1984305622053]]}},{"type":"Feature","id":297164,"properties":{"OBJECTID":297164,"PRIMENAME":"Unnamed Segment","ELEVTYP_F":0,"ELEVTYP_T":0},"geometry":{"type":"LineString","coordinates":[[-74.7531728757937,39.1662012502658],[-74.7535408766995,39.1663638892362]]}},{"type":"Feature","id":297903,"properties":{"OBJECTID":297903,"PRIMENAME":"Unnamed Segment","ELEVTYP_F":0,"ELEVTYP_T":0},"geometry":{"type":"LineString","coordinates":[[-74.7368138959237,39.1968292774853],[-74.7371923632653,39.1969835878937]]}},{"type":"Feature","id":297933,"properties":{"OBJECTID":297933,"PRIMENAME":"Mount Pleasant Tuckahoe Road","ELEVTYP_F":0,"ELEVTYP_T":0},"geometry":{"type":"LineString","coordinates":[[-74.7598893800362,39.254835268279],[-74.7597626653232,39.2555816990916],[-74.7596341036887,39.2563835155463],[-74.759459760809,39.2574228837027],[-74.7592895924997,39.258455678723],[-74.7591070901858,39.2595841348802],[-74.7589412008378,39.2605701694725]]}},{"type":"Feature","id":298403,"properties":{"OBJECTID":298403,"PRIMENAME":"Woodbine Boulevard","ELEVTYP_F":0,"ELEVTYP_T":0},"geometry":{"type":"LineString","coordinates":[[-74.7617205894844,39.1785100480197],[-74.7619497785566,39.1779292964479],[-74.7620015477685,39.1777720949695]]}},{"type":"Feature","id":298933,"properties":{"OBJECTID":298933,"PRIMENAME":"Unnamed Segment","ELEVTYP_F":0,"ELEVTYP_T":0},"geometry":{"type":"LineString","coordinates":[[-74.7546001125177,39.1668207675963],[-74.7549440593856,39.1669642794265]]}},{"type":"Feature","id":299451,"properties":{"OBJECTID":299451,"PRIMENAME":"Atlantic Boulevard","ELEVTYP_F":0,"ELEVTYP_T":0},"geometry":{"type":"LineString","coordinates":[[-74.7947128197641,39.2370700996588],[-74.7950119986732,39.2373654033732]]}},{"type":"Feature","id":299662,"properties":{"OBJECTID":299662,"PRIMENAME":"Unnamed Segment","ELEVTYP_F":0,"ELEVTYP_T":0},"geometry":{"type":"LineString","coordinates":[[-74.7370325679341,39.1999425232403],[-74.7374455791888,39.1999416822438],[-74.7374501735495,39.1999417899886]]}},{"type":"Feature","id":299879,"properties":{"OBJECTID":299879,"PRIMENAME":"Dawn Road","ELEVTYP_F":0,"ELEVTYP_T":0},"geometry":{"type":"LineString","coordinates":[[-74.7475391775736,39.2577554446606],[-74.7477304686172,39.2588021996506],[-74.7478581523297,39.2595066711621]]}},{"type":"Feature","id":299940,"properties":{"OBJECTID":299940,"PRIMENAME":"Hoffman Mill Road","ELEVTYP_F":0,"ELEVTYP_T":0},"geometry":{"type":"LineString","coordinates":[[-74.891131752381,39.2621423311442],[-74.8902389351467,39.2622988820535],[-74.8886441323725,39.2625787034231],[-74.8873966269961,39.2627958446402]]}},{"type":"Feature","id":300246,"properties":{"OBJECTID":300246,"PRIMENAME":"FR NJ 83 WB to NJ 47 NB","ELEVTYP_F":0,"ELEVTYP_T":0},"geometry":{"type":"LineString","coordinates":[[-74.8196536658788,39.1799092159914],[-74.81972705203,39.1799952361654],[-74.8197974827863,39.1800827401442],[-74.819843448444,39.1801435747518],[-74.8198870860478,39.1802054392223],[-74.8199348415096,39.1802839591607],[-74.8199783954548,39.180363945241],[-74.8200176737508,39.1804452613462],[-74.8200526095406,39.1805277690959],[-74.820060284094,39.1805475816936],[-74.8200847681095,39.1806151186566],[-74.8201070123336,39.1806831233642],[-74.8201270020447,39.1807515508288],[-74.8201447240121,39.1808203557829]]}},{"type":"Feature","id":300455,"properties":{"OBJECTID":300455,"PRIMENAME":"Clermont Southseaville Road","ELEVTYP_F":0,"ELEVTYP_T":0},"geometry":{"type":"LineString","coordinates":[[-74.7652817234441,39.1673144275445],[-74.765274749194,39.1673348527982],[-74.7651232218794,39.1677845372308]]}},{"type":"Feature","id":300832,"properties":{"OBJECTID":300832,"PRIMENAME":"State Highway 50","ELEVTYP_F":0,"ELEVTYP_T":0},"geometry":{"type":"LineString","coordinates":[[-74.7515975873908,39.2851253493433],[-74.7521107431028,39.2861807313294],[-74.7526789481638,39.2873599315135],[-74.7531115329911,39.2882459916555]]}},{"type":"Feature","id":300984,"properties":{"OBJECTID":300984,"PRIMENAME":"Ocean Drive","ELEVTYP_F":0,"ELEVTYP_T":0},"geometry":{"type":"LineString","coordinates":[[-74.8065356140655,39.2349819348688],[-74.8053416168124,39.2342989347879]]}},{"type":"Feature","id":301245,"properties":{"OBJECTID":301245,"PRIMENAME":"Unnamed Segment","ELEVTYP_F":0,"ELEVTYP_T":0},"geometry":{"type":"LineString","coordinates":[[-74.7691482038312,39.1473741041088],[-74.769206249707,39.147222460359],[-74.7692329925594,39.1471274211496],[-74.7692621678179,39.1470781065913],[-74.7692867327307,39.1470041781963],[-74.7692908013069,39.1468863253155],[-74.7692857676255,39.1467509054479],[-74.7692922765305,39.1466805356461],[-74.7693101559704,39.1465921254572]]}},{"type":"Feature","id":301716,"properties":{"OBJECTID":301716,"PRIMENAME":"Lincoln Avenue","ELEVTYP_F":0,"ELEVTYP_T":0},"geometry":{"type":"LineString","coordinates":[[-74.8207744562657,39.2397870593548],[-74.8211430430638,39.2393998849839],[-74.8219273262578,39.2385610159695],[-74.8221689413946,39.2383068906959]]}},{"type":"Feature","id":301914,"properties":{"OBJECTID":301914,"PRIMENAME":"State Highway 49","ELEVTYP_F":0,"ELEVTYP_T":0},"geometry":{"type":"LineString","coordinates":[[-74.8230631789512,39.3114204522519],[-74.8229231770009,39.3112967075541],[-74.8227261312073,39.3111044247229],[-74.8225490783366,39.3109089828531],[-74.8224041957168,39.3107383276119],[-74.8222591728211,39.3105521046955],[-74.8221100923804,39.3103441750793],[-74.8219729732364,39.3101237178843],[-74.8218437268645,39.3098783636577],[-74.8215407038071,39.3092789385969],[-74.8213144893022,39.3088348164878],[-74.821007395565,39.3082167578881],[-74.8206640383219,39.3075428135402],[-74.820464223517,39.3071434504821],[-74.8204173878487,39.3070498414744]]}},{"type":"Feature","id":301957,"properties":{"OBJECTID":301957,"PRIMENAME":"Unnamed Segment","ELEVTYP_F":0,"ELEVTYP_T":0},"geometry":{"type":"LineString","coordinates":[[-74.7699748815048,39.1501143576667],[-74.7698607893909,39.1504714996523]]}},{"type":"Feature","id":302361,"properties":{"OBJECTID":302361,"PRIMENAME":"Unnamed Segment","ELEVTYP_F":0,"ELEVTYP_T":0},"geometry":{"type":"LineString","coordinates":[[-74.7742780326437,39.1518965468945],[-74.7746060460846,39.1520906297643],[-74.7746841981272,39.1521401863706]]}},{"type":"Feature","id":302426,"properties":{"OBJECTID":302426,"PRIMENAME":"Unnamed Segment","ELEVTYP_F":0,"ELEVTYP_T":0},"geometry":{"type":"LineString","coordinates":[[-74.7634014657378,39.1663208941256],[-74.763333719181,39.1664648822036],[-74.7632680446851,39.166604461362],[-74.7631386102515,39.1667715429122]]}},{"type":"Feature","id":302932,"properties":{"OBJECTID":302932,"PRIMENAME":"Alexandra Way","ELEVTYP_F":0,"ELEVTYP_T":0},"geometry":{"type":"LineString","coordinates":[[-74.7511655084157,39.1671092506515],[-74.7513935435335,39.1673272941039],[-74.7517866796608,39.1676809772747],[-74.7519774733981,39.1678699678259]]}},{"type":"Feature","id":303294,"properties":{"OBJECTID":303294,"PRIMENAME":"Sunset Road","ELEVTYP_F":0,"ELEVTYP_T":0},"geometry":{"type":"LineString","coordinates":[[-74.8415462328909,39.2363592599707],[-74.8415435506625,39.2362939075278],[-74.8415224740747,39.2360467989703],[-74.8415012298725,39.2357502688857],[-74.8414923977038,39.2355742112656],[-74.8414792502787,39.2353239769779],[-74.8414889678797,39.2348666757645],[-74.8414878895403,39.2346442208653],[-74.8414817784369,39.2341993217338],[-74.8414805494736,39.2341706493424]]}},{"type":"Feature","id":303297,"properties":{"OBJECTID":303297,"PRIMENAME":"Unnamed Segment","ELEVTYP_F":0,"ELEVTYP_T":0},"geometry":{"type":"LineString","coordinates":[[-74.8383011576723,39.23523557879],[-74.8385103857579,39.2350166089122],[-74.8386343006868,39.234888821489]]}},{"type":"Feature","id":303627,"properties":{"OBJECTID":303627,"PRIMENAME":"Narrows Road","ELEVTYP_F":0,"ELEVTYP_T":0},"geometry":{"type":"LineString","coordinates":[[-74.8914542941184,39.2279384255438],[-74.8914433743694,39.2279471696238],[-74.8912239294854,39.2281228877965],[-74.8909406854053,39.2284518961365],[-74.8909246796914,39.2284700258259],[-74.8909092263944,39.2284883554442],[-74.8908941041226,39.2285068542057],[-74.890879314504,39.2285256067826],[-74.8908650783064,39.2285445313599],[-74.8908511756208,39.2285636557005],[-74.8908378218638,39.2285829772801],[-74.8908248013045,39.2286024418724],[-74.8908122231293,39.228622105863],[-74.8908000873286,39.2286419674506],[-74.8907885046109,39.2286619397846],[-74.8907772527804,39.2286820560403],[-74.8907664431704,39.2287023419682],[-74.8907561869693,39.2287227971955],[-74.8907463716761,39.2287433941741],[-74.8907369996128,39.2287641337972],[-74.8907281048865,39.2287849006447],[-74.89071957957,39.2288058653349],[-74.8907116419259,39.22882691183],[-74.890710556287,39.2288299773785],[-74.8904712832673,39.2294892653444],[-74.8904606885472,39.2295088640919],[-74.8904496527583,39.2295282949617],[-74.8904381758751,39.2295475534495],[-74.8904262592205,39.229566669278],[-74.890414005896,39.2295856457048],[-74.8904012024437,39.2296044212884],[-74.8903880654713,39.2296229989057],[-74.8903744877279,39.229641462693],[-74.8903604674311,39.2296597000529],[-74.8903460045806,39.2296777109852],[-74.8903312108352,39.2296955797932],[-74.890316083394,39.2297132191061],[-74.8903004033722,39.2297306332604],[-74.890284502167,39.2297478472695],[-74.8902722191776,39.2297606441161],[-74.8901042684364,39.2299334148561],[-74.8900782973851,39.2299650793747],[-74.8900530992678,39.22999702596],[-74.8900285658398,39.2300293684791],[-74.890004696658,39.2300620267603],[-74.8899816005617,39.2300949941338],[-74.8899592787349,39.2301282751003],[-74.8899377300054,39.2301618669617],[-74.8899168465135,39.2301957439555],[-74.8898968458386,39.2302298747256],[-74.8898775092448,39.2302642906328],[-74.8898590553054,39.2302989305904],[-74.8898412667616,39.230333883607],[-74.8898321033685,39.2303526487451],[-74.8895185225151,39.2310042325832],[-74.8895049743289,39.231028131748],[-74.8894909839,39.2310518621339],[-74.889476331131,39.2310754190717],[-74.889461234492,39.2310987225581],[-74.8894455854062,39.2311218270054],[-74.8894294952395,39.23114476357],[-74.8894128511382,39.2311674416456],[-74.8893956531321,39.2311898666368],[-74.8893780163356,39.231212119233],[-74.8893598206769,39.2312340602072],[-74.8893411860778,39.2312558017616],[-74.8893219974084,39.231277260504],[-74.889302477202,39.2312984627152],[-74.8892822930301,39.2313194077042],[-74.8892617760134,39.2313400691412],[-74.8892408159533,39.2313604176669],[-74.8892193032887,39.2313805392257],[-74.8891973475755,39.2314003469719],[-74.8891750586986,39.2314198135133],[-74.8891522170573,39.2314390242611],[-74.8891290422522,39.2314578938037],[-74.8891054243934,39.2314764486319],[-74.8890989431679,39.2314813608637],[-74.8886784242503,39.2318026407362],[-74.8884788574102,39.2319919897765],[-74.8881761605979,39.2325999741429],[-74.8877043480528,39.2331921040566],[-74.8875104819546,39.2334897449474],[-74.8870506375747,39.2340532617558],[-74.8865901543844,39.2344818631612],[-74.8863890706742,39.2347522707269],[-74.8863620132888,39.2350895690011],[-74.8861028675245,39.2353151760268],[-74.8857866578208,39.2356983636113],[-74.8854401727106,39.2358119138198],[-74.8852674953352,39.2359923320863],[-74.8846773692445,39.2368289786762],[-74.8835021290837,39.2377284170797],[-74.8829566977062,39.2383698781847],[-74.8818638287462,39.2392690002155],[-74.8816468010482,39.2397387996238],[-74.8810996045179,39.240060438904],[-74.87948947712,39.2417501364453],[-74.8788487400614,39.242717999357],[-74.8781321642929,39.2433246790146]]}},{"type":"Feature","id":303746,"properties":{"OBJECTID":303746,"PRIMENAME":"Shady Lane","ELEVTYP_F":0,"ELEVTYP_T":0},"geometry":{"type":"LineString","coordinates":[[-74.7790977430275,39.1710694055805],[-74.7787928830198,39.1713500757865],[-74.7786265757851,39.1715225775171],[-74.7785952129866,39.171575343346],[-74.7785818205522,39.1716140077482],[-74.778582028339,39.1716666710699],[-74.7785968935505,39.171715290626],[-74.7786195164353,39.1717449182082],[-74.7786501490333,39.1717754328748],[-74.7786940517693,39.1717987487401],[-74.7787360529981,39.1718138327867],[-74.7788806109867,39.1718591755582],[-74.7791969364318,39.1719708299103],[-74.7800103048733,39.172256908226],[-74.7802950417022,39.1723545761279],[-74.780362790263,39.1723684986312],[-74.780407567331,39.1723719059568],[-74.7804497847198,39.1723704314861],[-74.7804946162291,39.1723607404827],[-74.780543759269,39.172344202633],[-74.7806467870901,39.1722975236286],[-74.7810306689877,39.1720813867936]]}},{"type":"Feature","id":303898,"properties":{"OBJECTID":303898,"PRIMENAME":"Unnamed Segment","ELEVTYP_F":0,"ELEVTYP_T":0},"geometry":{"type":"LineString","coordinates":[[-74.7389375345637,39.1999109620586],[-74.7389618937906,39.2000558399072],[-74.7389484663111,39.2014301032586]]}},{"type":"Feature","id":304205,"properties":{"OBJECTID":304205,"PRIMENAME":"State Highway 83","ELEVTYP_F":0,"ELEVTYP_T":0},"geometry":{"type":"LineString","coordinates":[[-74.7995482291922,39.1672109093024],[-74.7990840950609,39.1671140227794],[-74.7984750318078,39.1669845296504],[-74.7980612687438,39.1668961868857],[-74.797865947173,39.1668579439919],[-74.7976361655254,39.1668198158136],[-74.7974637978463,39.1667964224729],[-74.797306834605,39.1667789477151],[-74.7970387738633,39.1667468471223],[-74.7963686879601,39.1666740611639],[-74.7957292667388,39.1666041861177],[-74.7952697836558,39.1665546917518],[-74.7949519668991,39.1665167813008],[-74.7948255974224,39.1665021913176],[-74.7947068444792,39.1664786591423],[-74.7945728313799,39.1664581571016],[-74.7944784683426,39.1664385987899]]}},{"type":"Feature","id":304413,"properties":{"OBJECTID":304413,"PRIMENAME":"County Road","ELEVTYP_F":0,"ELEVTYP_T":0},"geometry":{"type":"LineString","coordinates":[[-74.8153956580744,39.175881428942],[-74.8156434246586,39.1760041527096],[-74.8161877779222,39.176287493159],[-74.8162467886901,39.176317427231]]}},{"type":"Feature","id":304429,"properties":{"OBJECTID":304429,"PRIMENAME":"State Highway 49","ELEVTYP_F":0,"ELEVTYP_T":0},"geometry":{"type":"LineString","coordinates":[[-74.7845946478127,39.3005302268176],[-74.7845779763855,39.3005235952191],[-74.7843830122014,39.3004452978834],[-74.7842164736284,39.3003701152183],[-74.784045858842,39.3002917578712],[-74.7838224387857,39.3001851929199],[-74.7836480335517,39.300095614644],[-74.7835745831105,39.3000566395649],[-74.7832291906749,39.2998747820462],[-74.7828960047732,39.2996960232737],[-74.7824449740329,39.2994576938044],[-74.7820752592621,39.2992632614842],[-74.7814576260445,39.2989308242696],[-74.7810594422058,39.2987207247486],[-74.7803564913351,39.2983475220185],[-74.7792269718298,39.2977485445778],[-74.7789549338796,39.2976039768345]]}},{"type":"Feature","id":304612,"properties":{"OBJECTID":304612,"PRIMENAME":"Hagen Road","ELEVTYP_F":0,"ELEVTYP_T":0},"geometry":{"type":"LineString","coordinates":[[-74.7618446685191,39.15799562819],[-74.7614960690152,39.1576965188362],[-74.7600857725509,39.1564843443003],[-74.7586754681557,39.1552570786588],[-74.7576069337851,39.1543378296645]]}},{"type":"Feature","id":305320,"properties":{"OBJECTID":305320,"PRIMENAME":"Unnamed Segment","ELEVTYP_F":0,"ELEVTYP_T":0},"geometry":{"type":"LineString","coordinates":[[-74.7358058241706,39.1964504001356],[-74.7358771574719,39.1964473415455],[-74.7361056922196,39.1965405238984]]}},{"type":"Feature","id":305449,"properties":{"OBJECTID":305449,"PRIMENAME":"Unnamed Segment","ELEVTYP_F":0,"ELEVTYP_T":0},"geometry":{"type":"LineString","coordinates":[[-74.7488498385178,39.1714550620761],[-74.7488927751904,39.1714799857269],[-74.7489892111261,39.1714881160619],[-74.7499158829416,39.1715111486266],[-74.7500114194736,39.1716430523734],[-74.7500899415833,39.1716968206071],[-74.7501442125449,39.1717084303196],[-74.7502677429926,39.1717105108645],[-74.7503942027017,39.171689132589],[-74.75044829186,39.1716491498035],[-74.750505199695,39.1715552224055]]}},{"type":"Feature","id":305510,"properties":{"OBJECTID":305510,"PRIMENAME":"Unnamed Segment","ELEVTYP_F":0,"ELEVTYP_T":0},"geometry":{"type":"LineString","coordinates":[[-74.7676305762442,39.1753483279311],[-74.7676573251608,39.1752659246443],[-74.7676864137995,39.1750359923042]]}},{"type":"Feature","id":305577,"properties":{"OBJECTID":305577,"PRIMENAME":"Paper Mill Road","ELEVTYP_F":0,"ELEVTYP_T":0},"geometry":{"type":"LineString","coordinates":[[-74.9061631531546,39.2156372338703],[-74.9063017863478,39.2159720032982],[-74.9066612558256,39.2168181357172]]}},{"type":"Feature","id":306256,"properties":{"OBJECTID":306256,"PRIMENAME":"State Highway 83","ELEVTYP_F":0,"ELEVTYP_T":0},"geometry":{"type":"LineString","coordinates":[[-74.8201556539445,39.1801314124116],[-74.8202632043242,39.1801613398668]]}},{"type":"Feature","id":306361,"properties":{"OBJECTID":306361,"PRIMENAME":"Unnamed Segment","ELEVTYP_F":0,"ELEVTYP_T":0},"geometry":{"type":"LineString","coordinates":[[-74.7301174985917,39.1967674438567],[-74.7298742222725,39.1964768746684],[-74.7296325377296,39.1962991222258],[-74.7293909981327,39.1961659260251],[-74.7291373088707,39.1960022672006],[-74.7289741140799,39.1958642262826],[-74.7288918645025,39.1957946516536],[-74.7288080521471,39.1957707478014],[-74.7287568111508,39.1957685026479],[-74.7286574669692,39.1957641520501],[-74.7285579618207,39.195787654562],[-74.7284556066154,39.1958230319627],[-74.7280728012912,39.1959963879905],[-74.7280023682169,39.1960282838356],[-74.7279771152718,39.196039719789]]}},{"type":"Feature","id":306622,"properties":{"OBJECTID":306622,"PRIMENAME":"Hagen Road","ELEVTYP_F":0,"ELEVTYP_T":0},"geometry":{"type":"LineString","coordinates":[[-74.7981212435772,39.1715024508953],[-74.7979169702883,39.1714189531914],[-74.7974800681885,39.1713030731931],[-74.796106389649,39.1709517926539],[-74.7944124115019,39.1705182736285],[-74.792742734033,39.1700960095092],[-74.7905683039007,39.1695428274091],[-74.7885503338344,39.1690301846937]]}},{"type":"Feature","id":306762,"properties":{"OBJECTID":306762,"PRIMENAME":"Corsons Tavern Road","ELEVTYP_F":0,"ELEVTYP_T":0},"geometry":{"type":"LineString","coordinates":[[-74.7366529412499,39.1910735973609],[-74.7362828646949,39.1912690763928],[-74.7351862637152,39.1918459823053],[-74.7349098869837,39.191991375982],[-74.7337945874394,39.1925812370193],[-74.7329176785473,39.1930386775644],[-74.7316176861021,39.1937218303113],[-74.7311984927556,39.1939475119499],[-74.7308590645772,39.1941254213751],[-74.7306758907073,39.194221428419]]}},{"type":"Feature","id":306935,"properties":{"OBJECTID":306935,"PRIMENAME":"Lake Drive","ELEVTYP_F":0,"ELEVTYP_T":0},"geometry":{"type":"LineString","coordinates":[[-74.8420811772843,39.1972077771184],[-74.8422547865491,39.1975710933561]]}},{"type":"Feature","id":307485,"properties":{"OBJECTID":307485,"PRIMENAME":"Pine Landing Way","ELEVTYP_F":0,"ELEVTYP_T":0},"geometry":{"type":"LineString","coordinates":[[-74.8263362172992,39.1474601806901],[-74.8264087919952,39.1463966991578],[-74.8265806506959,39.1461236623208]]}},{"type":"Feature","id":307964,"properties":{"OBJECTID":307964,"PRIMENAME":"Easy Street","ELEVTYP_F":0,"ELEVTYP_T":0},"geometry":{"type":"LineString","coordinates":[[-74.8225556433564,39.1614660552904],[-74.8225876143723,39.1614697557198],[-74.8227342277031,39.1614693497921],[-74.8229165842672,39.1614493505195],[-74.8235812360973,39.161311069689],[-74.8240529229525,39.1612178583039],[-74.8249998750456,39.161020300789],[-74.825260751248,39.1609722357612],[-74.8253357355999,39.1609497586509],[-74.825407116009,39.1609105693065],[-74.8254604899099,39.160851935179],[-74.8254995419821,39.1607849947682],[-74.8255135018932,39.1607070035918],[-74.8255131937788,39.1606401451815],[-74.8254804295693,39.1605177479908],[-74.8253566335871,39.1600502715211],[-74.8253095598757,39.159922313709],[-74.8252627813034,39.1598584127266],[-74.8252053848069,39.1598167830398],[-74.8251229250147,39.1597780500773],[-74.825044103523,39.1597559751108],[-74.824969005137,39.1597534108647],[-74.8249189150705,39.1597591249129],[-74.8248367565229,39.1597705009122],[-74.8247653511892,39.1598040885736],[-74.8246299364975,39.1599075144968],[-74.8241379846972,39.1602708566566],[-74.823442964014,39.1607990949131],[-74.8229189237018,39.161182016871],[-74.822904302478,39.1611934502776],[-74.8225556433564,39.1614660552904]]}},{"type":"Feature","id":307998,"properties":{"OBJECTID":307998,"PRIMENAME":"Unnamed Segment","ELEVTYP_F":0,"ELEVTYP_T":0},"geometry":{"type":"LineString","coordinates":[[-74.7492408024304,39.192319091044],[-74.7496457231485,39.1922341358027],[-74.7496909713125,39.192194794911],[-74.7496856636789,39.1921202460549],[-74.7496147709296,39.1920379860533],[-74.749295897743,39.191709025645],[-74.7490748113305,39.1914809406447],[-74.7489693586768,39.1913506468678]]}},{"type":"Feature","id":307999,"properties":{"OBJECTID":307999,"PRIMENAME":"Unnamed Segment","ELEVTYP_F":0,"ELEVTYP_T":0},"geometry":{"type":"LineString","coordinates":[[-74.8376252246915,39.2359424560763],[-74.8369925875228,39.2355871746451],[-74.8369850507769,39.2355519480342],[-74.8373140569924,39.2352131247445]]}},{"type":"Feature","id":308000,"properties":{"OBJECTID":308000,"PRIMENAME":"FR CO 550 EB TO CO 610 SB","ELEVTYP_F":0,"ELEVTYP_T":0},"geometry":{"type":"LineString","coordinates":[[-74.7800309689146,39.2215101239101],[-74.7797059577431,39.2212853975149],[-74.7796362966135,39.2212458066674],[-74.7795767949304,39.2212045717048],[-74.7795419244819,39.2211792294878],[-74.7795131900805,39.2211522258217],[-74.7794885371633,39.2211220819748],[-74.7794658906144,39.2210903127175],[-74.7794473853295,39.221061718853],[-74.7794369881156,39.2210299490309],[-74.7794246234179,39.2209917853377],[-74.7794162031298,39.2209424923471],[-74.7794119610341,39.22089634674],[-74.7794137867501,39.220840686434],[-74.7794217907742,39.2207849833822],[-74.7794702657899,39.2206448620297],[-74.779524498942,39.2204791090563]]}},{"type":"Feature","id":308254,"properties":{"OBJECTID":308254,"PRIMENAME":"Unnamed Segment","ELEVTYP_F":0,"ELEVTYP_T":0},"geometry":{"type":"LineString","coordinates":[[-74.7549440593856,39.1669642794265],[-74.7552852210959,39.1671699037001]]}},{"type":"Feature","id":308440,"properties":{"OBJECTID":308440,"PRIMENAME":"Cedar Drive","ELEVTYP_F":0,"ELEVTYP_T":0},"geometry":{"type":"LineString","coordinates":[[-74.7477586705205,39.1635804158272],[-74.7470152606678,39.1631729303832],[-74.746944495272,39.1631290933115],[-74.7469239486685,39.1631032449463]]}},{"type":"Feature","id":308838,"properties":{"OBJECTID":308838,"PRIMENAME":"Unnamed Segment","ELEVTYP_F":0,"ELEVTYP_T":0},"geometry":{"type":"LineString","coordinates":[[-74.7370038708419,39.1856383225729],[-74.7369786862362,39.185757847965],[-74.7369943315116,39.1858454313739],[-74.7370304208851,39.1859250089087],[-74.7370868706559,39.1859726833663],[-74.7372047440793,39.1860242162614],[-74.7372766144319,39.1860917739947],[-74.7373434857213,39.1861951833924],[-74.7373695160889,39.1863265522991]]}},{"type":"Feature","id":308965,"properties":{"OBJECTID":308965,"PRIMENAME":"Unnamed Segment","ELEVTYP_F":0,"ELEVTYP_T":0},"geometry":{"type":"LineString","coordinates":[[-74.8384156419265,39.233586216608],[-74.8371643339023,39.2328933841972],[-74.8366358108578,39.2325868113438],[-74.8365781957735,39.2325462604896]]}},{"type":"Feature","id":309301,"properties":{"OBJECTID":309301,"PRIMENAME":"Unnamed Segment","ELEVTYP_F":0,"ELEVTYP_T":0},"geometry":{"type":"LineString","coordinates":[[-74.772666860304,39.3070487520553],[-74.7717585301101,39.3064791505317]]}},{"type":"Feature","id":309415,"properties":{"OBJECTID":309415,"PRIMENAME":"Pacific Avenue","ELEVTYP_F":0,"ELEVTYP_T":0},"geometry":{"type":"LineString","coordinates":[[-74.7963425779226,39.2374146528596],[-74.7959207663973,39.2371796186955]]}},{"type":"Feature","id":309720,"properties":{"OBJECTID":309720,"PRIMENAME":"Clay Street","ELEVTYP_F":0,"ELEVTYP_T":0},"geometry":{"type":"LineString","coordinates":[[-74.8153395704446,39.2366757301668],[-74.8164241651153,39.237296507221]]}},{"type":"Feature","id":310731,"properties":{"OBJECTID":310731,"PRIMENAME":"Heilprin Avenue","ELEVTYP_F":0,"ELEVTYP_T":0},"geometry":{"type":"LineString","coordinates":[[-74.8163153603491,39.2302931728515],[-74.8156995731113,39.2309349819322],[-74.815558127405,39.2310849349125],[-74.8146486368927,39.2320491027302],[-74.8134400718738,39.2333152580913]]}},{"type":"Feature","id":310893,"properties":{"OBJECTID":310893,"PRIMENAME":"Oak Lane","ELEVTYP_F":0,"ELEVTYP_T":0},"geometry":{"type":"LineString","coordinates":[[-74.8298188461532,39.1934060158075],[-74.8298145055543,39.194153254218],[-74.8298035007307,39.1943956795491],[-74.829760118316,39.1946413818543],[-74.8297087140268,39.1948997094782],[-74.8296847710051,39.1949784973618],[-74.8296648225934,39.1950289382576],[-74.8296326276718,39.1950636537371],[-74.8295783618336,39.1950976875549]]}},{"type":"Feature","id":310898,"properties":{"OBJECTID":310898,"PRIMENAME":"Beach Drive","ELEVTYP_F":0,"ELEVTYP_T":0},"geometry":{"type":"LineString","coordinates":[[-74.7766104048209,39.303102801477],[-74.776694298168,39.3032004587162],[-74.7767476771284,39.303276058075],[-74.7767984326926,39.3033496863534],[-74.7768693702276,39.3034504496508],[-74.7769403749733,39.3035685102192],[-74.7770224998543,39.3036923104079],[-74.7771382029558,39.303862185736],[-74.7772464763947,39.3040205193618],[-74.7772689110231,39.3040637105216],[-74.7772727704481,39.3041012068165],[-74.7772617737707,39.3041358288553],[-74.7772359233955,39.3041676036526],[-74.77718415561,39.3042138820388],[-74.777117633947,39.3042832320953],[-74.7770661912338,39.3043402446819]]}},{"type":"Feature","id":311046,"properties":{"OBJECTID":311046,"PRIMENAME":"Unnamed Segment","ELEVTYP_F":0,"ELEVTYP_T":0},"geometry":{"type":"LineString","coordinates":[[-74.7310461811261,39.1998917659881],[-74.7306786690283,39.1997475033341],[-74.7305699023252,39.1996664202488],[-74.730412521735,39.1994666151228],[-74.7302273106335,39.199357542642],[-74.7300780476345,39.1992582188627]]}},{"type":"Feature","id":311279,"properties":{"OBJECTID":311279,"PRIMENAME":"Boyle Road","ELEVTYP_F":0,"ELEVTYP_T":0},"geometry":{"type":"LineString","coordinates":[[-74.815074171855,39.1639848808055],[-74.8150844290031,39.1639566064175],[-74.8151273291833,39.1639196146421],[-74.8152175327108,39.1638757683584],[-74.8153394853594,39.1638345178914],[-74.8158969789034,39.1636459482469],[-74.8169034067455,39.1632967564223]]}},{"type":"Feature","id":311336,"properties":{"OBJECTID":311336,"PRIMENAME":"Evergreen Drive","ELEVTYP_F":0,"ELEVTYP_T":0},"geometry":{"type":"LineString","coordinates":[[-74.8665745406716,39.2611886963347],[-74.8668427402403,39.2610434825744],[-74.8679966264004,39.2604291806748],[-74.8682916989388,39.2602720877964]]}},{"type":"Feature","id":311392,"properties":{"OBJECTID":311392,"PRIMENAME":"Madison Avenue","ELEVTYP_F":0,"ELEVTYP_T":0},"geometry":{"type":"LineString","coordinates":[[-74.809375579804,39.2429770109636],[-74.8105366029109,39.2417495771409],[-74.8107714881997,39.2415029892895]]}},{"type":"Feature","id":311983,"properties":{"OBJECTID":311983,"PRIMENAME":"Steelmantown Bog Road","ELEVTYP_F":0,"ELEVTYP_T":0},"geometry":{"type":"LineString","coordinates":[[-74.8290995760224,39.2652036530828],[-74.8290448921055,39.2651923041172],[-74.8288184150442,39.2651324014077],[-74.8286179667451,39.2650868667796],[-74.8284731934562,39.2650584453302],[-74.8283788384189,39.2650530686864]]}},{"type":"Feature","id":311990,"properties":{"OBJECTID":311990,"PRIMENAME":"Pacific Avenue","ELEVTYP_F":0,"ELEVTYP_T":0},"geometry":{"type":"LineString","coordinates":[[-74.7975137874148,39.2380966716407],[-74.7971321576191,39.2378689602654]]}},{"type":"Feature","id":312074,"properties":{"OBJECTID":312074,"PRIMENAME":"Gravel Hole Road","ELEVTYP_F":0,"ELEVTYP_T":0},"geometry":{"type":"LineString","coordinates":[[-74.8175416964753,39.1683648657228],[-74.8176619140152,39.1683432035662],[-74.8179084251677,39.1682859146517],[-74.8180874779118,39.1682409166129],[-74.8181790655636,39.1682145080867],[-74.8184273120563,39.1681429260673],[-74.8187733526364,39.1680446707237],[-74.8189322833104,39.1680037630771],[-74.8190717764149,39.1679781208645],[-74.8192113269659,39.1679575293187],[-74.8193800949248,39.167939412307],[-74.8195516493276,39.1679289472243]]}},{"type":"Feature","id":312179,"properties":{"OBJECTID":312179,"PRIMENAME":"Unnamed Segment","ELEVTYP_F":0,"ELEVTYP_T":0},"geometry":{"type":"LineString","coordinates":[[-74.7713860710135,39.148246668594],[-74.7714259171869,39.1482110637723],[-74.7714656365143,39.1481755772424],[-74.7714954059946,39.1481282516087],[-74.7715652213683,39.148017265755],[-74.7716330621666,39.1479094157814],[-74.771697757744,39.1478270011251],[-74.7717517061188,39.1477582799448],[-74.7717833775711,39.1476493890571],[-74.7718048549679,39.1474820168395],[-74.7718202049939,39.1473623791346],[-74.77185594138,39.1472567641057]]}},{"type":"Feature","id":312255,"properties":{"OBJECTID":312255,"PRIMENAME":"Harding Lane","ELEVTYP_F":0,"ELEVTYP_T":0},"geometry":{"type":"LineString","coordinates":[[-74.763924539812,39.3061478731982],[-74.7641267763523,39.3063291524137],[-74.7647301117384,39.3068670087606],[-74.7651845046978,39.3072783772018],[-74.765413804618,39.3074836992256]]}},{"type":"Feature","id":312319,"properties":{"OBJECTID":312319,"PRIMENAME":"Unnamed Segment","ELEVTYP_F":0,"ELEVTYP_T":0},"geometry":{"type":"LineString","coordinates":[[-74.7679647828143,39.1483452706377],[-74.7681870512113,39.1482853994134]]}},{"type":"Feature","id":312533,"properties":{"OBJECTID":312533,"PRIMENAME":"County Road","ELEVTYP_F":0,"ELEVTYP_T":0},"geometry":{"type":"LineString","coordinates":[[-74.8088197489535,39.1705659926803],[-74.8090568010194,39.1706973520786],[-74.8091881040823,39.1707809419059],[-74.8094934815961,39.1710409504143],[-74.8100578870939,39.1715191336721],[-74.8102898233865,39.171689411262],[-74.8104135366966,39.1718030033318],[-74.810614723896,39.172015318615],[-74.8109552980504,39.1723831648821],[-74.8112492875486,39.1726731825151],[-74.8116973297385,39.1730921132436]]}},{"type":"Feature","id":312825,"properties":{"OBJECTID":312825,"PRIMENAME":"Unnamed Segment","ELEVTYP_F":0,"ELEVTYP_T":0},"geometry":{"type":"LineString","coordinates":[[-74.7310523274726,39.1902036562489],[-74.7314489241145,39.190486661726],[-74.7319797855011,39.1908462722048],[-74.7320144927999,39.1908954859495],[-74.7320176136971,39.1909694049123],[-74.7319117219413,39.1911577892305],[-74.7318744606856,39.1912071462387],[-74.7318456953089,39.1912139255071],[-74.7317909637129,39.1912028334264],[-74.7317246647225,39.1911760826002],[-74.7315400809055,39.1910711618285],[-74.7313613008025,39.1909796696878],[-74.731286270983,39.1909238155723],[-74.7309457066193,39.1906556721872],[-74.7308331079731,39.1905550874291],[-74.7308037060931,39.1905370992566]]}},{"type":"Feature","id":312848,"properties":{"OBJECTID":312848,"PRIMENAME":"Heine Avenue","ELEVTYP_F":0,"ELEVTYP_T":0},"geometry":{"type":"LineString","coordinates":[[-74.7913467504639,39.2338711006253],[-74.791488056158,39.2337292055627],[-74.7915539144906,39.2336592284469],[-74.7918931692895,39.2332987587394],[-74.7929276482568,39.2322118641549],[-74.7930216797358,39.2321130663424],[-74.7943622892869,39.2306894869302],[-74.7949538850706,39.2300669617829]]}},{"type":"Feature","id":313257,"properties":{"OBJECTID":313257,"PRIMENAME":"Clermont Southseaville Road","ELEVTYP_F":0,"ELEVTYP_T":0},"geometry":{"type":"LineString","coordinates":[[-74.7658742728811,39.1559786927827],[-74.7659111503219,39.1560786639763],[-74.7659798405363,39.1563011893122],[-74.7660732360004,39.156640626775],[-74.7661321306822,39.1568367869784],[-74.7662206326981,39.1571687125563],[-74.7663532501318,39.1576213226434],[-74.7665057954822,39.1582135377442],[-74.7665843882139,39.1585077305607],[-74.7666537877658,39.1588887662989],[-74.766708303739,39.1592132453348],[-74.7667777053338,39.1596131445115],[-74.7668032247549,39.1599641042289],[-74.7668186884648,39.1602018515165],[-74.7668203421627,39.1606396319094],[-74.7668222811336,39.1611529199059],[-74.7668199949317,39.1618360706261],[-74.7668211640211,39.1621455428887],[-74.7668075461043,39.1622565582597]]}},{"type":"Feature","id":314311,"properties":{"OBJECTID":314311,"PRIMENAME":"Miranda Lane","ELEVTYP_F":0,"ELEVTYP_T":0},"geometry":{"type":"LineString","coordinates":[[-74.8313039967097,39.1930060304758],[-74.8310981264927,39.1931078512483],[-74.8310757137774,39.1931170946908],[-74.8310517144626,39.1931234862275],[-74.8310267234342,39.1931268674272],[-74.8310013601604,39.193127154478],[-74.829823383962,39.1931011432088]]}},{"type":"Feature","id":314363,"properties":{"OBJECTID":314363,"PRIMENAME":"Dennisville Petersburg Road","ELEVTYP_F":0,"ELEVTYP_T":0},"geometry":{"type":"LineString","coordinates":[[-74.779524498942,39.2204791090563],[-74.7795073170543,39.2205169869117],[-74.779338575591,39.2208166218956],[-74.7791793323099,39.2210459971136],[-74.7791773666433,39.2210488304279]]}},{"type":"Feature","id":314445,"properties":{"OBJECTID":314445,"PRIMENAME":"Linsay Lane","ELEVTYP_F":0,"ELEVTYP_T":0},"geometry":{"type":"LineString","coordinates":[[-74.7399449327433,39.2544900693607],[-74.739900926374,39.2544025323129],[-74.7397843939246,39.2541707153933],[-74.7396912156584,39.2539588828219]]}},{"type":"Feature","id":314840,"properties":{"OBJECTID":314840,"PRIMENAME":"Broad Street","ELEVTYP_F":0,"ELEVTYP_T":0},"geometry":{"type":"LineString","coordinates":[[-74.8630194348532,39.271545545647],[-74.8630182404475,39.2715467573699],[-74.862561254314,39.2720210186918],[-74.8616950946593,39.2729557138275]]}},{"type":"Feature","id":314962,"properties":{"OBJECTID":314962,"PRIMENAME":"Powell Road","ELEVTYP_F":0,"ELEVTYP_T":0},"geometry":{"type":"LineString","coordinates":[[-74.9092227347999,39.2111349537692],[-74.909441232213,39.211182153342],[-74.9096239387294,39.2112105609653],[-74.9102258928733,39.2112794199896],[-74.9107199886055,39.2113422315075],[-74.9108362150112,39.2113547539727],[-74.9109399427452,39.2113543881231],[-74.9110270269145,39.2113444159199],[-74.911113979706,39.2113182715487],[-74.9112588004642,39.211253180928],[-74.9117469408195,39.2110029677465],[-74.9121852829128,39.210765806958],[-74.9126071075189,39.2105351547492],[-74.9131819427918,39.2102168096066],[-74.9138601985693,39.2098529267365]]}},{"type":"Feature","id":315244,"properties":{"OBJECTID":315244,"PRIMENAME":"Camp Road","ELEVTYP_F":0,"ELEVTYP_T":0},"geometry":{"type":"LineString","coordinates":[[-74.8549165042837,39.2419543643387],[-74.85561292866,39.2426870264205],[-74.8557706884617,39.2428492614546],[-74.8559699316468,39.2430477636973],[-74.8561664969541,39.2432612616946],[-74.8562964868464,39.243376477711],[-74.8564623555386,39.2435087120503],[-74.8566723135846,39.2436472340191],[-74.8568860647386,39.2437737540116],[-74.8571465243332,39.2438808608601],[-74.8576961690248,39.2441121137557]]}},{"type":"Feature","id":315344,"properties":{"OBJECTID":315344,"PRIMENAME":"Main Street","ELEVTYP_F":0,"ELEVTYP_T":0},"geometry":{"type":"LineString","coordinates":[[-74.7501881950017,39.1769176047295],[-74.7495720536566,39.1768003912324],[-74.7493208943369,39.1767442023156],[-74.7492855564446,39.1767367820596]]}},{"type":"Feature","id":315572,"properties":{"OBJECTID":315572,"PRIMENAME":"Unnamed Segment","ELEVTYP_F":0,"ELEVTYP_T":0},"geometry":{"type":"LineString","coordinates":[[-74.7701830362159,39.1501569255617],[-74.7703490071734,39.150190866305],[-74.7705444987948,39.1502132913123],[-74.7706636853388,39.1502269631929]]}},{"type":"Feature","id":315627,"properties":{"OBJECTID":315627,"PRIMENAME":"Unnamed Segment","ELEVTYP_F":0,"ELEVTYP_T":0},"geometry":{"type":"LineString","coordinates":[[-74.7514201847965,39.1659935469539],[-74.7512529233474,39.1659076065066],[-74.7509927869682,39.1657739494087],[-74.7509236278899,39.1657384161452],[-74.7508967162774,39.1657020027567],[-74.7508935863187,39.1656691793516],[-74.7508994856789,39.1656339898232],[-74.7509324646445,39.1655893606598],[-74.7510165405584,39.1655117894896],[-74.7513184290099,39.1652789991522]]}},{"type":"Feature","id":315669,"properties":{"OBJECTID":315669,"PRIMENAME":"Washington Avenue","ELEVTYP_F":0,"ELEVTYP_T":0},"geometry":{"type":"LineString","coordinates":[[-74.8299061455727,39.2265739757857],[-74.8293428361714,39.2271715842208],[-74.8279785224473,39.2286150185917],[-74.826669618521,39.2299982871515],[-74.8263684359829,39.2303169485533]]}},{"type":"Feature","id":315750,"properties":{"OBJECTID":315750,"PRIMENAME":"Unnamed Segment","ELEVTYP_F":0,"ELEVTYP_T":0},"geometry":{"type":"LineString","coordinates":[[-74.7757492363663,39.1527758370735],[-74.7761192035047,39.1529042028146],[-74.7764676572313,39.1530076056978],[-74.7765160284264,39.1530533508893],[-74.7765323367241,39.1531158502869],[-74.7765327609783,39.1532242455147],[-74.7765010580522,39.1533327178663],[-74.7764589505991,39.1534767890448],[-74.7763630947879,39.1536540683013],[-74.7761976553891,39.1537962102982],[-74.7756261922232,39.1541769535667],[-74.7748009848345,39.1547267423668],[-74.7743927005837,39.1550637174509],[-74.7740172397257,39.1554162065488]]}},{"type":"Feature","id":316038,"properties":{"OBJECTID":316038,"PRIMENAME":"Court House South Dennis Road","ELEVTYP_F":0,"ELEVTYP_T":0},"geometry":{"type":"LineString","coordinates":[[-74.8233112108234,39.1559241402054],[-74.8232998335952,39.1559580036556],[-74.8232710305946,39.1560602260198],[-74.8232663526229,39.156075384792],[-74.823017307835,39.1568823788063],[-74.8226965771636,39.1579219058705],[-74.8223583496926,39.1590478075824],[-74.8220340243685,39.1600845687281],[-74.8218412779946,39.1607244752991],[-74.8217838726578,39.1609150555968],[-74.8216624764799,39.1613098188986]]}},{"type":"Feature","id":316285,"properties":{"OBJECTID":316285,"PRIMENAME":"Unnamed Segment","ELEVTYP_F":0,"ELEVTYP_T":0},"geometry":{"type":"LineString","coordinates":[[-74.7333130551304,39.180826884504],[-74.7333748704242,39.1808022183397],[-74.7336484360966,39.1806300212195]]}},{"type":"Feature","id":316594,"properties":{"OBJECTID":316594,"PRIMENAME":"Stoney Court","ELEVTYP_F":0,"ELEVTYP_T":0},"geometry":{"type":"LineString","coordinates":[[-74.7434704782718,39.1926464557666],[-74.7435604744513,39.1924884964993],[-74.743689653147,39.1923353431403],[-74.7437688858986,39.1922319922579],[-74.7438343109863,39.1921864920554],[-74.7439180613527,39.1921721403306],[-74.7471428631282,39.1929181995836],[-74.7472655819294,39.1929872935169],[-74.7473059364844,39.1930665920566],[-74.7472665629939,39.19317407214],[-74.7465696968078,39.1940349561564],[-74.7464896386099,39.1940634774937],[-74.7464021851288,39.1940608266499],[-74.7434704782718,39.1926464557666]]}},{"type":"Feature","id":316782,"properties":{"OBJECTID":316782,"PRIMENAME":"Unnamed Segment","ELEVTYP_F":0,"ELEVTYP_T":0},"geometry":{"type":"LineString","coordinates":[[-74.7539480287365,39.1658674003732],[-74.7538984519536,39.165847789954],[-74.753771119157,39.1657807909204],[-74.753677712737,39.1657229523907],[-74.7535443787989,39.1656574696695]]}},{"type":"Feature","id":316794,"properties":{"OBJECTID":316794,"PRIMENAME":"Unnamed Segment","ELEVTYP_F":0,"ELEVTYP_T":0},"geometry":{"type":"LineString","coordinates":[[-74.7729711265589,39.1508562929478],[-74.77328831731,39.1501391745224]]}},{"type":"Feature","id":316831,"properties":{"OBJECTID":316831,"PRIMENAME":"Unnamed Segment","ELEVTYP_F":0,"ELEVTYP_T":0},"geometry":{"type":"LineString","coordinates":[[-74.7302095663753,39.1990026368134],[-74.7299240684626,39.1988676711212]]}},{"type":"Feature","id":317276,"properties":{"OBJECTID":317276,"PRIMENAME":"Unnamed Segment","ELEVTYP_F":0,"ELEVTYP_T":0},"geometry":{"type":"LineString","coordinates":[[-74.7743948445112,39.153017102221],[-74.7746841981272,39.1521401863706]]}},{"type":"Feature","id":317399,"properties":{"OBJECTID":317399,"PRIMENAME":"Petersburg Road","ELEVTYP_F":0,"ELEVTYP_T":0},"geometry":{"type":"LineString","coordinates":[[-74.8176531128994,39.1945446784385],[-74.8167753829242,39.1948685671771],[-74.815553983583,39.1953242156938],[-74.815255051388,39.195435184128],[-74.8141908343038,39.1958302326342],[-74.8132157024807,39.196190491338],[-74.8120695180004,39.1966151367343]]}},{"type":"Feature","id":317461,"properties":{"OBJECTID":317461,"PRIMENAME":"Unnamed Segment","ELEVTYP_F":0,"ELEVTYP_T":0},"geometry":{"type":"LineString","coordinates":[[-74.7746841981272,39.1521401863706],[-74.7753790082567,39.1525807626849],[-74.7757492363663,39.1527758370735]]}},{"type":"Feature","id":317640,"properties":{"OBJECTID":317640,"PRIMENAME":"Franklin Street","ELEVTYP_F":0,"ELEVTYP_T":0},"geometry":{"type":"LineString","coordinates":[[-74.8172009039962,39.2400122480039],[-74.8165147074716,39.239617742466],[-74.8161125732839,39.2393881114831]]}},{"type":"Feature","id":317853,"properties":{"OBJECTID":317853,"PRIMENAME":"Unnamed Segment","ELEVTYP_F":0,"ELEVTYP_T":0},"geometry":{"type":"LineString","coordinates":[[-74.7687713995625,39.1497911053029],[-74.7690487453645,39.1490444794935]]}},{"type":"Feature","id":318151,"properties":{"OBJECTID":318151,"PRIMENAME":"Ocean Road","ELEVTYP_F":0,"ELEVTYP_T":0},"geometry":{"type":"LineString","coordinates":[[-74.7626710792044,39.2864033351052],[-74.7625723074325,39.2865709481138],[-74.7623491933193,39.2869519228337],[-74.7619504860841,39.287639410419]]}},{"type":"Feature","id":318275,"properties":{"OBJECTID":318275,"PRIMENAME":"Harding Lane","ELEVTYP_F":0,"ELEVTYP_T":0},"geometry":{"type":"LineString","coordinates":[[-74.765413804618,39.3074836992256],[-74.7657916246853,39.3078220124674],[-74.7663130675761,39.3082966218403],[-74.7667525360068,39.3086820449585],[-74.7668996577342,39.3088182507089]]}},{"type":"Feature","id":318550,"properties":{"OBJECTID":318550,"PRIMENAME":"Unnamed Segment","ELEVTYP_F":0,"ELEVTYP_T":0},"geometry":{"type":"LineString","coordinates":[[-74.8384131281144,39.2363849216669],[-74.8384467489176,39.2363785398199],[-74.8387468095756,39.2360681924689],[-74.8387417629613,39.2360470629631]]}},{"type":"Feature","id":318977,"properties":{"OBJECTID":318977,"PRIMENAME":"Bryant Street","ELEVTYP_F":0,"ELEVTYP_T":0},"geometry":{"type":"LineString","coordinates":[[-74.8060747428939,39.2410903609992],[-74.807273248091,39.2417671178111],[-74.8073743238147,39.2418241922576],[-74.808311084524,39.2423640240557]]}},{"type":"Feature","id":319018,"properties":{"OBJECTID":319018,"PRIMENAME":"State Highway 49","ELEVTYP_F":0,"ELEVTYP_T":0},"geometry":{"type":"LineString","coordinates":[[-74.8202763413125,39.306769788712],[-74.8200090555291,39.3062281122455],[-74.8197471910942,39.3057121754314],[-74.8195794133647,39.3053755753152],[-74.8194689675427,39.305164817386],[-74.8193586859443,39.3049823940435],[-74.8192606776512,39.3048251426523],[-74.8191341341152,39.3046490783953],[-74.8190036110699,39.3044761561336],[-74.8189165571572,39.3043729107438],[-74.8188446046398,39.3042875780851],[-74.818677563186,39.3041116242169],[-74.8184657299275,39.3039011427619],[-74.8182947468056,39.3037440901177],[-74.8181197371336,39.3036028088911],[-74.8179203420505,39.3034458324169],[-74.8177332328947,39.3033171860522],[-74.817558323882,39.3031979511597],[-74.8173916297579,39.3030976116386],[-74.8171883804853,39.3029784534416],[-74.8169160337848,39.3028342502441],[-74.8166641365326,39.3027184079225],[-74.816355364532,39.3025837754526],[-74.8161725947862,39.302514970376],[-74.8159004786785,39.3024212026453],[-74.8155269462811,39.3023056608029],[-74.8151940551882,39.3022215002635],[-74.8149830081711,39.3021748182356],[-74.8147719895942,39.302134423443],[-74.8145487928537,39.3020972185304],[-74.8143338022387,39.302069464015]]}},{"type":"Feature","id":319822,"properties":{"OBJECTID":319822,"PRIMENAME":"Main Street","ELEVTYP_F":0,"ELEVTYP_T":0},"geometry":{"type":"LineString","coordinates":[[-74.7600696595297,39.1787915829171],[-74.7605332967495,39.1788810199658]]}},{"type":"Feature","id":320212,"properties":{"OBJECTID":320212,"PRIMENAME":"Unnamed Segment","ELEVTYP_F":0,"ELEVTYP_T":0},"geometry":{"type":"LineString","coordinates":[[-74.7523269571206,39.191926623017],[-74.7526666148017,39.1916398469168]]}},{"type":"Feature","id":320460,"properties":{"OBJECTID":320460,"PRIMENAME":"Mill Road","ELEVTYP_F":0,"ELEVTYP_T":0},"geometry":{"type":"LineString","coordinates":[[-74.7609098048672,39.2904290103167],[-74.7607266954924,39.2904933867234],[-74.7603654100466,39.2906204043743],[-74.7601810296367,39.290685230471],[-74.7599792997163,39.2907526299192],[-74.7599251378238,39.2907707266777],[-74.7598648763522,39.2907854958884],[-74.7598493747274,39.2907883032048]]}},{"type":"Feature","id":320585,"properties":{"OBJECTID":320585,"PRIMENAME":"State Highway 83","ELEVTYP_F":0,"ELEVTYP_T":0},"geometry":{"type":"LineString","coordinates":[[-74.765004206234,39.1530446011784],[-74.7648965389286,39.1529338363484],[-74.7639350884656,39.1519447117365],[-74.7634011412795,39.1513947343873],[-74.7633145121587,39.1513046497424]]}},{"type":"Feature","id":320660,"properties":{"OBJECTID":320660,"PRIMENAME":"Weatherby Road","ELEVTYP_F":0,"ELEVTYP_T":0},"geometry":{"type":"LineString","coordinates":[[-74.8787991426789,39.3053580812162],[-74.8782940983042,39.3053506918176],[-74.8763082138966,39.3053148714297],[-74.8748275394775,39.3052864250614],[-74.8737627309491,39.3052717546699],[-74.8717334214806,39.305234059791],[-74.8717236065759,39.3052338767357],[-74.8715436740766,39.3052305334642],[-74.8699853053426,39.3052053208838],[-74.8686679022553,39.3051883580002],[-74.8670667569498,39.3051602222699],[-74.8651994123951,39.3051278246646],[-74.8651915375892,39.3051276881208],[-74.8651509065581,39.3051269832127],[-74.8642686732255,39.3051116531947],[-74.8633048917856,39.3050935505665],[-74.8618164517611,39.3050649629316],[-74.861093288006,39.3050505727993],[-74.861087351974,39.3050504542865],[-74.8599782342344,39.305028377916],[-74.8591582516512,39.3050158091757],[-74.8575882135346,39.3049874462004],[-74.8566865999186,39.3049690707872],[-74.8553225282258,39.3049400460418],[-74.8543004387296,39.3049220197805],[-74.8531384423026,39.3048983951646],[-74.8521590965385,39.304883239972],[-74.8515567801839,39.3048699590739],[-74.8500488964499,39.3048383142017],[-74.8488442046824,39.3048207610004],[-74.8482022359856,39.3048109433932],[-74.848198483608,39.3048108861541],[-74.8471925866587,39.3047954956386],[-74.845645874717,39.3047729428915],[-74.8441924931004,39.3047561075483],[-74.8423543644823,39.3047343722547],[-74.8409165484177,39.3047204697707],[-74.8398595723359,39.3047144997006],[-74.8387870030617,39.3046995041113],[-74.8382851399927,39.3046955819774],[-74.8379048419276,39.3046899870187],[-74.8375318072249,39.3046880757136],[-74.8370421844936,39.3046864737699],[-74.8367391320409,39.304693364556],[-74.8365526617364,39.3047059845864],[-74.836331233332,39.3047247461805],[-74.8361370956509,39.3047524889614],[-74.8359507115758,39.304783201553],[-74.8357566252504,39.3048290382263],[-74.8354384260568,39.3049205360379],[-74.8350853744016,39.305033247504],[-74.8347323432103,39.3051580386723],[-74.8345895744588,39.3052148950485],[-74.834243649415,39.3053526567675],[-74.8339023070306,39.3054834527236],[-74.8338188505577,39.3055104300457],[-74.8337044157257,39.3055474176846],[-74.8335957644981,39.3055749111629],[-74.8334714999133,39.3055964092975],[-74.8333743897134,39.3056057207888],[-74.8333303382568,39.3056069882553],[-74.8333192607566,39.3056073064305],[-74.8332578493409,39.305609074879],[-74.833121806802,39.3056064437905],[-74.832993518588,39.3055917365568],[-74.8328613127839,39.3055709733925],[-74.832728986594,39.3055321157483],[-74.8326277611788,39.305493141174],[-74.8324292036035,39.3054091686029],[-74.8323447719519,39.3053720069113],[-74.8323405263195,39.305370138129],[-74.8321566130659,39.3052891914617],[-74.8318178291076,39.3051392268496],[-74.8315764254255,39.3050372532254],[-74.8313973442129,39.3049683246797],[-74.8311832828717,39.3048935094523],[-74.8309459249862,39.304824718949],[-74.8307241895619,39.3047710118741],[-74.8304324225767,39.3047054214277],[-74.8301095774989,39.3046368988403],[-74.8297478159478,39.3045594251866],[-74.8292188298288,39.3044462070234],[-74.8284914455535,39.304288242603],[-74.8277679446744,39.3041363585142],[-74.827316762818,39.3040409793757],[-74.8270522847233,39.3039904058881],[-74.8268423137115,39.3039577725695],[-74.8266751273247,39.303937100566],[-74.8264846292569,39.3039195402556],[-74.8262669687005,39.3039050491674],[-74.8259482849755,39.3038938609848],[-74.8255247045422,39.3038890331677],[-74.8252604087233,39.3038776910173],[-74.8250365296994,39.3038633194956],[-74.8250349743868,39.3038632193432],[-74.8248561257792,39.3038425763839],[-74.8248461873081,39.3038409294988]]}},{"type":"Feature","id":320705,"properties":{"OBJECTID":320705,"PRIMENAME":"Lake Drive","ELEVTYP_F":0,"ELEVTYP_T":0},"geometry":{"type":"LineString","coordinates":[[-74.842232256681,39.1989163325558],[-74.8422528677225,39.1989582759793],[-74.8425282327733,39.199238266705],[-74.8428168453424,39.1995317284524],[-74.842832652029,39.1995607661816]]}},{"type":"Feature","id":320782,"properties":{"OBJECTID":320782,"PRIMENAME":"Hummingbird Avenue","ELEVTYP_F":0,"ELEVTYP_T":0},"geometry":{"type":"LineString","coordinates":[[-74.7393399901695,39.2488654713558],[-74.7393414673421,39.2487911691429],[-74.7393242934997,39.2487252523039],[-74.7392560632248,39.2486198463768],[-74.739047251039,39.2483267024382],[-74.7383798875773,39.2474235747581]]}},{"type":"Feature","id":321245,"properties":{"OBJECTID":321245,"PRIMENAME":"North Delsea Drive","ELEVTYP_F":0,"ELEVTYP_T":0},"geometry":{"type":"LineString","coordinates":[[-74.8542367049667,39.2008200467588],[-74.8546364596889,39.201016661194],[-74.8567061836919,39.2020319766876],[-74.8574782884507,39.2024086869038],[-74.8597109911065,39.2035064518662],[-74.8610209538379,39.2041481097089],[-74.8617762549557,39.2045180663557],[-74.8625717672464,39.2049271240862],[-74.8629858915733,39.2051641095074],[-74.8632930917502,39.2053472257746],[-74.8636050459324,39.2055484213584],[-74.8638005211864,39.2056776837737],[-74.8639542237364,39.205781981042],[-74.864084613853,39.2058753959689],[-74.864214951142,39.2059652409239],[-74.864391990676,39.2060982668822],[-74.864596933229,39.2062492452663],[-74.8649137054097,39.2064937224119],[-74.8650261136325,39.2065830181467]]}},{"type":"Feature","id":321626,"properties":{"OBJECTID":321626,"PRIMENAME":"FR US 9 SB to NJ 83 WB","ELEVTYP_F":0,"ELEVTYP_T":0},"geometry":{"type":"LineString","coordinates":[[-74.7626586462424,39.151386365717],[-74.7626845459811,39.1513730011785],[-74.7627110264317,39.1513603453577],[-74.7627380556193,39.1513484135364],[-74.762765600906,39.1513372201221],[-74.7627936290312,39.1513267786307],[-74.7628221061511,39.1513171016701],[-74.7628509978798,39.1513082009251],[-74.7628802693308,39.1513000871432],[-74.7629131036842,39.1512925149417],[-74.7629463799897,39.1512862201291],[-74.7629800163307,39.1512812182014],[-74.7630139299043,39.1512775214717],[-74.7630480372252,39.1512751390404],[-74.7630822543311,39.1512740767724],[-74.7631164969896,39.1512743372826],[-74.7631506809052,39.1512759199297],[-74.7631925029775,39.1512797539021],[-74.7632338817457,39.1512858416117],[-74.7632746171293,39.1512941536222],[-74.7633145121587,39.1513046497424]]}},{"type":"Feature","id":321676,"properties":{"OBJECTID":321676,"PRIMENAME":"Unnamed Segment","ELEVTYP_F":0,"ELEVTYP_T":0},"geometry":{"type":"LineString","coordinates":[[-74.7386382412318,39.1977025209102],[-74.7389659190851,39.1978816132758],[-74.7390202801209,39.1980380773984],[-74.7389122105546,39.1982311863699],[-74.7387581592708,39.1984217653464],[-74.7386039329328,39.1985618653843],[-74.7384699227895,39.198656516442],[-74.7384698435364,39.1986611549942]]}},{"type":"Feature","id":321753,"properties":{"OBJECTID":321753,"PRIMENAME":"Poplar Road","ELEVTYP_F":0,"ELEVTYP_T":0},"geometry":{"type":"LineString","coordinates":[[-74.7621196795239,39.2900050007205],[-74.7621404942048,39.2901478399185],[-74.762163323338,39.290442594935],[-74.7621666869968,39.2905136574467],[-74.7621869894789,39.2909427806223],[-74.7622654912983,39.291981741169],[-74.7622949454402,39.2923659080811]]}},{"type":"Feature","id":321897,"properties":{"OBJECTID":321897,"PRIMENAME":"Ocean Road","ELEVTYP_F":0,"ELEVTYP_T":0},"geometry":{"type":"LineString","coordinates":[[-74.7628999531293,39.3091733360527],[-74.7635455796434,39.3087325934928],[-74.7637155154312,39.3086204516659],[-74.7642120895187,39.3082927602052],[-74.7645157250818,39.3080875170532]]}},{"type":"Feature","id":321932,"properties":{"OBJECTID":321932,"PRIMENAME":"Unnamed Segment","ELEVTYP_F":0,"ELEVTYP_T":0},"geometry":{"type":"LineString","coordinates":[[-74.7487597231053,39.1718448566649],[-74.7487540235838,39.1716244943258],[-74.7488498385178,39.1714550620761]]}},{"type":"Feature","id":321990,"properties":{"OBJECTID":321990,"PRIMENAME":"FR NJ 83 EB to US 9 SB","ELEVTYP_F":0,"ELEVTYP_T":0},"geometry":{"type":"LineString","coordinates":[[-74.7633145121587,39.1513046497424],[-74.7632871700907,39.1512628662213],[-74.7632619085919,39.1512202961128],[-74.763238764912,39.1511770021958],[-74.7632177731776,39.1511330483168],[-74.7631991246032,39.1510907699044],[-74.7631835751387,39.1510477383177],[-74.7631711745014,39.1510040911604],[-74.7631619623395,39.1509599680047],[-74.7631519235107,39.1509025771446],[-74.7631442976748,39.1508449615861],[-74.7631397710008,39.150796534227],[-74.7631369492034,39.1507480285101],[-74.7631358343956,39.1506994808165],[-74.7631364274099,39.1506509275585]]}},{"type":"Feature","id":322220,"properties":{"OBJECTID":322220,"PRIMENAME":"Dehirsch Avenue","ELEVTYP_F":0,"ELEVTYP_T":0},"geometry":{"type":"LineString","coordinates":[[-74.7913576573121,39.228013778331],[-74.7910479567601,39.2278367939999],[-74.7909580054128,39.2277853166018]]}},{"type":"Feature","id":322348,"properties":{"OBJECTID":322348,"PRIMENAME":"Unnamed Segment","ELEVTYP_F":0,"ELEVTYP_T":0},"geometry":{"type":"LineString","coordinates":[[-74.7732194282124,39.1561433624636],[-74.7729733572064,39.1563636483661],[-74.7723829076153,39.1568922216606]]}},{"type":"Feature","id":322617,"properties":{"OBJECTID":322617,"PRIMENAME":"FR NJ 50 SB to TUCKAHOE RD","ELEVTYP_F":0,"ELEVTYP_T":0},"geometry":{"type":"LineString","coordinates":[[-74.7403764931032,39.2665064081616],[-74.7403537949913,39.2666449483833],[-74.7403383997547,39.2666982746247],[-74.7402980589122,39.2667492363349],[-74.7402452361545,39.2667856709928],[-74.7401570926867,39.2668330514014]]}},{"type":"Feature","id":322804,"properties":{"OBJECTID":322804,"PRIMENAME":"Unnamed Segment","ELEVTYP_F":0,"ELEVTYP_T":0},"geometry":{"type":"LineString","coordinates":[[-74.7706636853388,39.1502269631929],[-74.7707632079248,39.1502383789893],[-74.7710665932181,39.1502894675823],[-74.771113591001,39.1502973811488]]}},{"type":"Feature","id":322825,"properties":{"OBJECTID":322825,"PRIMENAME":"Clay Street","ELEVTYP_F":0,"ELEVTYP_T":0},"geometry":{"type":"LineString","coordinates":[[-74.8142619355995,39.2360595913237],[-74.8146596901989,39.2362865778508],[-74.8153395704446,39.2366757301668]]}},{"type":"Feature","id":322960,"properties":{"OBJECTID":322960,"PRIMENAME":"Homestead Road","ELEVTYP_F":0,"ELEVTYP_T":0},"geometry":{"type":"LineString","coordinates":[[-74.8354549816054,39.2705383331586],[-74.835628288149,39.2704431890808]]}},{"type":"Feature","id":322965,"properties":{"OBJECTID":322965,"PRIMENAME":"Unnamed Segment","ELEVTYP_F":0,"ELEVTYP_T":0},"geometry":{"type":"LineString","coordinates":[[-74.7675084109026,39.1480231298414],[-74.7674713413144,39.1483080318799]]}},{"type":"Feature","id":323032,"properties":{"OBJECTID":323032,"PRIMENAME":"Laurel Road","ELEVTYP_F":0,"ELEVTYP_T":0},"geometry":{"type":"LineString","coordinates":[[-74.8293161807537,39.1960839600474],[-74.8291596720616,39.1960284435222],[-74.8290097418158,39.1959910861013],[-74.8289124728044,39.1959566823007],[-74.8287584961586,39.1959067873866],[-74.8286327960749,39.1958441540204],[-74.8285301124383,39.1957835437484]]}},{"type":"Feature","id":323163,"properties":{"OBJECTID":323163,"PRIMENAME":"Washington Avenue","ELEVTYP_F":0,"ELEVTYP_T":0},"geometry":{"type":"LineString","coordinates":[[-74.8140303471097,39.2433585378374],[-74.8135104752164,39.2439063364932],[-74.8126279646074,39.2448388761682]]}},{"type":"Feature","id":323431,"properties":{"OBJECTID":323431,"PRIMENAME":"Baywood Drive","ELEVTYP_F":0,"ELEVTYP_T":0},"geometry":{"type":"LineString","coordinates":[[-74.7345512333101,39.1888433558619],[-74.7348292016367,39.1886655855618],[-74.7351749952192,39.1884651739637],[-74.7352706216204,39.1884097525349],[-74.7359042719877,39.1880738463462],[-74.7361489357192,39.1879335303573],[-74.736562264395,39.187696482206]]}},{"type":"Feature","id":323649,"properties":{"OBJECTID":323649,"PRIMENAME":"Franklin Street","ELEVTYP_F":0,"ELEVTYP_T":0},"geometry":{"type":"LineString","coordinates":[[-74.8183006410076,39.2406404067147],[-74.817806394085,39.2403603474788],[-74.8172009039962,39.2400122480039]]}},{"type":"Feature","id":323826,"properties":{"OBJECTID":323826,"PRIMENAME":"FR GSP SB TO CO 625 EB","ELEVTYP_F":0,"ELEVTYP_T":0},"geometry":{"type":"LineString","coordinates":[[-74.7302506839876,39.1720530151],[-74.7305122442565,39.1718127536294],[-74.73063155158,39.1717047161492],[-74.7307100376876,39.1716294093239],[-74.7307707754341,39.1715739614232],[-74.7308239550511,39.1715263819629],[-74.730889814298,39.1714729020937],[-74.7309581971193,39.1714253194726],[-74.7310316657365,39.1713797319924],[-74.7311077567862,39.1713380651146],[-74.7311812574893,39.1713023344399],[-74.7312624188665,39.1712685649535],[-74.731356266172,39.171230844375],[-74.7314374109481,39.1712030059135],[-74.7315008457742,39.1711850874695],[-74.7315744533155,39.1711711025516],[-74.7316378846277,39.1711630680291],[-74.7317013724243,39.1711609653749],[-74.731772483935,39.1711608239607],[-74.7318077340806,39.171164076134],[-74.7318918396318,39.1711783789511],[-74.7319655987115,39.1711999783679],[-74.7320291893185,39.1712295064376],[-74.7320774930617,39.1712550832162],[-74.7321233120648,39.1712866230632],[-74.7321767896739,39.1713300089604],[-74.7322175619546,39.1713714437145],[-74.7322532202358,39.1714128886467],[-74.7322838652158,39.1714642005243],[-74.7323120244351,39.1715313603772],[-74.7323275160535,39.1716084033425],[-74.7323252360001,39.1716874851996],[-74.7323077763303,39.1717843627323],[-74.7322775993654,39.1718753624231],[-74.732234751449,39.1719643829942],[-74.732179155623,39.1720495030992],[-74.7321210074584,39.1721306456587],[-74.7320450938151,39.1722158052667],[-74.7319489230253,39.172308885672],[-74.7318475990051,39.1723901428506],[-74.7317564227619,39.1724575122691],[-74.7316550322845,39.1725189996354],[-74.7315561853703,39.1725705960701],[-74.731439523814,39.1726222016794],[-74.7313076521567,39.1726718870513],[-74.7311301378935,39.1727335241365]]}},{"type":"Feature","id":324402,"properties":{"OBJECTID":324402,"PRIMENAME":"Unnamed Segment","ELEVTYP_F":0,"ELEVTYP_T":0},"geometry":{"type":"LineString","coordinates":[[-74.7651232218794,39.1677845372308],[-74.7650650046357,39.1677628793047],[-74.7648948285964,39.1676995707352],[-74.7645568634842,39.1675738383571],[-74.764490538213,39.1675386751751]]}},{"type":"Feature","id":325025,"properties":{"OBJECTID":325025,"PRIMENAME":"County Road","ELEVTYP_F":0,"ELEVTYP_T":0},"geometry":{"type":"LineString","coordinates":[[-74.820114761889,39.1782423181168],[-74.8200771255437,39.1782374939366],[-74.8200640033747,39.1782358120881],[-74.820006520643,39.178216859649],[-74.8199161927727,39.1781819895223],[-74.8196409946604,39.1780424099538],[-74.8185937078761,39.1775189993593],[-74.8180514708942,39.1772397830784]]}},{"type":"Feature","id":325139,"properties":{"OBJECTID":325139,"PRIMENAME":"State Highway 83","ELEVTYP_F":0,"ELEVTYP_T":0},"geometry":{"type":"LineString","coordinates":[[-74.7944784683426,39.1664385987899],[-74.7942319165371,39.1663875188965],[-74.7938602896585,39.1663020482831],[-74.7930442559003,39.1661014931371],[-74.7916497516744,39.165759410408],[-74.7915917422447,39.1657453601749]]}},{"type":"Feature","id":325756,"properties":{"OBJECTID":325756,"PRIMENAME":"Unnamed Segment","ELEVTYP_F":0,"ELEVTYP_T":0},"geometry":{"type":"LineString","coordinates":[[-74.7567856886215,39.1729064147121],[-74.7567144225819,39.1731926775256],[-74.7567206351517,39.1732442565675],[-74.7567538612771,39.1732676339486],[-74.7568291998316,39.1732721576845],[-74.7572119620543,39.1733088360102],[-74.7575194726809,39.1733644402292],[-74.75786304646,39.1733941665748],[-74.7582338187639,39.1734472840223],[-74.7586165568695,39.1734769222494],[-74.7589178723044,39.173485632655],[-74.7591227281173,39.1734804875469],[-74.7593123456698,39.1734284730216],[-74.7595631249268,39.1733596790094],[-74.7597558061152,39.1731849008074]]}},{"type":"Feature","id":326043,"properties":{"OBJECTID":326043,"PRIMENAME":"Carl Road","ELEVTYP_F":0,"ELEVTYP_T":0},"geometry":{"type":"LineString","coordinates":[[-74.7667922590101,39.3127950257944],[-74.767141784444,39.3124501624232],[-74.7676965402122,39.3119067513928],[-74.7685730381653,39.3110424758268],[-74.7686191010723,39.3109980305187],[-74.769172172637,39.3104643873781],[-74.7695900827997,39.3100596937984],[-74.7701854454086,39.3094700216004],[-74.7710397158229,39.3086404295308],[-74.7717904489639,39.3079119768391],[-74.772666860304,39.3070487520553]]}},{"type":"Feature","id":326938,"properties":{"OBJECTID":326938,"PRIMENAME":"Mount Pleasant Tuckahoe Road","ELEVTYP_F":0,"ELEVTYP_T":0},"geometry":{"type":"LineString","coordinates":[[-74.7544000932053,39.2879352185808],[-74.7542197222568,39.2890296987022],[-74.7541200506801,39.2896368268086],[-74.7540950154018,39.2897589279882],[-74.7540531288819,39.2899107461085],[-74.7539860597899,39.2900949369206]]}},{"type":"Feature","id":327638,"properties":{"OBJECTID":327638,"PRIMENAME":"Unnamed Segment","ELEVTYP_F":0,"ELEVTYP_T":0},"geometry":{"type":"LineString","coordinates":[[-74.7524012497331,39.1665360944893],[-74.7523426039866,39.166512642061],[-74.7521136882368,39.1664210962084],[-74.7520197375205,39.1663655961085]]}},{"type":"Feature","id":327788,"properties":{"OBJECTID":327788,"PRIMENAME":"Perry Road","ELEVTYP_F":0,"ELEVTYP_T":0},"geometry":{"type":"LineString","coordinates":[[-74.7336697973718,39.258602185445],[-74.7337231562641,39.2584834083269],[-74.7339047417442,39.2582224479935],[-74.7341917324732,39.2577864822555],[-74.7344745865861,39.2573505250106],[-74.7346180858877,39.2571292611433],[-74.7348375781491,39.2567890630023],[-74.7350359304913,39.2564752940395],[-74.7352174272441,39.2562011797237],[-74.7353144443368,39.2560328088467],[-74.7353777094712,39.255920490536],[-74.735400013581,39.2558680165778],[-74.735411384626,39.2558412634323],[-74.73543230046,39.2557489100763],[-74.7354362299601,39.2556565361051],[-74.7354189795905,39.2555675001634],[-74.7353988271474,39.2555132220877],[-74.735376143419,39.2554521289821],[-74.735307704196,39.2552840653437],[-74.7352649693015,39.2551884904292],[-74.7352222466928,39.2550962106885],[-74.7351964411919,39.2549940120204],[-74.7351832104853,39.2548390158506],[-74.7351954604631,39.2547004695238],[-74.7352331850906,39.2545651669574],[-74.735283703399,39.2544430175937],[-74.7353764336404,39.2542713051104],[-74.7353945807022,39.2542433014326],[-74.7355283899189,39.2540368150307],[-74.7358788524501,39.2535380605093],[-74.7359542130578,39.2534212690699]]}},{"type":"Feature","id":328052,"properties":{"OBJECTID":328052,"PRIMENAME":"Chaucer Lane","ELEVTYP_F":0,"ELEVTYP_T":0},"geometry":{"type":"LineString","coordinates":[[-74.7487830837264,39.2834949019146],[-74.7487969861209,39.2835397096193],[-74.74903183184,39.2840595184247]]}},{"type":"Feature","id":328449,"properties":{"OBJECTID":328449,"PRIMENAME":"Fremont Avenue","ELEVTYP_F":0,"ELEVTYP_T":0},"geometry":{"type":"LineString","coordinates":[[-74.8371172843856,39.2364626326909],[-74.8374071915326,39.2366285063731],[-74.8375478931981,39.2367090117734],[-74.8390853477712,39.2375842752822],[-74.8396454688729,39.2379050325438]]}},{"type":"Feature","id":328518,"properties":{"OBJECTID":328518,"PRIMENAME":"Unnamed Segment","ELEVTYP_F":0,"ELEVTYP_T":0},"geometry":{"type":"LineString","coordinates":[[-74.7305680939885,39.197656417068],[-74.7307544056306,39.1977927478837],[-74.7308041518352,39.1978291493151]]}},{"type":"Feature","id":328847,"properties":{"OBJECTID":328847,"PRIMENAME":"Unnamed Segment","ELEVTYP_F":0,"ELEVTYP_T":0},"geometry":{"type":"LineString","coordinates":[[-74.7737280379926,39.1565020974986],[-74.7736301184453,39.1563949402046],[-74.773469003452,39.1562733708668],[-74.7732194282124,39.1561433624636]]}},{"type":"Feature","id":328911,"properties":{"OBJECTID":328911,"PRIMENAME":"Unnamed Segment","ELEVTYP_F":0,"ELEVTYP_T":0},"geometry":{"type":"LineString","coordinates":[[-74.7687713995625,39.1497911053029],[-74.7692434800528,39.1498966868904]]}},{"type":"Feature","id":328978,"properties":{"OBJECTID":328978,"PRIMENAME":"Pacific Avenue","ELEVTYP_F":0,"ELEVTYP_T":0},"geometry":{"type":"LineString","coordinates":[[-74.7991044248065,39.2396260001327],[-74.7994075672268,39.2393507107866],[-74.7995167715048,39.2392319389736],[-74.7994808327637,39.2392086972894],[-74.7993853679546,39.2391469613771],[-74.7992540251373,39.2390762039141],[-74.7991104649729,39.238998367457]]}},{"type":"Feature","id":329679,"properties":{"OBJECTID":329679,"PRIMENAME":"Unnamed Segment","ELEVTYP_F":0,"ELEVTYP_T":0},"geometry":{"type":"LineString","coordinates":[[-74.77012838185,39.1476978723282],[-74.7701186520675,39.1476911574916],[-74.7699235776833,39.1476007353358]]}},{"type":"Feature","id":329704,"properties":{"OBJECTID":329704,"PRIMENAME":"State Highway 49","ELEVTYP_F":0,"ELEVTYP_T":0},"geometry":{"type":"LineString","coordinates":[[-74.7789549338796,39.2976039768345],[-74.7785484367348,39.2973878756222],[-74.778264070861,39.2972436654448],[-74.7779715903347,39.2971026033813],[-74.7777359990524,39.2969960557265],[-74.777472033404,39.2968895481927],[-74.7772527385809,39.2968018787823],[-74.7769319851765,39.2966860871879],[-74.7766559282524,39.2965953672569],[-74.7764082965189,39.2965172086506],[-74.7761607372208,39.2964484944156],[-74.7759334644617,39.2963891775483],[-74.7756899494125,39.2963330551619],[-74.7754951772773,39.2962893932531],[-74.775182766881,39.2962271459987],[-74.7750191458306,39.2961965354741],[-74.7750163857276,39.2961960186187],[-74.7748013677199,39.2961618754647],[-74.7746811643025,39.2961451832054],[-74.7745336517067,39.2961246988186],[-74.774326752089,39.2960968503753],[-74.7740184580823,39.2960566107794],[-74.7736087824141,39.2960071635851],[-74.7732631933515,39.2959630829612]]}},{"type":"Feature","id":329718,"properties":{"OBJECTID":329718,"PRIMENAME":"North Delsea Drive","ELEVTYP_F":0,"ELEVTYP_T":0},"geometry":{"type":"LineString","coordinates":[[-74.8204272189078,39.1893781579651],[-74.8204872557707,39.1894446319887],[-74.8206596080553,39.1896138180317],[-74.8208040639864,39.1897470283767],[-74.8209810107694,39.189894509219],[-74.8211392174835,39.1900095862216],[-74.8213347439068,39.1901535011572],[-74.8217023311786,39.1904014987236],[-74.8224423226783,39.1909229291413],[-74.8231636491414,39.1914190634342],[-74.8234661609111,39.1916312115305],[-74.8238058582814,39.1918649745746],[-74.8239872716384,39.1919835531626],[-74.8241408699628,39.1920842237219],[-74.8244151649512,39.1922436202793]]}},{"type":"Feature","id":330480,"properties":{"OBJECTID":330480,"PRIMENAME":"Fish Hawk Lane","ELEVTYP_F":0,"ELEVTYP_T":0},"geometry":{"type":"LineString","coordinates":[[-74.7817302340566,39.1428277266368],[-74.7817018674911,39.1428607975161],[-74.7792548638578,39.1457136002806],[-74.7789106405291,39.1458890047558]]}},{"type":"Feature","id":330486,"properties":{"OBJECTID":330486,"PRIMENAME":"Godfrey Lane","ELEVTYP_F":0,"ELEVTYP_T":0},"geometry":{"type":"LineString","coordinates":[[-74.7659806964849,39.3094341255388],[-74.7656965290037,39.3091804687632],[-74.7654432144921,39.3089445599733],[-74.7651861912562,39.3087086869942],[-74.7648621004775,39.3084008638411],[-74.7645157250818,39.3080875170532]]}},{"type":"Feature","id":330670,"properties":{"OBJECTID":330670,"PRIMENAME":"Unnamed Segment","ELEVTYP_F":0,"ELEVTYP_T":0},"geometry":{"type":"LineString","coordinates":[[-74.7370163480907,39.2013941835601],[-74.736573257158,39.2013857037545]]}},{"type":"Feature","id":330690,"properties":{"OBJECTID":330690,"PRIMENAME":"Eldora Road","ELEVTYP_F":0,"ELEVTYP_T":0},"geometry":{"type":"LineString","coordinates":[[-74.8664666057016,39.2688258358899],[-74.8661486559598,39.2689942417489],[-74.8655250573742,39.2693268657696],[-74.8651008673085,39.269553042982],[-74.8648548059059,39.2696827521678],[-74.8648366840518,39.2696961527924]]}},{"type":"Feature","id":331022,"properties":{"OBJECTID":331022,"PRIMENAME":"Holly Lane","ELEVTYP_F":0,"ELEVTYP_T":0},"geometry":{"type":"LineString","coordinates":[[-74.8665745406716,39.2611886963347],[-74.8661389695841,39.2607175299078],[-74.8660360759632,39.2605866361031],[-74.8659644055883,39.260476291819],[-74.8658926445899,39.2603417850382],[-74.8656824971898,39.2600902790349],[-74.8653071400918,39.259683856925],[-74.8649942679943,39.2593325076651]]}},{"type":"Feature","id":331079,"properties":{"OBJECTID":331079,"PRIMENAME":"Unnamed Segment","ELEVTYP_F":0,"ELEVTYP_T":0},"geometry":{"type":"LineString","coordinates":[[-74.7730602032091,39.1527370398478],[-74.7730196702808,39.1527301010496],[-74.7728177889499,39.1527094671224],[-74.7727454117064,39.1526861840612],[-74.7727030296509,39.1526300005684],[-74.7726757226204,39.1525784715626],[-74.7726903642925,39.1524705608366],[-74.7727846827154,39.1519356511186],[-74.7727813983708,39.1518653050102],[-74.772744921076,39.1517786187764],[-74.7726361039166,39.1516780333576],[-74.7725033731513,39.1516244050826],[-74.7722741730321,39.1515475513979],[-74.7715053784002,39.151350009722],[-74.7703900979224,39.1511204335045],[-74.7701840181533,39.1510736317356]]}},{"type":"Feature","id":331102,"properties":{"OBJECTID":331102,"PRIMENAME":"Unnamed Segment","ELEVTYP_F":0,"ELEVTYP_T":0},"geometry":{"type":"LineString","coordinates":[[-74.7699235776833,39.1476007353358],[-74.7699168390265,39.1475708286197],[-74.7698782256732,39.147514635316],[-74.7698347285852,39.1474513375655],[-74.7697976684566,39.1473974053513]]}},{"type":"Feature","id":331635,"properties":{"OBJECTID":331635,"PRIMENAME":"FR RT 47 NB to RT 83 EB","ELEVTYP_F":0,"ELEVTYP_T":0},"geometry":{"type":"LineString","coordinates":[[-74.8202086260955,39.1794435182132],[-74.8201599160567,39.1795563374904],[-74.8201552954145,39.179574477917],[-74.8201494456544,39.179592402182],[-74.8201423832276,39.179610059875],[-74.8201341279957,39.1796274013348],[-74.8201254201194,39.1796431670398],[-74.8201157262632,39.1796585802374],[-74.8201020931159,39.1796775081961],[-74.8200928922888,39.1796888975026],[-74.8200920587743,39.1796898817022],[-74.8200773462131,39.1797061771196],[-74.8200614623462,39.179721792225],[-74.8200444589854,39.1797366760822],[-74.8200263915947,39.1797507801408],[-74.8199943906109,39.1797672609097],[-74.8199602765738,39.1797809352793],[-74.8199244541531,39.1797916410403],[-74.8198873482843,39.1797992511977],[-74.8198509365581,39.1798035598516],[-74.8198146062339,39.1798048883092],[-74.8197956917313,39.1798044240426],[-74.8197954914617,39.1798044164847],[-74.8197714934993,39.1798026705086],[-74.8197477050737,39.1797996515857],[-74.8197420920697,39.1797987463347],[-74.819619186234,39.1797707270457]]}},{"type":"Feature","id":332055,"properties":{"OBJECTID":332055,"PRIMENAME":"Unnamed Segment","ELEVTYP_F":0,"ELEVTYP_T":0},"geometry":{"type":"LineString","coordinates":[[-74.7669276677855,39.1471616208208],[-74.7677608042136,39.1473125067742],[-74.7677685978022,39.1473139185033]]}},{"type":"Feature","id":332680,"properties":{"OBJECTID":332680,"PRIMENAME":"Old State Fire Trail","ELEVTYP_F":0,"ELEVTYP_T":0},"geometry":{"type":"LineString","coordinates":[[-74.8490469600374,39.1973467819625],[-74.8490355992175,39.1973612590299],[-74.848846702933,39.197617424907],[-74.8486362398684,39.1978870828004],[-74.8485494424505,39.1980317962288]]}},{"type":"Feature","id":334150,"properties":{"OBJECTID":334150,"PRIMENAME":"Cedar Road","ELEVTYP_F":0,"ELEVTYP_T":0},"geometry":{"type":"LineString","coordinates":[[-74.7501881950017,39.1769176047295],[-74.7504319098909,39.1761179564139]]}},{"type":"Feature","id":334190,"properties":{"OBJECTID":334190,"PRIMENAME":"Grant Avenue","ELEVTYP_F":0,"ELEVTYP_T":0},"geometry":{"type":"LineString","coordinates":[[-74.8204598899023,39.2418740413302],[-74.8198666943743,39.2425050460345],[-74.8191971379758,39.2432152494057],[-74.8191422977456,39.2432734191223],[-74.819057227483,39.243365688581],[-74.8190253246275,39.243400289278]]}},{"type":"Feature","id":334541,"properties":{"OBJECTID":334541,"PRIMENAME":"Devon Court","ELEVTYP_F":0,"ELEVTYP_T":0},"geometry":{"type":"LineString","coordinates":[[-74.7472601371762,39.1662946436631],[-74.747985798829,39.1653623071298],[-74.7480851595407,39.1652346459624]]}},{"type":"Feature","id":334547,"properties":{"OBJECTID":334547,"PRIMENAME":"Nordic Drive","ELEVTYP_F":0,"ELEVTYP_T":0},"geometry":{"type":"LineString","coordinates":[[-74.7323871465909,39.2472705584465],[-74.7323501457105,39.2472633526948],[-74.7316471605772,39.2471264546263],[-74.7310989568057,39.2470247162088],[-74.7309439409767,39.2470044857627],[-74.7307890620597,39.2470047927658],[-74.7306379300765,39.2470168434155],[-74.7304831280588,39.2470406533051],[-74.7303510199097,39.2470819905159],[-74.7302000917505,39.2471351998249],[-74.7300567527072,39.2472089030479],[-74.7299323441025,39.2472943758461],[-74.7297952168356,39.2474214169858],[-74.7297139256684,39.2475180891124],[-74.729612444938,39.2476828133257],[-74.7294545942338,39.2479416613833],[-74.7292405145319,39.2483386750316],[-74.7291505293334,39.2485533206666],[-74.7291094132084,39.2486797324304],[-74.7290795963437,39.2488061210524],[-74.7290650170345,39.2489706737968],[-74.7290617550798,39.2491293281924],[-74.7290660778573,39.249296753417],[-74.7290929581498,39.2494289345141],[-74.7291312204575,39.2495757280195],[-74.7291883314445,39.2497195459265],[-74.729274329226,39.2499390348226]]}},{"type":"Feature","id":334986,"properties":{"OBJECTID":334986,"PRIMENAME":"Marshallville Road","ELEVTYP_F":0,"ELEVTYP_T":0},"geometry":{"type":"LineString","coordinates":[[-74.7783221144073,39.2982570452116],[-74.7782723967685,39.2982400584346],[-74.7781268533991,39.2982076227659],[-74.7779109513864,39.2981570953167],[-74.7774086978416,39.2980416841189],[-74.7766154252816,39.2978686706482],[-74.7759831396966,39.2977245954734],[-74.7757569635711,39.2976730578406],[-74.7753808948907,39.2975873622837],[-74.7744843604589,39.2973744641629],[-74.7742402506207,39.2973203994273],[-74.7740806816704,39.2972879917266],[-74.773841342211,39.2972521195421],[-74.7734096989455,39.2971984669692],[-74.7732400657916,39.2971766798654]]}},{"type":"Feature","id":335152,"properties":{"OBJECTID":335152,"PRIMENAME":"Lake Vista Drive","ELEVTYP_F":0,"ELEVTYP_T":0},"geometry":{"type":"LineString","coordinates":[[-74.7618446685191,39.15799562819],[-74.7615700532469,39.1581996507377],[-74.7613833872425,39.1583155012675],[-74.7612495849358,39.1583927653747],[-74.761143858791,39.1584424538924],[-74.7610274871809,39.1584839559107],[-74.7609075480078,39.1585144548436],[-74.7607523197265,39.1585395420009],[-74.7606112193557,39.1585508406459],[-74.7604734796569,39.158545657064],[-74.7603534127285,39.1585321686414],[-74.7602262374925,39.1585132323783],[-74.7600000907907,39.1584532755057],[-74.7597421475539,39.1583878705237],[-74.7595336600179,39.1583251267262],[-74.7590813580365,39.1582024370828],[-74.7583039393599,39.1579870551045],[-74.7571554656924,39.1576626019942],[-74.7568058233736,39.1575697973902],[-74.7566007380907,39.1575153609858]]}},{"type":"Feature","id":335442,"properties":{"OBJECTID":335442,"PRIMENAME":"Schoolhouse Lane","ELEVTYP_F":0,"ELEVTYP_T":0},"geometry":{"type":"LineString","coordinates":[[-74.7336213902811,39.1765139659237],[-74.733690961488,39.1766007022075],[-74.7337534250551,39.1766611212517],[-74.7348046415959,39.1774557986009],[-74.7351392003891,39.1777221138856],[-74.7358061496291,39.1782530100051],[-74.7366578580824,39.1789148501647]]}},{"type":"Feature","id":335959,"properties":{"OBJECTID":335959,"PRIMENAME":"State Highway 50","ELEVTYP_F":0,"ELEVTYP_T":0},"geometry":{"type":"LineString","coordinates":[[-74.7531115329911,39.2882459916555],[-74.7532660892623,39.2885625096736],[-74.7535236888299,39.2890878877376],[-74.7536221264082,39.2892834420351],[-74.753697856696,39.2894235273512],[-74.7537772694229,39.2895460602397],[-74.7538756239819,39.2897182481466],[-74.7539249153995,39.2898262659469],[-74.7539552441952,39.2899079950517],[-74.7539744148949,39.2900014717427],[-74.7539860597899,39.2900949369206]]}},{"type":"Feature","id":336006,"properties":{"OBJECTID":336006,"PRIMENAME":"Oxford Circle","ELEVTYP_F":0,"ELEVTYP_T":0},"geometry":{"type":"LineString","coordinates":[[-74.7519774733981,39.1678699678259],[-74.7521893969069,39.1677433137392],[-74.7523056561669,39.1676743632973],[-74.7523831880311,39.1676357278341],[-74.7524325447562,39.1676191184823],[-74.752485485436,39.1676080207776],[-74.7525454631314,39.167602399306],[-74.7526160680534,39.1675994734954],[-74.7526867321129,39.1676130760853],[-74.7527821457677,39.1676431273961],[-74.7530438404936,39.1677634554729],[-74.7535849530882,39.1680178820306],[-74.7538642967274,39.1681409426259],[-74.7540835434029,39.1682366490386],[-74.7542674439187,39.1683214482512],[-74.7544796273952,39.1684144505977],[-74.7545609745262,39.16845548715],[-74.7546034651947,39.1684911440645],[-74.7546212401852,39.1685295736967],[-74.7546249953586,39.1685927727622],[-74.7546075931256,39.1686477807957],[-74.7545691486644,39.1687660420638],[-74.7545111876048,39.1689403320963]]}},{"type":"Feature","id":336334,"properties":{"OBJECTID":336334,"PRIMENAME":"Beaver Dam Road","ELEVTYP_F":0,"ELEVTYP_T":0},"geometry":{"type":"LineString","coordinates":[[-74.8169034067455,39.1632967564223],[-74.8169698876181,39.163413763757],[-74.8175263277764,39.1644056374056],[-74.8179124514216,39.1650668612738],[-74.8185341363372,39.1661217301821],[-74.8185665509324,39.1661763971486],[-74.8189725877357,39.16686117197],[-74.8194341188368,39.1676788836975],[-74.8195516493276,39.1679289472243]]}},{"type":"Feature","id":336842,"properties":{"OBJECTID":336842,"PRIMENAME":"Timothy Lane","ELEVTYP_F":0,"ELEVTYP_T":0},"geometry":{"type":"LineString","coordinates":[[-74.7578228726444,39.1633838995925],[-74.7579108221627,39.1634379336508],[-74.7580064889074,39.1635283867651],[-74.7581446898413,39.1636764622992],[-74.7582581533529,39.163810917763],[-74.7583857656603,39.1639370495268],[-74.7584813319016,39.1640192931259],[-74.7585839837649,39.1640904820514],[-74.758686584597,39.164147998076],[-74.7588421483656,39.1642108869936],[-74.758976512925,39.1642545214555],[-74.7591283932748,39.1642844420917],[-74.7592696521912,39.1643033752153],[-74.7594144425886,39.1643140360169],[-74.7595556252544,39.1643027386353],[-74.7597002944337,39.1642804232688],[-74.7598695617909,39.1642333122528],[-74.7600458379967,39.1641642202133],[-74.7601797636764,39.1640979682207],[-74.7603487625609,39.1639876506943],[-74.7604826120975,39.163891195218],[-74.7609367075953,39.1635438565783],[-74.7611409269037,39.1633922447756],[-74.7615880986035,39.1630724315944],[-74.7617007630217,39.1629897240107],[-74.7617852366602,39.1629235803036],[-74.7618485074876,39.1628464750311],[-74.7618941290828,39.1627749279236],[-74.761929178612,39.162706122389],[-74.7619606819041,39.1626318342044],[-74.7619710698743,39.1625894705468]]}},{"type":"Feature","id":337329,"properties":{"OBJECTID":337329,"PRIMENAME":"Washington Avenue","ELEVTYP_F":0,"ELEVTYP_T":0},"geometry":{"type":"LineString","coordinates":[[-74.8172009039962,39.2400122480039],[-74.8162744412512,39.240995593406],[-74.8157648671254,39.2415326112745]]}},{"type":"Feature","id":337415,"properties":{"OBJECTID":337415,"PRIMENAME":"Heilprin Avenue","ELEVTYP_F":0,"ELEVTYP_T":0},"geometry":{"type":"LineString","coordinates":[[-74.8106531210364,39.2362728399725],[-74.8102130645909,39.2367397156317],[-74.8099895234936,39.236974542692]]}},{"type":"Feature","id":337592,"properties":{"OBJECTID":337592,"PRIMENAME":"Garden State Parkway","ELEVTYP_F":0,"ELEVTYP_T":1},"geometry":{"type":"LineString","coordinates":[[-74.7259690355945,39.178315678715],[-74.7259864727469,39.1782877342823],[-74.7261686988823,39.1779956718577],[-74.7267901756716,39.1770040977117],[-74.7272244123568,39.1763168123836],[-74.7275213787259,39.1758371535012],[-74.7277224399707,39.1755149854271],[-74.7279509566738,39.1751534444551],[-74.728234329303,39.1747274352863],[-74.7286275434156,39.1741582651172],[-74.7289110827439,39.1737643786645],[-74.7291305901266,39.1734672132934],[-74.7295192830663,39.1729659242818],[-74.7298578072311,39.1725290932289],[-74.7300000891218,39.1723566759854],[-74.730117148072,39.1722148233406]]}},{"type":"Feature","id":337817,"properties":{"OBJECTID":337817,"PRIMENAME":"Webster Street","ELEVTYP_F":0,"ELEVTYP_T":0},"geometry":{"type":"LineString","coordinates":[[-74.8156568601022,39.2345846610469],[-74.816736028385,39.2351984480428]]}},{"type":"Feature","id":337829,"properties":{"OBJECTID":337829,"PRIMENAME":"Hagen Road","ELEVTYP_F":0,"ELEVTYP_T":0},"geometry":{"type":"LineString","coordinates":[[-74.7819557371155,39.1673702338886],[-74.7814195290293,39.1672290526721],[-74.7793569323473,39.1667169617072],[-74.7779543540546,39.1663617470389],[-74.7776534427787,39.1662794323667],[-74.7773184785885,39.1661746013449],[-74.7769543473752,39.1660433414393],[-74.7764930951128,39.1658708218814],[-74.7755608459821,39.1655220122847],[-74.7742935981591,39.1650456751365],[-74.7731627490505,39.1646273184509],[-74.7730263965559,39.1645768739628],[-74.7711981051673,39.163896470978],[-74.771069696911,39.1638486811922]]}},{"type":"Feature","id":338507,"properties":{"OBJECTID":338507,"PRIMENAME":"North Delsea Drive","ELEVTYP_F":0,"ELEVTYP_T":0},"geometry":{"type":"LineString","coordinates":[[-74.8207803042196,39.171575572226],[-74.8207500990208,39.171747827661],[-74.8207185976151,39.1719573055916],[-74.8205827990412,39.1727049362004],[-74.8204607062365,39.1733875641944],[-74.8203719631992,39.1738949760374]]}},{"type":"Feature","id":338656,"properties":{"OBJECTID":338656,"PRIMENAME":"Longfellow Street","ELEVTYP_F":0,"ELEVTYP_T":0},"geometry":{"type":"LineString","coordinates":[[-74.8151217651435,39.2439924319041],[-74.8140303471097,39.2433585378374]]}},{"type":"Feature","id":338725,"properties":{"OBJECTID":338725,"PRIMENAME":"Maple Street","ELEVTYP_F":0,"ELEVTYP_T":0},"geometry":{"type":"LineString","coordinates":[[-74.754331488846,39.3008301394982],[-74.7537033202642,39.3010318905029],[-74.7531805764405,39.3011973861292],[-74.7529206408345,39.3012817775357]]}},{"type":"Feature","id":339011,"properties":{"OBJECTID":339011,"PRIMENAME":"Webster Street","ELEVTYP_F":0,"ELEVTYP_T":0},"geometry":{"type":"LineString","coordinates":[[-74.8221689413946,39.2383068906959],[-74.8218206697733,39.2381070035737],[-74.8210873746047,39.2376909360682]]}},{"type":"Feature","id":339082,"properties":{"OBJECTID":339082,"PRIMENAME":"Fidler Hill Road","ELEVTYP_F":0,"ELEVTYP_T":0},"geometry":{"type":"LineString","coordinates":[[-74.7966777008494,39.2306136787086],[-74.7963928108903,39.2308769500971]]}},{"type":"Feature","id":339264,"properties":{"OBJECTID":339264,"PRIMENAME":"Main Street","ELEVTYP_F":0,"ELEVTYP_T":0},"geometry":{"type":"LineString","coordinates":[[-74.7539556479401,39.3001529652636],[-74.7539898585214,39.3002122797151],[-74.7541430380816,39.300491677113],[-74.754331488846,39.3008301394982]]}},{"type":"Feature","id":339791,"properties":{"OBJECTID":339791,"PRIMENAME":"Hill Road","ELEVTYP_F":0,"ELEVTYP_T":0},"geometry":{"type":"LineString","coordinates":[[-74.8402870697246,39.2382635494887],[-74.8403054620824,39.2382408985483],[-74.8404279712827,39.2381077021328],[-74.8407243501024,39.2377731202297],[-74.8408902396425,39.2375718408398],[-74.8410127165397,39.2374324390056],[-74.8410917439899,39.2373395396855],[-74.8411746496961,39.2372311428589],[-74.8412811776047,39.237079431728],[-74.841301214112,39.2370491079819]]}},{"type":"Feature","id":340114,"properties":{"OBJECTID":340114,"PRIMENAME":"Hands Mill Road","ELEVTYP_F":0,"ELEVTYP_T":0},"geometry":{"type":"LineString","coordinates":[[-74.9009283679329,39.2419289611308],[-74.9007696691885,39.2419878815745],[-74.9006327920876,39.242046835743],[-74.9004693419123,39.2421024769081],[-74.9000407286056,39.24223475662],[-74.8993516457613,39.242481489546],[-74.8989320068582,39.242634354256],[-74.8983754428129,39.2428324676056],[-74.8978409007077,39.2430166925493],[-74.8974609686142,39.2431487955695],[-74.8970975625152,39.2432752676124],[-74.8967356756035,39.2434018423457],[-74.8964891370643,39.2434893915308],[-74.8963787678391,39.2435414141061],[-74.8962507297335,39.2436037931018],[-74.8961448859958,39.2436695565332],[-74.8960523218038,39.2437421380861],[-74.8959509881837,39.2438251016401],[-74.8958718129097,39.2439114210298],[-74.8958058949569,39.2439942091262],[-74.8957355856712,39.2440874175158],[-74.8956784938736,39.2441702025737],[-74.8956038283408,39.2442737229923],[-74.8954677156853,39.2444703665386],[-74.8953837085407,39.2445957463798],[-74.8952613648224,39.2447670550227],[-74.895134057435,39.2449602361465],[-74.8949891724454,39.2451672323095],[-74.8949460531604,39.2452294317412],[-74.8942646420928,39.2462115215971],[-74.8942069103382,39.2462948386605]]}},{"type":"Feature","id":340407,"properties":{"OBJECTID":340407,"PRIMENAME":"Unnamed Segment","ELEVTYP_F":0,"ELEVTYP_T":0},"geometry":{"type":"LineString","coordinates":[[-74.7721913151053,39.1486647301973],[-74.7723989983325,39.1486748893175],[-74.7725141253568,39.1486552728372],[-74.7726246632603,39.1486180789694],[-74.7727554442984,39.148557971592],[-74.7728882400373,39.1484345410773],[-74.7730185357317,39.1482495573321],[-74.7731330488931,39.148071644186],[-74.7732966482964,39.1477370785733]]}},{"type":"Feature","id":341083,"properties":{"OBJECTID":341083,"PRIMENAME":"Indian Road","ELEVTYP_F":0,"ELEVTYP_T":0},"geometry":{"type":"LineString","coordinates":[[-74.8247366195447,39.2026819272091],[-74.8246676205003,39.2027949278976],[-74.8244996198919,39.2032349267775],[-74.8244766191843,39.2033729260969]]}},{"type":"Feature","id":341125,"properties":{"OBJECTID":341125,"PRIMENAME":"Unnamed Segment","ELEVTYP_F":0,"ELEVTYP_T":0},"geometry":{"type":"LineString","coordinates":[[-74.7370769060581,39.1984883505735],[-74.7375403047317,39.1985458392541]]}},{"type":"Feature","id":341275,"properties":{"OBJECTID":341275,"PRIMENAME":"New Jersey Avenue","ELEVTYP_F":0,"ELEVTYP_T":0},"geometry":{"type":"LineString","coordinates":[[-74.7451314939453,39.2851966914052],[-74.7455385872313,39.2850870218481],[-74.7458320569445,39.285001483253]]}},{"type":"Feature","id":341461,"properties":{"OBJECTID":341461,"PRIMENAME":"Marshallville Road","ELEVTYP_F":0,"ELEVTYP_T":0},"geometry":{"type":"LineString","coordinates":[[-74.7732400657916,39.2971766798654],[-74.7725744717708,39.2970910922323],[-74.7717580613088,39.2969873456174],[-74.7703222841781,39.2967975563703],[-74.7693181997502,39.2966650696572],[-74.7679246551836,39.2964824281217],[-74.7674052401868,39.296418494021]]}},{"type":"Feature","id":341651,"properties":{"OBJECTID":341651,"PRIMENAME":"Academy Lane","ELEVTYP_F":0,"ELEVTYP_T":0},"geometry":{"type":"LineString","coordinates":[[-74.7635309810391,39.1714811412726],[-74.763243215333,39.1714346202601],[-74.7624872152626,39.1713208932513],[-74.7612790135668,39.1711339867686],[-74.7604629128413,39.1710011619917],[-74.759431336942,39.1708330616761],[-74.7588731596762,39.1707463560627],[-74.7581065917788,39.170632624981],[-74.7578169239698,39.1705947707301],[-74.7576085335128,39.1705677461456],[-74.7574177931225,39.1705544388863],[-74.7571740988703,39.1705385024388],[-74.7568563089919,39.1705172102957],[-74.756227689155,39.1704773529567],[-74.755630905604,39.1704429409213],[-74.7549457987876,39.170408719094],[-74.7542041696072,39.1703608607642],[-74.753681547487,39.1703400066044],[-74.7533284892667,39.1703490389339],[-74.7525623964056,39.1703644305854],[-74.7514714981256,39.1703888107797],[-74.7507512859797,39.1704013187301],[-74.7505676670816,39.170396222189],[-74.7502428250324,39.1703749262694],[-74.7499707656791,39.1703370426192],[-74.7497906215464,39.1703071977021],[-74.7496422151398,39.1702745396683],[-74.7494654862291,39.1702226938868],[-74.7493311313432,39.1701735299587],[-74.7490695084661,39.1700641494285],[-74.7484966241818,39.1698125155002],[-74.7478318255908,39.1695116236758],[-74.747064446025,39.1691669576664],[-74.7455155861117,39.1684639122443],[-74.7448643561834,39.1681727218711]]}},{"type":"Feature","id":341960,"properties":{"OBJECTID":341960,"PRIMENAME":"Marshallville Road","ELEVTYP_F":0,"ELEVTYP_T":0},"geometry":{"type":"LineString","coordinates":[[-74.7845946478127,39.3005302268176],[-74.7844112209076,39.3005172483747],[-74.7841766013521,39.3004813589214],[-74.783843281847,39.3004020245563],[-74.783448914684,39.3003009552357],[-74.7828995812826,39.3001455951587],[-74.7823596091808,39.2999974847765],[-74.7820262849293,39.2999072183005],[-74.7817539130993,39.2998240243256],[-74.7814579819675,39.2997081852128],[-74.7811197122007,39.2995559572893],[-74.7807954938202,39.2994000425772],[-74.7798275707892,39.2989468901649],[-74.7788972108588,39.2985081905795],[-74.7785636165269,39.2983559439845],[-74.7783991855643,39.2982834665812],[-74.7783221144073,39.2982570452116]]}},{"type":"Feature","id":342312,"properties":{"OBJECTID":342312,"PRIMENAME":"Cedar Lane West","ELEVTYP_F":0,"ELEVTYP_T":0},"geometry":{"type":"LineString","coordinates":[[-74.8152272506687,39.1682617418601],[-74.8147858864126,39.1675146783094],[-74.8141217254089,39.1663530936588],[-74.8136703137599,39.1655664149537],[-74.8136053751923,39.165486111639],[-74.813577147145,39.165467735752],[-74.8135368877491,39.1654563944359],[-74.8134889240519,39.1654495491902],[-74.8134587363194,39.1654505915865],[-74.8134329427731,39.165456399296],[-74.8132694944488,39.1655037913227],[-74.8125427996005,39.1657672483605],[-74.8124879703944,39.1657855706867]]}},{"type":"Feature","id":342463,"properties":{"OBJECTID":342463,"PRIMENAME":"Woodbine Road","ELEVTYP_F":0,"ELEVTYP_T":0},"geometry":{"type":"LineString","coordinates":[[-74.7908114840084,39.2861303046036],[-74.7907839594558,39.2861594905132],[-74.7906601487424,39.2862856899808],[-74.7905212752512,39.2864178029398],[-74.7902810791658,39.2866467892991],[-74.7899921413121,39.2869314968955],[-74.7899026784271,39.287016699311],[-74.7894517542112,39.2874510924261],[-74.7890502158977,39.2878414850075],[-74.78826964162,39.2885988448142],[-74.787747953664,39.2891007867331],[-74.7868134481216,39.2900078276017],[-74.7864569043658,39.2903483489671],[-74.7855937020105,39.2911848874807],[-74.785165821099,39.2915988064],[-74.7843814057545,39.2923531836681],[-74.7838484386093,39.2928756452305],[-74.7829363757149,39.2937562418711],[-74.7824822090826,39.294196519436],[-74.7818891412084,39.2947718344493],[-74.7816564166828,39.294991998993]]}},{"type":"Feature","id":342502,"properties":{"OBJECTID":342502,"PRIMENAME":"Maple Street","ELEVTYP_F":0,"ELEVTYP_T":0},"geometry":{"type":"LineString","coordinates":[[-74.7521240077281,39.1755884676981],[-74.7522463356584,39.1752002558848]]}},{"type":"Feature","id":342723,"properties":{"OBJECTID":342723,"PRIMENAME":"Woodbine Avenue","ELEVTYP_F":0,"ELEVTYP_T":0},"geometry":{"type":"LineString","coordinates":[[-74.8610134611808,39.2629869902459],[-74.860872820425,39.2628294653508],[-74.8605914558045,39.2625113948389],[-74.8603175903095,39.26220200506],[-74.8600436974486,39.2618867935938],[-74.8597285949449,39.2615311546845],[-74.8594134607326,39.2611754879691],[-74.8590645740644,39.2607735213257],[-74.8587381771618,39.2604034166525],[-74.8585581941652,39.2602096844268],[-74.8584082273794,39.2600564965087],[-74.8583070574066,39.2599698235796],[-74.858172281785,39.2598658464427],[-74.8580000875392,39.2597446037259],[-74.8577643946116,39.2596032378039],[-74.8576722212781,39.2595509777951],[-74.8575100754733,39.2594590450506],[-74.8570686856588,39.2592052675578],[-74.8565450360374,39.2589082215422],[-74.8557183765283,39.2584323364438],[-74.8549478666385,39.2579881525927],[-74.8543681329185,39.2576593893255],[-74.8534629514883,39.2571402073493],[-74.852647593694,39.2566700870573],[-74.852135813888,39.2563780882448]]}},{"type":"Feature","id":342799,"properties":{"OBJECTID":342799,"PRIMENAME":"Gravel Hole Road","ELEVTYP_F":0,"ELEVTYP_T":0},"geometry":{"type":"LineString","coordinates":[[-74.8153589874517,39.1685879828605],[-74.816153396208,39.1685150993551],[-74.8173089080027,39.1684068509194],[-74.8175416964753,39.1683648657228]]}},{"type":"Feature","id":343021,"properties":{"OBJECTID":343021,"PRIMENAME":"Isaacs Avenue","ELEVTYP_F":0,"ELEVTYP_T":0},"geometry":{"type":"LineString","coordinates":[[-74.8117570830389,39.236900802935],[-74.8123092398673,39.2363169008976],[-74.8131544128994,39.2354271592671]]}},{"type":"Feature","id":343214,"properties":{"OBJECTID":343214,"PRIMENAME":"Kubiak Road","ELEVTYP_F":0,"ELEVTYP_T":0},"geometry":{"type":"LineString","coordinates":[[-74.8493808968663,39.2435295778283],[-74.8492674626862,39.2435118781332],[-74.8491177278192,39.2434939583419],[-74.8489444024179,39.2434822319402],[-74.8487552919326,39.2434705525475],[-74.8487274478162,39.2434695801527],[-74.8485937900463,39.2434649131234],[-74.8483614357974,39.2434625329024],[-74.8482708316957,39.2434628038602],[-74.8481842009566,39.2434599874548],[-74.8480738726754,39.2434419764361],[-74.8479437610823,39.2434147981704],[-74.8478333015084,39.2433844856568],[-74.8476755780121,39.2433359724465],[-74.8474113005801,39.2432540599394],[-74.8470091192292,39.2431542169879],[-74.8465872058091,39.2430482805329],[-74.8461534498799,39.2429393572773],[-74.8459286751829,39.2428695697966],[-74.8457274233837,39.2427936161792],[-74.8454945918363,39.2426932372482],[-74.8453209224942,39.2426110790986],[-74.8451275056941,39.2425197808846],[-74.8449854389574,39.2424589447885],[-74.8448552404025,39.2424133937042],[-74.844776410125,39.2423952583648],[-74.8447133738988,39.2423862745495],[-74.8446188150741,39.2423865543687],[-74.8445164841058,39.2423929800062],[-74.8443826802538,39.2424117444271],[-74.8442330788369,39.242427507895],[-74.8440953270789,39.2424401607484],[-74.843981131096,39.2424465939432],[-74.8438472373152,39.2424469892985],[-74.8436542723012,39.2424475588059],[-74.8434770601549,39.2424419856586],[-74.8433391170064,39.2424301465603],[-74.8432523831946,39.2424058826557],[-74.84316562981,39.2423847220851],[-74.8430630451215,39.242339088533],[-74.8429564746817,39.2422873437205],[-74.842857773349,39.2422416976509],[-74.8427551531554,39.2421960639304],[-74.84265258281,39.242153505388],[-74.8425657999964,39.2421261936241],[-74.8424790679803,39.242101929136],[-74.8423923895472,39.2420960610692],[-74.8422978670006,39.2420963388969],[-74.8421482410295,39.2420998539477],[-74.8416404650771,39.2421534031394],[-74.8405028967989,39.2422639000486],[-74.8398494762424,39.2423270654514],[-74.838849605571,39.2424218501516],[-74.838526947726,39.2424595258398],[-74.8384409967179,39.2424727087661]]}},{"type":"Feature","id":343239,"properties":{"OBJECTID":343239,"PRIMENAME":"Sumner Avenue","ELEVTYP_F":0,"ELEVTYP_T":0},"geometry":{"type":"LineString","coordinates":[[-74.8220404257147,39.233558187294],[-74.8217655159039,39.233406641598]]}},{"type":"Feature","id":343430,"properties":{"OBJECTID":343430,"PRIMENAME":"County Road","ELEVTYP_F":0,"ELEVTYP_T":0},"geometry":{"type":"LineString","coordinates":[[-74.8162467886901,39.176317427231],[-74.8174810823326,39.1769435340963],[-74.8177590390501,39.177086681292]]}},{"type":"Feature","id":343747,"properties":{"OBJECTID":343747,"PRIMENAME":"Atlantic Boulevard","ELEVTYP_F":0,"ELEVTYP_T":0},"geometry":{"type":"LineString","coordinates":[[-74.7971234981916,39.2395096578321],[-74.7974314410343,39.2398032428755]]}},{"type":"Feature","id":344269,"properties":{"OBJECTID":344269,"PRIMENAME":"Unnamed Segment","ELEVTYP_F":0,"ELEVTYP_T":0},"geometry":{"type":"LineString","coordinates":[[-74.7308037060931,39.1905370992566],[-74.7306542703513,39.1904456731047],[-74.7303341449726,39.1902648530827],[-74.7301898830068,39.1901643320858],[-74.7300079297755,39.1899809968231],[-74.7297740582644,39.1897664029092],[-74.7297675504244,39.1897621854232]]}},{"type":"Feature","id":344668,"properties":{"OBJECTID":344668,"PRIMENAME":"Woodbine Road","ELEVTYP_F":0,"ELEVTYP_T":0},"geometry":{"type":"LineString","coordinates":[[-74.7816564166828,39.294991998993],[-74.7804262008755,39.2961833063215],[-74.7795759434269,39.2970052706211],[-74.7791274435513,39.2974326990634],[-74.7789549338796,39.2976039768345]]}},{"type":"Feature","id":344700,"properties":{"OBJECTID":344700,"PRIMENAME":"Marlin Lane","ELEVTYP_F":0,"ELEVTYP_T":0},"geometry":{"type":"LineString","coordinates":[[-74.8074886145315,39.2310009330839],[-74.8074103506862,39.2310684737824],[-74.8071456171312,39.2312969336659]]}},{"type":"Feature","id":344849,"properties":{"OBJECTID":344849,"PRIMENAME":"Timberswamp Road","ELEVTYP_F":0,"ELEVTYP_T":0},"geometry":{"type":"LineString","coordinates":[[-74.8932771472536,39.251087020266],[-74.8934285921384,39.2511278330948],[-74.8935446646147,39.2511486534985],[-74.893716964817,39.2511613294575],[-74.8939061241777,39.2511394772749],[-74.8941513885586,39.2510969250004],[-74.8944934351535,39.2510430318735],[-74.8947290709759,39.2510312848887],[-74.8948824190348,39.2510727244556],[-74.8950799137099,39.2511914433508],[-74.89543131319,39.2515657567346],[-74.8955850744655,39.251658600287],[-74.8962135177471,39.2519473088627],[-74.8964612669683,39.252093108785],[-74.8969823850663,39.2525307096227],[-74.8972248048558,39.252749419682],[-74.8974497472289,39.2529979159962],[-74.8977310266954,39.2533262593087],[-74.8979114625011,39.2535063036958],[-74.8980329738614,39.2536682526035],[-74.8982796880868,39.2541247761982],[-74.898389835522,39.2543576564438],[-74.8986002207545,39.2546313565935],[-74.8993266275736,39.2551296835326],[-74.8997524381545,39.2555261327177],[-74.8999126465891,39.2557319365766],[-74.899980754825,39.2558477915448],[-74.9000202142627,39.2560626190377],[-74.9000410469066,39.2566228214474],[-74.900171269912,39.2572809807174],[-74.9002313845646,39.2580239939508],[-74.9002949868692,39.2583462197605],[-74.9003901564462,39.2585288385493],[-74.9006166471168,39.2590219356575],[-74.9006380354729,39.2591046790539],[-74.9007400664009,39.2593979613931],[-74.9008364381061,39.2596451203588],[-74.9009222570259,39.2604529710986]]}},{"type":"Feature","id":345606,"properties":{"OBJECTID":345606,"PRIMENAME":"Garden State Parkway","ELEVTYP_F":0,"ELEVTYP_T":0},"geometry":{"type":"LineString","coordinates":[[-74.7302506839876,39.1720530151],[-74.7303336196004,39.1719525330454],[-74.7304987126813,39.1717629947142],[-74.7308826543364,39.1713222016639],[-74.7311583016606,39.1710125337043],[-74.7313449158998,39.1708028852986],[-74.7316195019671,39.1705163140063],[-74.7318955231936,39.1702269384948],[-74.7321779676828,39.1699288735522],[-74.7325258558553,39.1695813907112],[-74.7329516230072,39.1691693899011],[-74.7334507171156,39.1687036164628],[-74.7337087504828,39.1684687471841],[-74.7338605251269,39.1683305973832],[-74.7338994831408,39.1682951360834],[-74.7344948446143,39.1677827068374],[-74.7348611706871,39.1674601933864],[-74.7351043239142,39.1672491339911],[-74.7354061402645,39.1669871528294],[-74.7362898922662,39.1662095498171],[-74.7367022925814,39.1658419068756],[-74.7370134094761,39.1655645568284],[-74.7374575263366,39.1651596411459],[-74.7376080121212,39.1650182847449],[-74.7379153450735,39.1647296821953],[-74.7381121875855,39.1645397951048],[-74.7382632273589,39.164385751106],[-74.7385653763051,39.1640991347557],[-74.7390779106168,39.1635617818881],[-74.7393113146923,39.1633074852392],[-74.7395720964366,39.1630244923723],[-74.7398100225173,39.1627630183359],[-74.7401256710577,39.1624048155713],[-74.7403818479636,39.1621076079006],[-74.7406745541345,39.1617565891826],[-74.7409855118658,39.1613698380314],[-74.7414840200273,39.1607645738076],[-74.742055617726,39.1600519332402],[-74.7427827076273,39.1591566198992],[-74.7433497206484,39.1584618568203],[-74.7439076738115,39.1577920973571],[-74.7442736196523,39.1573766105484],[-74.7447265036038,39.1568823012502],[-74.7453900423869,39.1562087436451],[-74.745916296011,39.1556928027182],[-74.7468867352866,39.154807713603],[-74.7479032285565,39.1539689206134],[-74.748245963177,39.1537005596318],[-74.7483153024689,39.1536462669282],[-74.749130524729,39.153033209887],[-74.7495931439832,39.1527068195072],[-74.7505093166295,39.1520864252784],[-74.7511872635632,39.1516451759052],[-74.7516639732448,39.1513362754299],[-74.7521173309278,39.1510425044788],[-74.7532350642249,39.1503143200682],[-74.753560293048,39.1500955167834],[-74.7540182569481,39.1497798820884],[-74.7544030466036,39.1495038062932],[-74.7547877149076,39.1492241063023],[-74.75509447455,39.1489910337311],[-74.7555431971987,39.148639663364],[-74.7560284684984,39.1482452940187],[-74.7562773028612,39.1480355854255],[-74.7565091107297,39.1478402254266],[-74.7570399878153,39.1473743066617],[-74.7575662654921,39.1468869240706],[-74.757918644584,39.1465500626835],[-74.7582525559185,39.1462168381953],[-74.7586870924509,39.1457653765593],[-74.758915703538,39.145518188916],[-74.7592678283859,39.1451348657704],[-74.7596382161975,39.1447228892402],[-74.7598622156825,39.1444506692924],[-74.7600816468317,39.1441927635563],[-74.7602461622864,39.1439886053111],[-74.760433473755,39.1437415068365],[-74.7606436931891,39.1434728852715],[-74.7609132155049,39.1431076162286],[-74.7612192903615,39.1426921823444],[-74.7614887405094,39.1423090096658],[-74.7616670602491,39.1420393281049]]}},{"type":"Feature","id":346360,"properties":{"OBJECTID":346360,"PRIMENAME":"Gracetown Road","ELEVTYP_F":0,"ELEVTYP_T":0},"geometry":{"type":"LineString","coordinates":[[-74.7692977522721,39.1759903523694],[-74.7693738163003,39.1761828203847],[-74.7696413523102,39.1768286344361],[-74.7699939136536,39.1777699682467],[-74.7701547281039,39.1782269012725],[-74.7703824073733,39.1788521847447],[-74.7704673702334,39.1791133011031],[-74.7704988755397,39.1792610866433],[-74.7705262384204,39.1794879598473],[-74.770595602011,39.1802992787194],[-74.7706285716627,39.1808287745218],[-74.7706251373098,39.1810832045537],[-74.7706039485262,39.1813170538835],[-74.7705694342078,39.1815440706787],[-74.7705087586369,39.1818399287703],[-74.7703437256413,39.1825967395449],[-74.7702350031884,39.1830509189804],[-74.7701740089991,39.1832642403494],[-74.7700343530348,39.1837115449299],[-74.7698422635769,39.1843240451519],[-74.7695451592153,39.1851912368808],[-74.7694023386675,39.1856539323413]]}},{"type":"Feature","id":346837,"properties":{"OBJECTID":346837,"PRIMENAME":"Old State Highway","ELEVTYP_F":0,"ELEVTYP_T":0},"geometry":{"type":"LineString","coordinates":[[-74.9073070809677,39.2157179455876],[-74.9076758539936,39.215759845805],[-74.9083144033783,39.2158210357787],[-74.9086476540225,39.2158543256983],[-74.9087594802455,39.2158556908841],[-74.9088480125554,39.2158571926681],[-74.9090422449077,39.2158380591768]]}},{"type":"Feature","id":346976,"properties":{"OBJECTID":346976,"PRIMENAME":"Indian Road","ELEVTYP_F":0,"ELEVTYP_T":0},"geometry":{"type":"LineString","coordinates":[[-74.8245340503644,39.2067270340415],[-74.8241566212612,39.2062829285634],[-74.8240026206003,39.2062549285412]]}},{"type":"Feature","id":347055,"properties":{"OBJECTID":347055,"PRIMENAME":"Unnamed Segment","ELEVTYP_F":0,"ELEVTYP_T":0},"geometry":{"type":"LineString","coordinates":[[-74.7911731035919,39.2274861807985],[-74.7914579748307,39.2276266263],[-74.7915745043225,39.2276941544007],[-74.7915933115582,39.2277090169249],[-74.7916056900343,39.227722879406],[-74.7916101986716,39.2277376398947],[-74.7916086438381,39.2277543100038],[-74.7916024989442,39.2277706898261],[-74.7915894040233,39.2277882959569],[-74.7915035156006,39.2278743418046],[-74.7913576573121,39.228013778331]]}},{"type":"Feature","id":347150,"properties":{"OBJECTID":347150,"PRIMENAME":"Crop Street","ELEVTYP_F":0,"ELEVTYP_T":0},"geometry":{"type":"LineString","coordinates":[[-74.7419479153327,39.2703534378615],[-74.7414608264509,39.2699807031995],[-74.7413754204614,39.2699108098118],[-74.7412044057675,39.2697009248906],[-74.7411833017657,39.2696775952257],[-74.7411594085768,39.269655951688],[-74.7411329477956,39.2696361950061],[-74.7411041648287,39.2696185084089],[-74.7410733266188,39.2696030559266],[-74.7410407191689,39.2695899808698],[-74.7410066448897,39.2695794045],[-74.7409714197954,39.269571424905],[-74.7409353705726,39.2695661160896],[-74.7408988315509,39.2695635272893],[-74.7408621416022,39.2695636825131],[-74.7408256409982,39.2695665803214],[-74.7407896682544,39.2695721938394],[-74.7407545569911,39.2695804710058],[-74.7407206328395,39.2695913350561],[-74.7406882104213,39.2696046852343],[-74.7400439709268,39.270151010592],[-74.7400102988083,39.270177559706],[-74.7399815851586,39.2702074219714],[-74.739958363642,39.270240042383],[-74.7399410658505,39.2702748146731],[-74.7399300132821,39.2703110925795],[-74.739925411365,39.2703482018562],[-74.7399273456388,39.2703854528045],[-74.7399357801642,39.2704221530919],[-74.7399534653529,39.2704630794265],[-74.7399792165436,39.270501332322],[-74.739999217726,39.270524244948],[-74.7401790137215,39.2707302147422],[-74.7401878426779,39.2707401362019],[-74.740216839775,39.2707698944976],[-74.7402625744803,39.270809866007],[-74.7403128295905,39.2708464113467],[-74.7404443833852,39.2709414990005],[-74.7408738582615,39.2712519471979]]}},{"type":"Feature","id":349580,"properties":{"OBJECTID":349580,"PRIMENAME":"Shore Road","ELEVTYP_F":0,"ELEVTYP_T":0},"geometry":{"type":"LineString","coordinates":[[-74.7508841174057,39.1600033604054],[-74.7504726431764,39.1604921128361],[-74.7498508615767,39.1612224748085],[-74.7496339793591,39.1614687676804]]}},{"type":"Feature","id":349614,"properties":{"OBJECTID":349614,"PRIMENAME":"Unnamed Segment","ELEVTYP_F":0,"ELEVTYP_T":0},"geometry":{"type":"LineString","coordinates":[[-74.8340964641387,39.2321728717753],[-74.8343136121162,39.2319392787964]]}},{"type":"Feature","id":350322,"properties":{"OBJECTID":350322,"PRIMENAME":"Shore Road","ELEVTYP_F":0,"ELEVTYP_T":0},"geometry":{"type":"LineString","coordinates":[[-74.7561126050686,39.1551591963615],[-74.7557710896205,39.1553482785987],[-74.7551050966398,39.1557226678841],[-74.7548258880101,39.1559075472507],[-74.7545844193818,39.1560840503801],[-74.7543429683654,39.1562857053068],[-74.754074895016,39.1565376647942],[-74.7537799742118,39.156856733402],[-74.753131255549,39.15754107056],[-74.752584488868,39.1581288068357],[-74.7519947872836,39.1587544154372],[-74.7513943362657,39.1594050577861],[-74.7509602589158,39.1599129432093],[-74.7508841174057,39.1600033604054]]}},{"type":"Feature","id":350685,"properties":{"OBJECTID":350685,"PRIMENAME":"North Delsea Drive","ELEVTYP_F":0,"ELEVTYP_T":0},"geometry":{"type":"LineString","coordinates":[[-74.8202632043242,39.1801613398668],[-74.8202635260441,39.1800572511293]]}},{"type":"Feature","id":351146,"properties":{"OBJECTID":351146,"PRIMENAME":"North Delsea Drive","ELEVTYP_F":0,"ELEVTYP_T":0},"geometry":{"type":"LineString","coordinates":[[-74.8202086260955,39.1794435182132],[-74.8201737195501,39.1797704316059],[-74.8201606852959,39.180030869031]]}},{"type":"Feature","id":351351,"properties":{"OBJECTID":351351,"PRIMENAME":"North Ravenwood Drive","ELEVTYP_F":0,"ELEVTYP_T":0},"geometry":{"type":"LineString","coordinates":[[-74.7547979942902,39.1614520451748],[-74.7548398760752,39.161603271977],[-74.7548898330315,39.1617543171459],[-74.7549395731282,39.1618449011771],[-74.7550033814128,39.1619244704778],[-74.7550955442484,39.162023226799],[-74.7552052536987,39.1620971769654],[-74.7552178977074,39.1621070855256],[-74.7554955700359,39.1623246583976],[-74.7561399388756,39.1628371677854],[-74.7563205301599,39.1629851793537],[-74.7564019109965,39.1630372525641],[-74.7565009525801,39.1630864852394],[-74.756614076461,39.1631384605035],[-74.7567166102797,39.1631684929422],[-74.7568119893665,39.1631902218148],[-74.756942699226,39.1632091810121],[-74.7571121713647,39.1632280554503],[-74.7573134817315,39.1632440856666],[-74.7574759906636,39.1632684655598],[-74.7575996421832,39.1632956777809],[-74.7577091700724,39.1633284396399],[-74.7578082376658,39.1633749262883],[-74.7578228726444,39.1633838995925]]}},{"type":"Feature","id":351687,"properties":{"OBJECTID":351687,"PRIMENAME":"Woodbine Oceanview Road","ELEVTYP_F":0,"ELEVTYP_T":0},"geometry":{"type":"LineString","coordinates":[[-74.7295310295909,39.1848347271733],[-74.7289073364791,39.1844017415041],[-74.7278356362244,39.1836557619768],[-74.7268316309416,39.1829555491043]]}},{"type":"Feature","id":352375,"properties":{"OBJECTID":352375,"PRIMENAME":"West Ravenwood Drive","ELEVTYP_F":0,"ELEVTYP_T":0},"geometry":{"type":"LineString","coordinates":[[-74.7508841174057,39.1600033604054],[-74.7512090752284,39.1601297894922],[-74.7517570033528,39.1603457417279],[-74.7519973645745,39.1604359421202],[-74.7520906335397,39.1604605350949],[-74.7522128626835,39.1604766622984],[-74.7535973740354,39.1606522967991],[-74.754003515272,39.1607063832924],[-74.7541412585771,39.1607308218294],[-74.7542543127319,39.1607553149711]]}},{"type":"Feature","id":352505,"properties":{"OBJECTID":352505,"PRIMENAME":"Tyler Road","ELEVTYP_F":0,"ELEVTYP_T":0},"geometry":{"type":"LineString","coordinates":[[-74.831636503534,39.1961318536768],[-74.8315668680519,39.1968345774314],[-74.8315306999261,39.1971725166554],[-74.8314977406773,39.1973899901832],[-74.8314683494341,39.1975633848486],[-74.8314202725534,39.1977779646374],[-74.8313646160205,39.1979866889299],[-74.8312607391972,39.1983718277597],[-74.831242782704,39.1984406041664]]}},{"type":"Feature","id":352935,"properties":{"OBJECTID":352935,"PRIMENAME":"West Beaver Drive","ELEVTYP_F":0,"ELEVTYP_T":0},"geometry":{"type":"LineString","coordinates":[[-74.7943436652113,39.1626873461735],[-74.7955031030193,39.162970968503],[-74.795600038971,39.1629994431756],[-74.7956508916847,39.1630316038069],[-74.7956972500867,39.1630853310668],[-74.7957160163953,39.1631534876809],[-74.7957124347042,39.1631807795432],[-74.7957070621549,39.1632217155345],[-74.7955427228436,39.1636313325697],[-74.7951003832185,39.1647846564063],[-74.7945941208122,39.1661247682461],[-74.7944784683426,39.1664385987899]]}},{"type":"Feature","id":353191,"properties":{"OBJECTID":353191,"PRIMENAME":"Halbe Lane","ELEVTYP_F":0,"ELEVTYP_T":0},"geometry":{"type":"LineString","coordinates":[[-74.7885503338344,39.1690301846937],[-74.788481784344,39.1693376317105],[-74.7883298909736,39.1699753803806],[-74.7881058287738,39.1709079808462],[-74.7880676235828,39.1710283117754],[-74.7880293043063,39.1710946071832],[-74.7879793427137,39.1711518419074],[-74.7879099774782,39.1711910861974],[-74.7878135194455,39.1712213898981],[-74.7876939104017,39.1712487310722],[-74.7875201783026,39.1712732401211],[-74.7872538059309,39.1713039633697],[-74.7872474116682,39.1713047601571],[-74.787056898899,39.171328500927],[-74.7869333235436,39.171334818356],[-74.7868405876847,39.1713260409975],[-74.7867555265776,39.171305190584],[-74.7866743093097,39.1712753240868],[-74.7865891030276,39.1712183944977],[-74.7865425456297,39.171167437853],[-74.7865230803995,39.1711298829888],[-74.7865036163436,39.1710923272173],[-74.7864801499028,39.1710292605771],[-74.786472262705,39.1709721407929],[-74.7864873726752,39.1708969522414],[-74.7865442437015,39.1706382443312],[-74.7866356117605,39.1703103132076],[-74.7867456138158,39.1698109465174],[-74.7870225259579,39.1686431538871]]}},{"type":"Feature","id":353299,"properties":{"OBJECTID":353299,"PRIMENAME":"Shore Road","ELEVTYP_F":0,"ELEVTYP_T":0},"geometry":{"type":"LineString","coordinates":[[-74.7640842565796,39.1473326556605],[-74.7639489469604,39.1477341020394]]}},{"type":"Feature","id":353711,"properties":{"OBJECTID":353711,"PRIMENAME":"Unnamed Segment","ELEVTYP_F":0,"ELEVTYP_T":0},"geometry":{"type":"LineString","coordinates":[[-74.8365781957735,39.2325462604896],[-74.8364904948587,39.2324845361197],[-74.836090857102,39.2322770134795],[-74.8360511846683,39.232256410737],[-74.836034098218,39.2322492615269],[-74.8360155799783,39.2322447531636],[-74.8359963013917,39.232243052164],[-74.8359769553789,39.2322442141821],[-74.8359582413719,39.232248202969],[-74.8359408362718,39.2322548724407],[-74.8359253655527,39.2322639793723],[-74.835912389435,39.2322751987524],[-74.8358122964216,39.2323803210349],[-74.8357968492814,39.23239122503],[-74.8357772133623,39.2323967010075],[-74.8357563777313,39.2323959169939],[-74.8357375131982,39.232388989965],[-74.8354168363015,39.2322043048483]]}},{"type":"Feature","id":353738,"properties":{"OBJECTID":353738,"PRIMENAME":"Tyler Road","ELEVTYP_F":0,"ELEVTYP_T":0},"geometry":{"type":"LineString","coordinates":[[-74.8302185297796,39.2023401833237],[-74.8301838290647,39.2024692113274],[-74.8301702129717,39.2025198369879],[-74.8300330174174,39.2030578407991],[-74.8298623661187,39.2037016237172],[-74.8296509220715,39.2045130114249],[-74.8293578740305,39.2056330846018],[-74.8291204043568,39.2065267517585],[-74.8289662669407,39.2071279545437]]}},{"type":"Feature","id":353983,"properties":{"OBJECTID":353983,"PRIMENAME":"Hawks Landing","ELEVTYP_F":0,"ELEVTYP_T":0},"geometry":{"type":"LineString","coordinates":[[-74.7830848726574,39.1434855023178],[-74.7830641716754,39.1435096230671],[-74.7810922648574,39.145807353471],[-74.7810314022704,39.1458386134762],[-74.7808316499601,39.1459412115506]]}},{"type":"Feature","id":354045,"properties":{"OBJECTID":354045,"PRIMENAME":"Shore Road","ELEVTYP_F":0,"ELEVTYP_T":0},"geometry":{"type":"LineString","coordinates":[[-74.7626586462424,39.151386365717],[-74.7625906633419,39.1514618030189],[-74.7624030108407,39.1516298548948],[-74.7622098128482,39.1517769131519],[-74.7619468138266,39.1519492524187],[-74.7615441254068,39.1521680330657],[-74.7608083366707,39.1525719097056],[-74.7596269234187,39.153223948599],[-74.7587461961085,39.15371190766],[-74.7576131276412,39.1543344387254],[-74.7576069337851,39.1543378296645]]}},{"type":"Feature","id":354106,"properties":{"OBJECTID":354106,"PRIMENAME":"Shore Road","ELEVTYP_F":0,"ELEVTYP_T":0},"geometry":{"type":"LineString","coordinates":[[-74.7643021813007,39.1466860840621],[-74.7640842565796,39.1473326556605]]}},{"type":"Feature","id":354280,"properties":{"OBJECTID":354280,"PRIMENAME":"Shore Road","ELEVTYP_F":0,"ELEVTYP_T":0},"geometry":{"type":"LineString","coordinates":[[-74.7435591587818,39.1675797645346],[-74.7433293151519,39.1677513056963],[-74.7427173287525,39.1682008821097],[-74.7425475391972,39.1683305004471]]}},{"type":"Feature","id":354499,"properties":{"OBJECTID":354499,"PRIMENAME":"State Highway 47","ELEVTYP_F":0,"ELEVTYP_T":0},"geometry":{"type":"LineString","coordinates":[[-74.8201447240121,39.1808203557829],[-74.8201383264425,39.1810343792394],[-74.8201316987501,39.1814638388082],[-74.8201320134319,39.1816722973613],[-74.8201342289779,39.1820395488852],[-74.8201725303843,39.1824385430303]]}},{"type":"Feature","id":354935,"properties":{"OBJECTID":354935,"PRIMENAME":"Unnamed Segment","ELEVTYP_F":0,"ELEVTYP_T":0},"geometry":{"type":"LineString","coordinates":[[-74.8334585365179,39.2328590954314],[-74.8336732974401,39.2326280769556]]}},{"type":"Feature","id":354999,"properties":{"OBJECTID":354999,"PRIMENAME":"State Highway 47","ELEVTYP_F":0,"ELEVTYP_T":0},"geometry":{"type":"LineString","coordinates":[[-74.8201556539445,39.1801314124116],[-74.8201526696779,39.1801910369542],[-74.8201508989404,39.1806139044455],[-74.8201447240121,39.1808203557829]]}},{"type":"Feature","id":355323,"properties":{"OBJECTID":355323,"PRIMENAME":"Woodbine Oceanview Road","ELEVTYP_F":0,"ELEVTYP_T":0},"geometry":{"type":"LineString","coordinates":[[-74.7782323012345,39.220440687862],[-74.7781085619939,39.2203558648881],[-74.7780895202853,39.2203414078965],[-74.7779029298282,39.2201997392578],[-74.7776785943832,39.220026304268],[-74.7774392479326,39.2198326143115],[-74.7771438547416,39.2195955642665],[-74.7768708295252,39.219372958248],[-74.7766091455288,39.2191706149324],[-74.7763212064532,39.2189335180428],[-74.7760332909495,39.2187022406332],[-74.7758201294953,39.2185316870118],[-74.7754836077983,39.2182628244809],[-74.7751956977829,39.2180315449549],[-74.7749227320301,39.2178118447363],[-74.774511408689,39.2174764620324],[-74.7742234949153,39.2172422703934],[-74.7736439079786,39.2167681266635],[-74.7731286138853,39.2163482105824],[-74.7730194736244,39.2162592689399],[-74.7728202292522,39.2160953693886]]}},{"type":"Feature","id":355982,"properties":{"OBJECTID":355982,"PRIMENAME":"Unnamed Segment","ELEVTYP_F":0,"ELEVTYP_T":0},"geometry":{"type":"LineString","coordinates":[[-74.8325442653714,39.2338425559171],[-74.8326087560902,39.2337731847227],[-74.8328880553891,39.2334727513125]]}},{"type":"Feature","id":358493,"properties":{"OBJECTID":358493,"PRIMENAME":"Meghan Lane","ELEVTYP_F":0,"ELEVTYP_T":0},"geometry":{"type":"LineString","coordinates":[[-74.7291878893739,39.2014766675704],[-74.7295646055888,39.2016399837701],[-74.7300596736658,39.2018968327855],[-74.730205957383,39.2019752090545],[-74.730260449015,39.2020089015168],[-74.7302960887391,39.2020405998414],[-74.7304651319543,39.2022150316275],[-74.7307550298668,39.2025084211356],[-74.7308514237393,39.2026059750227],[-74.7309714951289,39.2026752750182],[-74.731315623752,39.2028738897831],[-74.7313284063888,39.2028814295953],[-74.7313410736322,39.2028890867435],[-74.7313854777941,39.2029182844733],[-74.7314275405331,39.2029495105319],[-74.731467109046,39.2029826514853],[-74.7315040395896,39.2030175869429],[-74.7315381980029,39.2030541899955],[-74.7315694601948,39.2030923276756],[-74.7315977125946,39.2031318614407],[-74.7316228525647,39.2031726476765],[-74.7316484713164,39.2032201614188],[-74.7316716480642,39.203268428275],[-74.7316923463367,39.2033173723021],[-74.731710533562,39.2033669164911],[-74.7317261811187,39.203416982889],[-74.7317392643815,39.2034674927205],[-74.7317497627593,39.203518366513],[-74.7317576597283,39.2035695242204],[-74.7317616577094,39.2036183180848],[-74.7317611288895,39.2036672092666],[-74.7317560760052,39.2037159438687],[-74.7317465252875,39.2037642688063],[-74.7317325263255,39.2038119331218],[-74.7317141518086,39.2038586892876],[-74.73169149715,39.203904294492],[-74.7316646799907,39.2039485118998],[-74.7309894688602,39.2050921638611]]}},{"type":"Feature","id":358610,"properties":{"OBJECTID":358610,"PRIMENAME":"Shore Road","ELEVTYP_F":0,"ELEVTYP_T":0},"geometry":{"type":"LineString","coordinates":[[-74.7425475391972,39.1683305004471],[-74.7422771493423,39.1685369178594],[-74.7418314907605,39.1688604425584],[-74.7416381682883,39.1690075224871],[-74.7414464331489,39.1691509909484],[-74.7406300301393,39.1697618602655],[-74.7405376634203,39.1698309731434],[-74.7397377930578,39.1704317459789],[-74.7396578303382,39.1704949798929]]}},{"type":"Feature","id":359069,"properties":{"OBJECTID":359069,"PRIMENAME":"South Ravenwood Drive","ELEVTYP_F":0,"ELEVTYP_T":0},"geometry":{"type":"LineString","coordinates":[[-74.7619540071649,39.1621824776581],[-74.7619198722738,39.1620987538804],[-74.7618559460144,39.1620082326453],[-74.7617885980849,39.1619176632078],[-74.7617070872619,39.1618409101672],[-74.7616221159796,39.1617723750794],[-74.7615230474669,39.161706644346],[-74.7614345705951,39.1616628558153],[-74.7612931800025,39.1616164392103],[-74.7609786867013,39.1615319705258],[-74.7607561217172,39.1614802444105],[-74.7606006953431,39.1614531074868],[-74.7604982794719,39.1614450991921],[-74.7603888245592,39.1614508353157],[-74.7602759527231,39.1614675890176],[-74.7601384341094,39.1614953815545],[-74.7600396609919,39.1615285780921],[-74.7599268654841,39.1615755625285],[-74.759768316538,39.1616583445795],[-74.7595887023841,39.1617769222168],[-74.7593844686732,39.1619148016915],[-74.7591379310451,39.1620774875853],[-74.7590146340011,39.162146515485],[-74.7589124231177,39.1621851831922],[-74.7588242550938,39.1622156102809],[-74.7587431252979,39.1622322919965],[-74.758710263308,39.1622350557579]]}},{"type":"Feature","id":359742,"properties":{"OBJECTID":359742,"PRIMENAME":"Shore Road","ELEVTYP_F":0,"ELEVTYP_T":0},"geometry":{"type":"LineString","coordinates":[[-74.7363357090856,39.173445481358],[-74.735815248776,39.1740386964908],[-74.7354828013805,39.1744165258047],[-74.7351295376606,39.1748210627282],[-74.7341744494855,39.1759147479732],[-74.7338525743441,39.176284149182],[-74.7337507741427,39.1763932231526],[-74.7336213902811,39.1765139659237]]}},{"type":"Feature","id":360705,"properties":{"OBJECTID":360705,"PRIMENAME":"Shore Road","ELEVTYP_F":0,"ELEVTYP_T":0},"geometry":{"type":"LineString","coordinates":[[-74.7396578303382,39.1704949798929],[-74.7392491828535,39.1708181716811],[-74.738492410047,39.171423075929],[-74.7378215112478,39.1719943014525],[-74.737343941558,39.1724393194368],[-74.736737632783,39.1730061785377],[-74.73636760483,39.1734091282441],[-74.7363357090856,39.173445481358]]}},{"type":"Feature","id":364776,"properties":{"OBJECTID":364776,"PRIMENAME":"Shore Road","ELEVTYP_F":0,"ELEVTYP_T":0},"geometry":{"type":"LineString","coordinates":[[-74.7458003518208,39.1655880893924],[-74.7452023432113,39.1661930323667],[-74.7447516950516,39.1666464256284],[-74.7445049123179,39.1668647924296],[-74.7442311668317,39.1670790695566],[-74.7439037296378,39.1673226725969],[-74.7435591587818,39.1675797645346]]}},{"type":"Feature","id":366382,"properties":{"OBJECTID":366382,"PRIMENAME":"North Ravenwood Drive","ELEVTYP_F":0,"ELEVTYP_T":0},"geometry":{"type":"LineString","coordinates":[[-74.7542543127319,39.1607553149711],[-74.7543462266648,39.1607853447556],[-74.7544205198934,39.160829142621],[-74.7545125269376,39.1608949218581],[-74.7545869195482,39.1609662319166],[-74.7546447401775,39.1610289282845],[-74.7546791508028,39.1610841528797],[-74.7547147617266,39.1611693034066],[-74.7547432841359,39.161254442391],[-74.7547979942902,39.1614520451748]]}},{"type":"Feature","id":367611,"properties":{"OBJECTID":367611,"PRIMENAME":"South Ravenwood Drive","ELEVTYP_F":0,"ELEVTYP_T":0},"geometry":{"type":"LineString","coordinates":[[-74.7574700819736,39.1617250593976],[-74.7570882998496,39.1615048958973],[-74.7569679527006,39.1614254515152],[-74.7568759227151,39.161354182764],[-74.7568121181597,39.1612856236241],[-74.7567730977396,39.1612334852828],[-74.7567445371258,39.1611483748078],[-74.7567159823142,39.1610549720911],[-74.7566909844917,39.1609698258259],[-74.7566624151669,39.1608819425642],[-74.7566374016549,39.1608023157585],[-74.7566124492082,39.1607391633517],[-74.7565592108117,39.1606568249903],[-74.7565059577686,39.1605799781489],[-74.7564598531854,39.1605196180177],[-74.7563854591667,39.1604483100549],[-74.7562863227024,39.1603715640434],[-74.7561872612001,39.1603058557601],[-74.7560917245713,39.1602593329189],[-74.7559327120832,39.1602047121441],[-74.7557454133839,39.1601501532285],[-74.7556759556412,39.1601306601369],[-74.755551061299,39.160095609478],[-74.7554026538953,39.1600574671901],[-74.7552436858944,39.1600248114308],[-74.7551483054469,39.1600113185315],[-74.7550565271972,39.1600087457475],[-74.7549929836395,39.1600116584826],[-74.7549153524619,39.1600200655866],[-74.754863950528,39.1600351976969]]}},{"type":"Feature","id":367816,"properties":{"OBJECTID":367816,"PRIMENAME":"Corsons Tavern Road","ELEVTYP_F":0,"ELEVTYP_T":0},"geometry":{"type":"LineString","coordinates":[[-74.7600696595297,39.1787915829171],[-74.7594654154821,39.1791077856202],[-74.7583043420506,39.1797159962541],[-74.75734320137,39.1802157626073],[-74.7569933292123,39.1803964370812],[-74.7557361217755,39.1810557672714],[-74.7556587789548,39.1810961403864],[-74.7551594080097,39.181356812558],[-74.7541481883175,39.1818837088046],[-74.7534061347507,39.1822720635453],[-74.7523795605898,39.1828139145329],[-74.7516721049542,39.1831842268958],[-74.7502609697636,39.1839217542269],[-74.7495726871859,39.184283006966],[-74.7487345040639,39.1847285119324],[-74.7480769983847,39.1850776630501],[-74.7466119474041,39.1858452730296],[-74.7459236736346,39.1862094957896],[-74.7448391202937,39.1867763754045],[-74.7447085485247,39.186844620398],[-74.7441802107859,39.1871226373414],[-74.7431011529869,39.1876904359808],[-74.7420200475172,39.1882579162539],[-74.7414783552843,39.1885422472753],[-74.7401516489525,39.1892375221471],[-74.739528670966,39.189565575942],[-74.7386710711072,39.190014042535],[-74.7386506778849,39.1900247096497]]}},{"type":"Feature","id":368869,"properties":{"OBJECTID":368869,"PRIMENAME":"Unnamed Segment","ELEVTYP_F":0,"ELEVTYP_T":0},"geometry":{"type":"LineString","coordinates":[[-74.8347149028665,39.2315178421405],[-74.8347761545981,39.2314539038094]]}},{"type":"Feature","id":368870,"properties":{"OBJECTID":368870,"PRIMENAME":"Unnamed Segment","ELEVTYP_F":0,"ELEVTYP_T":0},"geometry":{"type":"LineString","coordinates":[[-74.8347761545981,39.2314539038094],[-74.834932746863,39.2312904409713]]}},{"type":"Feature","id":369013,"properties":{"OBJECTID":369013,"PRIMENAME":"Unnamed Segment","ELEVTYP_F":0,"ELEVTYP_T":0},"geometry":{"type":"LineString","coordinates":[[-74.8354168363015,39.2322043048483],[-74.835596282746,39.2320566172601],[-74.8356132870324,39.2320392426722],[-74.8356251857269,39.2320194667765],[-74.8356314386854,39.2319981811474],[-74.8356317667196,39.2319763486729],[-74.8356261559974,39.2319549548971],[-74.8356148555318,39.2319349674902],[-74.8355983792734,39.2319172893993],[-74.8355774711682,39.2319027184131],[-74.8347761545981,39.2314539038094]]}},{"type":"Feature","id":369018,"properties":{"OBJECTID":369018,"PRIMENAME":"Unnamed Segment","ELEVTYP_F":0,"ELEVTYP_T":0},"geometry":{"type":"LineString","coordinates":[[-74.8345413674298,39.2317000905355],[-74.8354168363015,39.2322043048483]]}},{"type":"Feature","id":369148,"properties":{"OBJECTID":369148,"PRIMENAME":"Unnamed Segment","ELEVTYP_F":0,"ELEVTYP_T":0},"geometry":{"type":"LineString","coordinates":[[-74.8345413674298,39.2317000905355],[-74.8347149028665,39.2315178421405]]}},{"type":"Feature","id":369556,"properties":{"OBJECTID":369556,"PRIMENAME":"Unnamed Segment","ELEVTYP_F":0,"ELEVTYP_T":0},"geometry":{"type":"LineString","coordinates":[[-74.8347149028665,39.2315178421405],[-74.8337757353773,39.2309727138096],[-74.8337580406912,39.2309577508197],[-74.8337442436,39.2309404842532],[-74.8337348280171,39.2309215197141],[-74.833730124179,39.2309015223605],[-74.8337302970629,39.2308811935742],[-74.8337353406008,39.2308612463614],[-74.8337450778933,39.2308423803443],[-74.8337591674144,39.2308252572232],[-74.8337883740226,39.2307980658566],[-74.8338100161185,39.2307792181219],[-74.8338360015082,39.2307640486666],[-74.8338653152607,39.2307531499742],[-74.8338968124488,39.2307469477219],[-74.8339292628667,39.2307456841548],[-74.8339613990784,39.2307494086249],[-74.8339919659198,39.2307579756632],[-74.8340197695218,39.2307710506615],[-74.834932746863,39.2312904409713]]}},{"type":"Feature","id":369591,"properties":{"OBJECTID":369591,"PRIMENAME":"Unnamed Segment","ELEVTYP_F":0,"ELEVTYP_T":0},"geometry":{"type":"LineString","coordinates":[[-74.834932746863,39.2312904409713],[-74.8350974339081,39.2311185264986]]}},{"type":"Feature","id":370693,"properties":{"OBJECTID":370693,"PRIMENAME":"Shore Road","ELEVTYP_F":0,"ELEVTYP_T":0},"geometry":{"type":"LineString","coordinates":[[-74.729652068714,39.1793668709036],[-74.7294174779792,39.1796740335218],[-74.7293581294255,39.1797491269532]]}},{"type":"Feature","id":372663,"properties":{"OBJECTID":372663,"PRIMENAME":"Scotty Drive","ELEVTYP_F":0,"ELEVTYP_T":0},"geometry":{"type":"LineString","coordinates":[[-74.8207803042196,39.171575572226],[-74.8188627220833,39.1713620084764],[-74.818846590406,39.1713604275079],[-74.8188306137902,39.1713580740964],[-74.8188148570969,39.1713549597753],[-74.8187993735979,39.1713510925065],[-74.8187842293316,39.1713464883245],[-74.8187694776186,39.1713411660011],[-74.8187551752551,39.1713351451995],[-74.8187413779048,39.1713284509911],[-74.8187281389,39.1713211048501],[-74.8187155046704,39.1713131372783],[-74.8187035285809,39.1713045769567],[-74.818692252456,39.1712954598044],[-74.8186817215678,39.1712858163264],[-74.8186719754383,39.1712756851507],[-74.8186630489729,39.1712651076204],[-74.8186549793666,39.1712541196676],[-74.8186477980608,39.1712427644466],[-74.818641528412,39.1712310887371],[-74.8186361960548,39.1712191312051],[-74.8186318232045,39.1712069422369],[-74.8186284251005,39.1711945650311],[-74.8186260135385,39.1711820491013]]}},{"type":"Feature","id":374858,"properties":{"OBJECTID":374858,"PRIMENAME":"State Highway 83","ELEVTYP_F":0,"ELEVTYP_T":0},"geometry":{"type":"LineString","coordinates":[[-74.8201606852959,39.180030869031],[-74.8200367043232,39.1799971301349],[-74.819767080437,39.1798732317537],[-74.819619186234,39.1797707270457]]}},{"type":"Feature","id":375079,"properties":{"OBJECTID":375079,"PRIMENAME":"Shore Road","ELEVTYP_F":0,"ELEVTYP_T":0},"geometry":{"type":"LineString","coordinates":[[-74.7496339793591,39.1614687676804],[-74.7488083271206,39.1624061786696]]}},{"type":"Feature","id":376050,"properties":{"OBJECTID":376050,"PRIMENAME":"Woodbine Oceanview Road","ELEVTYP_F":0,"ELEVTYP_T":0},"geometry":{"type":"LineString","coordinates":[[-74.7312926749507,39.1860481333901],[-74.7308853648956,39.1857691669948],[-74.7307631802756,39.1856854809226],[-74.7303228995039,39.1853818760267]]}},{"type":"Feature","id":377317,"properties":{"OBJECTID":377317,"PRIMENAME":"Woodbine Oceanview Road","ELEVTYP_F":0,"ELEVTYP_T":0},"geometry":{"type":"LineString","coordinates":[[-74.7303228995039,39.1853818760267],[-74.7297736406838,39.1850031403297],[-74.7295310295909,39.1848347271733]]}},{"type":"Feature","id":377550,"properties":{"OBJECTID":377550,"PRIMENAME":"Woodbine Oceanview Road","ELEVTYP_F":0,"ELEVTYP_T":0},"geometry":{"type":"LineString","coordinates":[[-74.7324828980354,39.186871219746],[-74.7324659585219,39.186859282346],[-74.7321000316727,39.1866077599888],[-74.7317002545123,39.1863292300859]]}},{"type":"Feature","id":378097,"properties":{"OBJECTID":378097,"PRIMENAME":"South Ravenwood Drive","ELEVTYP_F":0,"ELEVTYP_T":0},"geometry":{"type":"LineString","coordinates":[[-74.758710263308,39.1622350557579],[-74.7586760617573,39.1622379323858],[-74.7585736751125,39.1622381596044],[-74.7584571349296,39.1622164250515],[-74.7583299233218,39.1621892216252],[-74.7582097401801,39.1621455288527],[-74.7580788611978,39.1620798377434],[-74.7578099488272,39.1619210412739],[-74.7574700819736,39.1617250593976]]}},{"type":"Feature","id":378369,"properties":{"OBJECTID":378369,"PRIMENAME":"Ravenwood East Drive","ELEVTYP_F":0,"ELEVTYP_T":0},"geometry":{"type":"LineString","coordinates":[[-74.7508841174057,39.1600033604054],[-74.7505974008586,39.1598590286881],[-74.7493949206062,39.1592405165744],[-74.7492287097386,39.1591529250204],[-74.7490767020945,39.1590927613508],[-74.7489671432899,39.1590682557074],[-74.7488752833826,39.1590519494391],[-74.748780014606,39.1590494070902],[-74.7486494500971,39.1590689339628],[-74.7485577894166,39.159099360753],[-74.7484732015513,39.1591352630062],[-74.74840626007,39.1591848843006],[-74.748353522381,39.1592317025055],[-74.7480441105726,39.1595924403692],[-74.7478261136798,39.1598429608579],[-74.7477593764882,39.159931021945],[-74.7477137174758,39.1600053643562],[-74.7476997932762,39.1600576191936],[-74.747692913006,39.1601070844738],[-74.7476930768801,39.1601538169507],[-74.7476968253696,39.1602170163519],[-74.7477075447049,39.1602664721498],[-74.7477219347196,39.1603269031727],[-74.7477503037113,39.1603708029081],[-74.7477716056793,39.1604010159007],[-74.7478070644097,39.1604449275734],[-74.7478495408382,39.1604887693592],[-74.7479026494049,39.16052715195],[-74.7479946374914,39.1605791535481],[-74.7485393033006,39.1608720919159],[-74.7496339793591,39.1614687676804]]}},{"type":"Feature","id":379416,"properties":{"OBJECTID":379416,"PRIMENAME":"Tyler Road","ELEVTYP_F":0,"ELEVTYP_T":0},"geometry":{"type":"LineString","coordinates":[[-74.8318996481363,39.1935618856856],[-74.8318808743947,39.1937639166094],[-74.8318337131714,39.1941723703411],[-74.8317903553242,39.1945866884235],[-74.8316821853192,39.1956709606254],[-74.831636503534,39.1961318536768]]}},{"type":"Feature","id":379551,"properties":{"OBJECTID":379551,"PRIMENAME":"Woodbine Oceanview Road","ELEVTYP_F":0,"ELEVTYP_T":0},"geometry":{"type":"LineString","coordinates":[[-74.7328641777458,39.1871451436993],[-74.7326713534057,39.1870038482716],[-74.7324828980354,39.186871219746]]}},{"type":"Feature","id":379567,"properties":{"OBJECTID":379567,"PRIMENAME":"Unnamed Segment","ELEVTYP_F":0,"ELEVTYP_T":0},"geometry":{"type":"LineString","coordinates":[[-74.8336732974401,39.2326280769556],[-74.8340964641387,39.2321728717753]]}},{"type":"Feature","id":380009,"properties":{"OBJECTID":380009,"PRIMENAME":"South Ravenwood Drive","ELEVTYP_F":0,"ELEVTYP_T":0},"geometry":{"type":"LineString","coordinates":[[-74.754863950528,39.1600351976969],[-74.7548307271333,39.1600449904008],[-74.7547425984495,39.1600863964528],[-74.7546405034369,39.1601470811802],[-74.7545806586208,39.1602076735303],[-74.7545068907859,39.1603095375609],[-74.7544334207539,39.1604392043838],[-74.7542543127319,39.1607553149711]]}},{"type":"Feature","id":381225,"properties":{"OBJECTID":381225,"PRIMENAME":"Shore Road","ELEVTYP_F":0,"ELEVTYP_T":0},"geometry":{"type":"LineString","coordinates":[[-74.7631364274099,39.1506509275585],[-74.7630750287625,39.1507894379287],[-74.7630671512683,39.1508072085681],[-74.7629710076939,39.1509833190959],[-74.7629013831427,39.1510840811036]]}},{"type":"Feature","id":381634,"properties":{"OBJECTID":381634,"PRIMENAME":"Woodbine Oceanview Road","ELEVTYP_F":0,"ELEVTYP_T":0},"geometry":{"type":"LineString","coordinates":[[-74.7550851482884,39.1998528017713],[-74.7544417469548,39.1995538241822],[-74.7537736035682,39.1992421294092],[-74.7529140287675,39.1988433648063],[-74.7527284628804,39.1987572785094],[-74.7519893978521,39.1984138485864],[-74.7510226719095,39.1979636019383],[-74.7502351032584,39.1975999199969],[-74.7494176982493,39.1972189708504],[-74.7488503608076,39.1969621385022],[-74.7478836849301,39.1965147752374],[-74.7469916579863,39.1960991243738],[-74.746125744441,39.1957008471117],[-74.7454688797753,39.1953948738614],[-74.7442745843018,39.1948464772997],[-74.7435617376028,39.1945203193117],[-74.7428862089589,39.1942085771675],[-74.7422722423637,39.1939227056588]]}},{"type":"Feature","id":381710,"properties":{"OBJECTID":381710,"PRIMENAME":"Shore Road","ELEVTYP_F":0,"ELEVTYP_T":0},"geometry":{"type":"LineString","coordinates":[[-74.7293581294255,39.1797491269532],[-74.7291654252923,39.1799929543799],[-74.7288077881974,39.1804474056553],[-74.7284257102241,39.1809329059899],[-74.7281453687805,39.18128915933],[-74.7280129450504,39.1814574397579],[-74.7278800003864,39.1816287595695]]}},{"type":"Feature","id":381881,"properties":{"OBJECTID":381881,"PRIMENAME":"Shore Road","ELEVTYP_F":0,"ELEVTYP_T":0},"geometry":{"type":"LineString","coordinates":[[-74.7639489469604,39.1477341020394],[-74.7637040592954,39.1484552829404],[-74.7635977083651,39.1487864707207],[-74.7635074546441,39.1491135033505],[-74.7634817573783,39.1492346226957]]}},{"type":"Feature","id":381926,"properties":{"OBJECTID":381926,"PRIMENAME":"Shore Road","ELEVTYP_F":0,"ELEVTYP_T":0},"geometry":{"type":"LineString","coordinates":[[-74.7477586705205,39.1635804158272],[-74.7474654594205,39.1639006184724],[-74.7470846486615,39.1642952505256],[-74.7467146925862,39.1646689913141],[-74.7462695876564,39.16511823315],[-74.7459370065873,39.1654498818477],[-74.7458003518208,39.1655880893924]]}},{"type":"Feature","id":382261,"properties":{"OBJECTID":382261,"PRIMENAME":"North Delsea Drive","ELEVTYP_F":0,"ELEVTYP_T":0},"geometry":{"type":"LineString","coordinates":[[-74.8202635260441,39.1800572511293],[-74.8202643477009,39.1797914161282],[-74.8202086260955,39.1794435182132]]}},{"type":"Feature","id":382349,"properties":{"OBJECTID":382349,"PRIMENAME":"Shore Road","ELEVTYP_F":0,"ELEVTYP_T":0},"geometry":{"type":"LineString","coordinates":[[-74.7576069337851,39.1543378296645],[-74.7569131970493,39.154718496531],[-74.756708211596,39.1548309748483],[-74.7563940175056,39.1550033872514],[-74.7561126050686,39.1551591963615]]}},{"type":"Feature","id":382709,"properties":{"OBJECTID":382709,"PRIMENAME":"Shore Road","ELEVTYP_F":0,"ELEVTYP_T":0},"geometry":{"type":"LineString","coordinates":[[-74.7656738274074,39.1427497706323],[-74.7655790465721,39.1429532822225],[-74.765455558463,39.1432987893738],[-74.7651702751586,39.1441373923281],[-74.7649999332756,39.1446271040718],[-74.764310745577,39.1466606753422],[-74.7643021813007,39.1466860840621]]}},{"type":"Feature","id":382970,"properties":{"OBJECTID":382970,"PRIMENAME":"Woodbine Oceanview Road","ELEVTYP_F":0,"ELEVTYP_T":0},"geometry":{"type":"LineString","coordinates":[[-74.7728202292522,39.2160953693886],[-74.7726679994461,39.2159701428917],[-74.7723800285278,39.2157272699601],[-74.7721556425713,39.2155335330884],[-74.7719275286294,39.2153339842154],[-74.7716993454492,39.2151344629745],[-74.771471224211,39.2149233258296],[-74.7712093342822,39.2146774785879],[-74.7708727051319,39.214362227123],[-74.7705846133453,39.2140845337608],[-74.7703489630177,39.2138502379987],[-74.7700907653765,39.2135985593539],[-74.7698811990388,39.2133729059686],[-74.7696566709714,39.2131385550793],[-74.7693535734793,39.2128290156455],[-74.7690167042014,39.2124557421586],[-74.7687621820912,39.2121750839986],[-74.7685076730951,39.2118973358203],[-74.7681549746882,39.211503761801],[-74.7681109362189,39.2114546201474],[-74.7677741033734,39.2110871640487],[-74.7674596579021,39.2107312429415],[-74.767246324416,39.2104939789208],[-74.7670453385554,39.2102668917089],[-74.7670030262144,39.2102190843023],[-74.766815875422,39.210007843921],[-74.7666399902391,39.2098168686656],[-74.7664416099942,39.2095940389519],[-74.7661983291392,39.2093220810746],[-74.7657379059086,39.2088012221636],[-74.7654460478127,39.2084771207491],[-74.7649969026829,39.207967848443],[-74.7646114061716,39.2075366823286],[-74.764334413137,39.2072212760422],[-74.7643081508159,39.207192740533],[-74.7640388031543,39.2069000909995],[-74.7637917563919,39.2066165211618],[-74.7634886390544,39.2062779440118],[-74.7632379227999,39.2060030580742],[-74.7630058622137,39.2057426265531],[-74.7626765317287,39.2053664345193],[-74.7623509398561,39.2050076407822],[-74.7620927230251,39.2047153615243],[-74.7620717537505,39.2046917780735],[-74.7617633878346,39.2043449600927],[-74.7614228515291,39.2039601127724],[-74.7610748274502,39.2035723426924],[-74.76078669245,39.2032511603368],[-74.7605322470704,39.2029733661677],[-74.7603039687045,39.2027187148013],[-74.7600347307366,39.20246706409],[-74.7598478030394,39.2023050980255],[-74.7595974285468,39.2021056011371],[-74.7594030959403,39.201963970021],[-74.7592200262373,39.2018425759405],[-74.7589623013221,39.2016778832688],[-74.7586486346978,39.2015104027369],[-74.758275312014,39.2013285844456],[-74.757819910299,39.2011179235916],[-74.757327192278,39.2008928732995],[-74.7570696336572,39.2007716412104],[-74.7561438875528,39.2003416372371],[-74.7551435082986,39.1998799115606],[-74.7550851482884,39.1998528017713]]}},{"type":"Feature","id":383022,"properties":{"OBJECTID":383022,"PRIMENAME":"Unnamed Segment","ELEVTYP_F":0,"ELEVTYP_T":0},"geometry":{"type":"LineString","coordinates":[[-74.8330277854041,39.2333224489939],[-74.832048091007,39.2327449587987],[-74.8319622735447,39.2327473572811],[-74.8318712507299,39.232820828619],[-74.8318909873315,39.2328961373224],[-74.8328880553891,39.2334727513125]]}},{"type":"Feature","id":383238,"properties":{"OBJECTID":383238,"PRIMENAME":"Shore Road","ELEVTYP_F":0,"ELEVTYP_T":0},"geometry":{"type":"LineString","coordinates":[[-74.7629013831427,39.1510840811036],[-74.7627836091509,39.1512476924574],[-74.7627280508243,39.1513093505012],[-74.7626586462424,39.151386365717]]}},{"type":"Feature","id":383607,"properties":{"OBJECTID":383607,"PRIMENAME":"State Highway 47","ELEVTYP_F":0,"ELEVTYP_T":0},"geometry":{"type":"LineString","coordinates":[[-74.8201725303843,39.1824385430303],[-74.8202454021429,39.1819259625579],[-74.8202663201327,39.1816110003483],[-74.8202688543798,39.1814693002173],[-74.8202719634462,39.181295365741],[-74.8202741514891,39.1811447140596],[-74.8202766406636,39.180993596716],[-74.8202741040854,39.1808243440665],[-74.8202675954236,39.1806135666442],[-74.8202622711348,39.1804635607723],[-74.8202632043242,39.1801613398668]]}},{"type":"Feature","id":384090,"properties":{"OBJECTID":384090,"PRIMENAME":"Unnamed Segment","ELEVTYP_F":0,"ELEVTYP_T":0},"geometry":{"type":"LineString","coordinates":[[-74.8330277854041,39.2333224489939],[-74.8334585365179,39.2328590954314]]}},{"type":"Feature","id":384128,"properties":{"OBJECTID":384128,"PRIMENAME":"Woodbine Oceanview Road","ELEVTYP_F":0,"ELEVTYP_T":0},"geometry":{"type":"LineString","coordinates":[[-74.7345512333101,39.1888433558619],[-74.7341850734605,39.1884418678472],[-74.7336861573645,39.1879043180338]]}},{"type":"Feature","id":384435,"properties":{"OBJECTID":384435,"PRIMENAME":"Garden State Parkway","ELEVTYP_F":1,"ELEVTYP_T":0},"geometry":{"type":"LineString","coordinates":[[-74.7297590402975,39.1715977897047],[-74.7293645034464,39.172067185268],[-74.7288815239795,39.172666106244],[-74.7288010252556,39.1727673544886],[-74.7284559696574,39.1732013477199],[-74.7282081645352,39.1735142030881],[-74.7281594914672,39.1735756544193],[-74.7278543815724,39.1739594468216]]}},{"type":"Feature","id":392768,"properties":{"OBJECTID":392768,"PRIMENAME":"Woodbine Oceanview Road","ELEVTYP_F":0,"ELEVTYP_T":0},"geometry":{"type":"LineString","coordinates":[[-74.7336861573645,39.1879043180338],[-74.7335269942293,39.1877328082865],[-74.7333924195768,39.1876025991922],[-74.7333101907926,39.1875215995442],[-74.7332092941331,39.1874289957114],[-74.7330710548617,39.1873104089391],[-74.7328805178794,39.1871571101645],[-74.7328641777458,39.1871451436993]]}},{"type":"Feature","id":396677,"properties":{"OBJECTID":396677,"PRIMENAME":"North Delsea Drive","ELEVTYP_F":0,"ELEVTYP_T":0},"geometry":{"type":"LineString","coordinates":[[-74.8201606852959,39.180030869031],[-74.8201556539445,39.1801314124116]]}},{"type":"Feature","id":396712,"properties":{"OBJECTID":396712,"PRIMENAME":"Tyler Road","ELEVTYP_F":0,"ELEVTYP_T":0},"geometry":{"type":"LineString","coordinates":[[-74.831242782704,39.1984406041664],[-74.8311272107825,39.1988833266303],[-74.8309936900614,39.1993889770854],[-74.8308192576289,39.2000357371633],[-74.8306412890692,39.2007265765207],[-74.8304892174517,39.2013115763704],[-74.8303520348607,39.2018436774781],[-74.8302185297796,39.2023401833237]]}},{"type":"Feature","id":397295,"properties":{"OBJECTID":397295,"PRIMENAME":"Garden State Parkway","ELEVTYP_F":0,"ELEVTYP_T":1},"geometry":{"type":"LineString","coordinates":[[-74.7606743251022,39.1417348988691],[-74.7603662353999,39.1422013622613],[-74.7601513568845,39.1424970676727],[-74.7599938096854,39.1427254005866],[-74.7597932127248,39.1429837029484],[-74.7596451160625,39.1431746447032],[-74.7593824213245,39.1435190546572],[-74.7590288700963,39.1439533708377],[-74.7587947866207,39.1442453814633],[-74.7585558094147,39.1445112906775],[-74.7581112874146,39.1450167830604],[-74.7575615219164,39.1456047432146],[-74.7571407135592,39.1460317053457],[-74.7567867953587,39.1463725765455],[-74.7564520115803,39.1466909718125],[-74.7562223833271,39.1469044941998],[-74.7555717812487,39.1474851966731],[-74.7549641009362,39.1480022652817],[-74.7545572865479,39.1483283084821],[-74.7537962631733,39.1489129769377],[-74.7533606497279,39.1492353176216],[-74.7529249922055,39.1495464530054],[-74.752494072952,39.1498426396466],[-74.7521684843029,39.1500600948908],[-74.7518332669644,39.1502776258774],[-74.7514932997398,39.15049881725],[-74.7514460205556,39.1505295937795],[-74.7506983818186,39.151016267293],[-74.7498076408056,39.1515937475171],[-74.7492474375054,39.1519761149522],[-74.7487542547152,39.1523247272017],[-74.7481654127505,39.152759511856],[-74.7476005705647,39.1532017104902],[-74.7472415785214,39.1534864948713],[-74.7466768291421,39.1539585903705],[-74.7460882342072,39.1544718649054],[-74.7457867938166,39.1547490273318],[-74.7452891927657,39.1552172124869],[-74.7446865131619,39.1558239211711],[-74.7443373346074,39.1561796809846],[-74.7439308358322,39.1566252635286],[-74.7434670355324,39.1571457052019],[-74.743022412554,39.1576661311263],[-74.7425538951435,39.1582239484432],[-74.7418701988623,39.1590288892329],[-74.7412868497837,39.1597065179036],[-74.7408709426487,39.1601969473908],[-74.7405553500688,39.1605675909653],[-74.7401298553163,39.1610730022728],[-74.7395847418126,39.1617094390532],[-74.7390826813378,39.1622934777037],[-74.7385422803559,39.1629000253125],[-74.7382265374722,39.1632332932518],[-74.7378964873877,39.163581525431],[-74.7373989208794,39.1640833126477],[-74.7369634902855,39.1645102585345],[-74.7362504271486,39.1651881521661],[-74.7356952895104,39.165705012518],[-74.7351010546927,39.1662671459259],[-74.7348242829828,39.1665289614578],[-74.7346453488452,39.1666989271905],[-74.7341494427668,39.1671618708457],[-74.7335224946765,39.1677536327231],[-74.733325292225,39.1679390877827],[-74.7331531369577,39.1681009877294],[-74.7329768992435,39.1682667259428],[-74.7323690582681,39.16883974463],[-74.7317899671902,39.1694052061465],[-74.7312875551079,39.1699182054348],[-74.7308377942314,39.1703862608424],[-74.7306561328829,39.1705835535693],[-74.7303689379758,39.1708954565511],[-74.7299623511102,39.1713559263858],[-74.7297590402975,39.1715977897047]]}},{"type":"Feature","id":397498,"properties":{"OBJECTID":397498,"PRIMENAME":"Unnamed Segment","ELEVTYP_F":0,"ELEVTYP_T":0},"geometry":{"type":"LineString","coordinates":[[-74.8328880553891,39.2334727513125],[-74.8330277854041,39.2333224489939]]}},{"type":"Feature","id":399136,"properties":{"OBJECTID":399136,"PRIMENAME":"State Highway 83","ELEVTYP_F":0,"ELEVTYP_T":0},"geometry":{"type":"LineString","coordinates":[[-74.8202635260441,39.1800572511293],[-74.8201606852959,39.180030869031]]}},{"type":"Feature","id":399270,"properties":{"OBJECTID":399270,"PRIMENAME":"Unnamed Segment","ELEVTYP_F":0,"ELEVTYP_T":0},"geometry":{"type":"LineString","coordinates":[[-74.8343136121162,39.2319392787964],[-74.8333070150799,39.231395563562],[-74.8332294429393,39.2313850206279],[-74.8330806789437,39.2315426358516],[-74.8331003961027,39.2316136366682],[-74.8340964641387,39.2321728717753]]}},{"type":"Feature","id":399400,"properties":{"OBJECTID":399400,"PRIMENAME":"Unnamed Segment","ELEVTYP_F":0,"ELEVTYP_T":0},"geometry":{"type":"LineString","coordinates":[[-74.8343136121162,39.2319392787964],[-74.8345413674298,39.2317000905355]]}},{"type":"Feature","id":400093,"properties":{"OBJECTID":400093,"PRIMENAME":"Shore Road","ELEVTYP_F":0,"ELEVTYP_T":0},"geometry":{"type":"LineString","coordinates":[[-74.7633961024036,39.1496361100889],[-74.7633171200982,39.1499979606563],[-74.7632375841027,39.1503626410378],[-74.7631898979832,39.1505303230418],[-74.7631364274099,39.1506509275585]]}},{"type":"Feature","id":400994,"properties":{"OBJECTID":400994,"PRIMENAME":"Shore Road","ELEVTYP_F":0,"ELEVTYP_T":0},"geometry":{"type":"LineString","coordinates":[[-74.7634817573783,39.1492346226957],[-74.7634122940448,39.1495620199094],[-74.7633961024036,39.1496361100889]]}},{"type":"Feature","id":401043,"properties":{"OBJECTID":401043,"PRIMENAME":"Unnamed Segment","ELEVTYP_F":0,"ELEVTYP_T":0},"geometry":{"type":"LineString","coordinates":[[-74.8336732974401,39.2326280769556],[-74.8326928026996,39.2320734510715],[-74.8325876238806,39.2320802103619],[-74.8324443856924,39.2322356551042],[-74.8325140286899,39.2323258938902],[-74.8334585365179,39.2328590954314]]}},{"type":"Feature","id":401116,"properties":{"OBJECTID":401116,"PRIMENAME":"Woodbine Oceanview Road","ELEVTYP_F":0,"ELEVTYP_T":0},"geometry":{"type":"LineString","coordinates":[[-74.7366529412499,39.1910735973609],[-74.7365334175553,39.190974196071],[-74.7363054451094,39.1907630166132],[-74.7361558819233,39.1906067296],[-74.7359950959358,39.1904388785885],[-74.7358268081299,39.1902536618325],[-74.7355986600905,39.1899989610988],[-74.735318180738,39.1896892849764],[-74.7351785601805,39.1895348061895],[-74.7348133197471,39.1891306924154],[-74.7345512333101,39.1888433558619]]}},{"type":"Feature","id":401332,"properties":{"OBJECTID":401332,"PRIMENAME":"Shore Road","ELEVTYP_F":0,"ELEVTYP_T":0},"geometry":{"type":"LineString","coordinates":[[-74.7488083271206,39.1624061786696],[-74.7485162073549,39.1627378313411],[-74.7478729320123,39.1634556526507],[-74.7477586705205,39.1635804158272]]}},{"type":"Feature","id":401394,"properties":{"OBJECTID":401394,"PRIMENAME":"Woodbine Oceanview Road","ELEVTYP_F":0,"ELEVTYP_T":0},"geometry":{"type":"LineString","coordinates":[[-74.7317002545123,39.1863292300859],[-74.7315398846758,39.186217439937],[-74.7312926749507,39.1860481333901]]}},{"type":"Feature","id":401427,"properties":{"OBJECTID":401427,"PRIMENAME":"Shore Road","ELEVTYP_F":0,"ELEVTYP_T":0},"geometry":{"type":"LineString","coordinates":[[-74.7336213902811,39.1765139659237],[-74.7336112621495,39.1765234324021],[-74.7334609190446,39.1766536902079],[-74.7332944538657,39.176783842268],[-74.7331280023873,39.1768973006575],[-74.7326660384282,39.1771831234486],[-74.732075099401,39.1775236496999],[-74.7314571933999,39.1778935793641],[-74.7310381169984,39.1781374648152],[-74.7307480545017,39.1783181338877],[-74.7304848093936,39.1784904569937],[-74.7302862219878,39.1786500481357],[-74.7300983199435,39.1788305406613],[-74.7299320917488,39.179015246565],[-74.729728367547,39.1792670222518],[-74.729652068714,39.1793668709036]]}},{"type":"Feature","id":401883,"properties":{"OBJECTID":401883,"PRIMENAME":"Woodbine Oceanview Road","ELEVTYP_F":0,"ELEVTYP_T":0},"geometry":{"type":"LineString","coordinates":[[-74.7422722423637,39.1939227056588],[-74.7418076368262,39.1937063176211],[-74.7403222709513,39.1930164189153],[-74.7390907260511,39.1924477274191],[-74.738351793223,39.1921042102022],[-74.7381701772321,39.1920189419869],[-74.73789278521,39.1918876851081],[-74.7376650737314,39.1917663759443],[-74.7373402429185,39.1915669555823],[-74.7370601685973,39.1913819683056],[-74.7368360836449,39.191225860808],[-74.7366529412499,39.1910735973609]]}},{"type":"Feature","id":401963,"properties":{"OBJECTID":401963,"PRIMENAME":"Little Mill Road","ELEVTYP_F":0,"ELEVTYP_T":0},"geometry":{"type":"LineString","coordinates":[[-74.8289662669407,39.2071279545437],[-74.8281230066559,39.2069938423898],[-74.8267304522655,39.2067657959053],[-74.8261423419668,39.2066732925795],[-74.8257790695079,39.2066171701997],[-74.8256234116277,39.2065974240616],[-74.8254807713721,39.2065843687503],[-74.8253165766318,39.206588204573],[-74.8251437957675,39.2066054910073],[-74.8249192660162,39.2066431019292],[-74.8246624302365,39.2066990622879],[-74.8246410102731,39.2067037297266],[-74.8245340503644,39.2067270340415]]}},{"type":"Feature","id":401964,"properties":{"OBJECTID":401964,"PRIMENAME":"Hands Mill Road","ELEVTYP_F":0,"ELEVTYP_T":0},"geometry":{"type":"LineString","coordinates":[[-74.8728757480942,39.2653962024076],[-74.8719218839516,39.2659087180706],[-74.8704228733822,39.2667079663955],[-74.8689164575226,39.2675158946295],[-74.8677489125148,39.2681394329666],[-74.8675401790309,39.2682509063542],[-74.8667590498228,39.2686709082917],[-74.8664666057016,39.2688258358899]]}},{"type":"Feature","id":401992,"properties":{"OBJECTID":401992,"PRIMENAME":"Washington Avenue","ELEVTYP_F":0,"ELEVTYP_T":0},"geometry":{"type":"LineString","coordinates":[[-74.7437116388173,39.2711691629681],[-74.7438108363418,39.2711099226608],[-74.7438600955041,39.2710741253499],[-74.7439551332231,39.2709971285215],[-74.7440501422585,39.2709119224847],[-74.744236586031,39.2707496719124],[-74.7444582849146,39.2705681820467],[-74.7445919647143,39.2704499450114],[-74.7448101293815,39.2702684618917],[-74.7449684507476,39.2701364449868],[-74.7451584766886,39.2699797047222],[-74.745379807216,39.2698006379708],[-74.7454576019953,39.2697376984315],[-74.7456792884427,39.2695644163351],[-74.7459854484854,39.2693251404401],[-74.7462810357751,39.2690831124618],[-74.7463830969126,39.2690061267026],[-74.746713813868,39.2692712501209],[-74.7468032049055,39.2693288340279],[-74.7469073204905,39.2693343911942],[-74.7469833050336,39.2693148975183],[-74.7472089964736,39.2691285042527],[-74.7491907810791,39.2674917319071],[-74.7496207755445,39.2671440502206],[-74.7503472500184,39.2665472443683],[-74.7508957518516,39.2660779199702],[-74.7509696217808,39.2659506268059],[-74.7511611015998,39.2654474054327],[-74.7513526643203,39.2649389560508],[-74.7515293666041,39.2644699385981],[-74.7516033303464,39.2643599496034],[-74.751675265702,39.2642777643362]]}},{"type":"Feature","id":402044,"properties":{"OBJECTID":402044,"PRIMENAME":"Martintown Road","ELEVTYP_F":0,"ELEVTYP_T":0},"geometry":{"type":"LineString","coordinates":[[-74.8095087098448,39.2522058350292],[-74.8093892815757,39.2524293818918],[-74.809138526424,39.2528987454454],[-74.8085242885236,39.2540185945295],[-74.8079100668552,39.2551383851916],[-74.8076936353185,39.255538269675],[-74.8072958910671,39.2562731367791],[-74.8067045367268,39.2573570012979],[-74.8063484187879,39.2580067248509],[-74.806094045822,39.2584708130486],[-74.8059735303451,39.2586816043031],[-74.8059562193459,39.2587104779161],[-74.8059456773742,39.2587294328],[-74.8058688938497,39.258869039527],[-74.8058193093393,39.2589588718808],[-74.8057658122396,39.2590427014926],[-74.805586812614,39.2592199406807]]}},{"type":"Feature","id":402060,"properties":{"OBJECTID":402060,"PRIMENAME":"Heilprin Avenue","ELEVTYP_F":0,"ELEVTYP_T":0},"geometry":{"type":"LineString","coordinates":[[-74.8060747428939,39.2410903609992],[-74.8055066859796,39.2416757026371],[-74.8054739679149,39.2417141465017],[-74.805458486549,39.2417323360348],[-74.8054149939305,39.2417588091435],[-74.8053714686579,39.2417777586272],[-74.805318220353,39.2417854489416],[-74.805313716359,39.2417854607482]]}},{"type":"Feature","id":402074,"properties":{"OBJECTID":402074,"PRIMENAME":"Wyncroft Drive","ELEVTYP_F":0,"ELEVTYP_T":0},"geometry":{"type":"LineString","coordinates":[[-74.7485426599709,39.2428507462238],[-74.7482150713099,39.2426795437487],[-74.7481476601373,39.242644314646],[-74.7472637542667,39.2421745335475],[-74.7470512677334,39.2420661168836],[-74.7469449913061,39.2419970948368],[-74.7468642296099,39.2419444929288],[-74.7468130709592,39.2418753269001],[-74.7467831442694,39.2418094101859],[-74.7467701900754,39.2417401911085],[-74.7467784340337,39.2416741935136]]}},{"type":"Feature","id":402075,"properties":{"OBJECTID":402075,"PRIMENAME":"Wexton Street","ELEVTYP_F":0,"ELEVTYP_T":0},"geometry":{"type":"LineString","coordinates":[[-74.7467784340337,39.2416741935136],[-74.7468182470089,39.2415814825787],[-74.7469261264486,39.2413674697944],[-74.747174633484,39.2409575981332],[-74.7474191133282,39.2405150993259],[-74.7474865481656,39.2403929084708],[-74.7475457640287,39.2403334208632],[-74.7476091454479,39.2402838082391],[-74.7477022922423,39.2402341313822],[-74.7477955201481,39.2402075469682],[-74.7479015159854,39.2401973816967],[-74.7480118783832,39.2402136760193],[-74.7481774616084,39.2402693916699],[-74.7484875015859,39.2403775712113],[-74.7486998327616,39.2404529820387],[-74.7488103704294,39.2405187261027],[-74.7488572703195,39.2405812828967],[-74.7489000251515,39.2406801473338],[-74.7489292290445,39.2408528391247],[-74.7489736296562,39.2411153801814],[-74.7490083309042,39.2413330141289],[-74.7490385390723,39.2414681761987],[-74.7490770702542,39.2415802566011],[-74.7491369740916,39.2417153560325],[-74.7492010565074,39.2418438560439],[-74.7492183315633,39.2419460691758],[-74.7492183452158,39.2419499273858],[-74.7492185883547,39.2420186382936],[-74.7491976941592,39.2420912256408],[-74.7491470235483,39.2421705202757],[-74.7485426599709,39.2428507462238]]}},{"type":"Feature","id":402076,"properties":{"OBJECTID":402076,"PRIMENAME":"Woodbine Road","ELEVTYP_F":0,"ELEVTYP_T":0},"geometry":{"type":"LineString","coordinates":[[-74.8071260795856,39.2506426685195],[-74.8070711656662,39.2507016281214],[-74.8069249978047,39.2508630492265],[-74.8068013544109,39.2510068393378],[-74.8066852796199,39.2511535460713],[-74.8065804578158,39.251297313403],[-74.8065445545254,39.2513536211269],[-74.8064907006097,39.2514380754818],[-74.8064196671397,39.2515641534418],[-74.8063524603055,39.2516931597783],[-74.806288996658,39.2518221553285],[-74.8062331146213,39.2519569799563],[-74.8061660748546,39.2521328267779],[-74.8061177917015,39.2522852316636],[-74.8060771825883,39.2524727061482],[-74.8060367006126,39.2526894768701],[-74.8060186287046,39.2528622843399],[-74.8059826151564,39.2532459280871],[-74.8059303195243,39.2542064344398],[-74.805849924594,39.2556413096236],[-74.8057731387038,39.2570381466794],[-74.8057142470974,39.2582211819124],[-74.8056895915728,39.2586106444486],[-74.8056767180337,39.258728551812],[-74.8056678531701,39.258809793268],[-74.8056459482354,39.258970886353],[-74.8056238514978,39.2590792899065],[-74.805586812614,39.2592199406807]]}},{"type":"Feature","id":402079,"properties":{"OBJECTID":402079,"PRIMENAME":"Hands Mill Road","ELEVTYP_F":0,"ELEVTYP_T":0},"geometry":{"type":"LineString","coordinates":[[-74.9162943153877,39.2320128227381],[-74.9160927211762,39.2322092310146],[-74.9156561873145,39.2326174579045],[-74.9150690913601,39.2331729505769],[-74.9146258373,39.2335871834855],[-74.9140643849942,39.2341173746753],[-74.9135409313641,39.234614424718],[-74.9129540849231,39.2351578797084],[-74.9124939439362,39.2355986061726],[-74.912253327365,39.235827270203],[-74.9119704837275,39.236092353879],[-74.9119599977305,39.2361021550007],[-74.911506053333,39.2365264461831],[-74.9111599368576,39.2368644028593],[-74.9109151320827,39.2371029636182],[-74.9102987475066,39.2376861302189],[-74.9100244009801,39.2379577966317],[-74.909758469423,39.2382195480447],[-74.9094460511739,39.2385144387282],[-74.9092982846356,39.2386536165003],[-74.9091716022823,39.2387696012723],[-74.90903648795,39.2388988224956],[-74.9089055494203,39.2390115276088],[-74.9088952056244,39.2390206298135],[-74.9087661933004,39.2391341738799],[-74.908647868902,39.2392303043133],[-74.9085210314078,39.2393199028838],[-74.9083560868017,39.23942610919],[-74.9080609933239,39.239617283889],[-74.9078781760396,39.2397348097247],[-74.9073199068653,39.2400998836319],[-74.9069223833198,39.2403653838345],[-74.9065205990029,39.2406275753071],[-74.9062330403807,39.2408167426472],[-74.9057170428333,39.2411552753677],[-74.9054463705996,39.2413344971964],[-74.9051460968751,39.2415302956256],[-74.9048120062325,39.2417526526892],[-74.9046766315959,39.2418389535844],[-74.904511713286,39.241951771779],[-74.9042833024752,39.2420945184009],[-74.9040802010532,39.242217352347],[-74.903923657142,39.2423070489423],[-74.9037162982012,39.2424266297297],[-74.9035173682737,39.2425263294987],[-74.9033141497407,39.2426293660144],[-74.9031491327738,39.2427256534041],[-74.9029883324322,39.2428120682594],[-74.9028994778368,39.2428652305721],[-74.9028024360754,39.242943682021]]}},{"type":"Feature","id":402095,"properties":{"OBJECTID":402095,"PRIMENAME":"Sumner Avenue","ELEVTYP_F":0,"ELEVTYP_T":0},"geometry":{"type":"LineString","coordinates":[[-74.8354124813194,39.2413471021405],[-74.8353946009478,39.2413232934777],[-74.8353746706983,39.2412682167719],[-74.8353671456383,39.241237595975],[-74.8352514052387,39.241141774208],[-74.835080878508,39.2410443272179],[-74.8350379448831,39.2410197924403],[-74.8342553943197,39.2405745154122],[-74.8338878628053,39.240373237928],[-74.8327653407795,39.239726675197],[-74.8315399870808,39.2390227621865],[-74.8313583081475,39.2389183924718],[-74.8307970424225,39.2385858887896],[-74.8296271868187,39.2379148554299],[-74.8279910009208,39.2369754125499],[-74.8274953461229,39.2366929840213],[-74.8274021777644,39.2366398945295],[-74.8261888882856,39.2359383068009],[-74.8253906394135,39.2354868916104],[-74.8239007367979,39.2346327856804],[-74.822860887039,39.2340277688883]]}},{"type":"Feature","id":402096,"properties":{"OBJECTID":402096,"PRIMENAME":"Washington Street","ELEVTYP_F":0,"ELEVTYP_T":0},"geometry":{"type":"LineString","coordinates":[[-74.8653884641016,39.270763633015],[-74.8653853188887,39.27080292854],[-74.8653642559256,39.2708554655842],[-74.8652299803533,39.2709967407984],[-74.864823577127,39.2714260978261],[-74.8642121665247,39.27205768383],[-74.864124529301,39.2721470012235]]}},{"type":"Feature","id":402139,"properties":{"OBJECTID":402139,"PRIMENAME":"State Highway 347","ELEVTYP_F":0,"ELEVTYP_T":0},"geometry":{"type":"LineString","coordinates":[[-74.9009283679329,39.2419289611308],[-74.9009738345217,39.2419826486413],[-74.9010454616125,39.2420540922746],[-74.9011011176357,39.2421062736038],[-74.9011260800171,39.2421296793137],[-74.9011925503801,39.2421780092667],[-74.9012394348377,39.2422120988748],[-74.9013567210477,39.2422842371901],[-74.9015683876242,39.242393089183],[-74.9017011028022,39.2424524327042],[-74.9018480773379,39.2425169993967],[-74.9021420120588,39.2426495644085],[-74.9025678468076,39.2428386625473],[-74.9025786676738,39.2428434679727],[-74.9028024360754,39.242943682021]]}},{"type":"Feature","id":402171,"properties":{"OBJECTID":402171,"PRIMENAME":"Woodbine Avenue","ELEVTYP_F":0,"ELEVTYP_T":0},"geometry":{"type":"LineString","coordinates":[[-74.8619656518984,39.2640642235188],[-74.8619195028879,39.2640120887047],[-74.8618922668948,39.2639813589617],[-74.8615556029568,39.2636014997128],[-74.8614750957919,39.2635093929524],[-74.8613154971779,39.2633267954441],[-74.861112893041,39.2630983765821],[-74.8610134611808,39.2629869902459]]}},{"type":"Feature","id":402206,"properties":{"OBJECTID":402206,"PRIMENAME":"State Highway 347","ELEVTYP_F":0,"ELEVTYP_T":0},"geometry":{"type":"LineString","coordinates":[[-74.9028024360754,39.242943682021],[-74.9028600679936,39.2429695119857],[-74.9030479406253,39.2430536772302],[-74.9032315075683,39.243125885134],[-74.9034235470858,39.2431914747787],[-74.9035819826932,39.2432405954921],[-74.9037876082118,39.24329850388],[-74.9040476489549,39.2433627306933],[-74.9043664127022,39.2434397951833],[-74.904861353522,39.2435618525073],[-74.9053353005778,39.2436741780272],[-74.90570438789,39.2437641058204],[-74.9061322024995,39.2438668148421],[-74.9064593583184,39.2439471116113],[-74.9066019508696,39.2439791777608],[-74.9068032880392,39.2440273209478],[-74.9069585267182,39.2440723855071],[-74.9071347413757,39.2441239102072],[-74.9073093393235,39.2441764843474],[-74.9074586733676,39.2442322769709],[-74.9076131642356,39.2442882981802],[-74.907823099899,39.2443820154753],[-74.9079658638159,39.2444434038424],[-74.9081226423842,39.2445164121872],[-74.9083060650799,39.2445985531462],[-74.9084615136275,39.2446794181683],[-74.9086211455078,39.244757028945],[-74.9088101982391,39.2448540849969],[-74.9089446359819,39.2449285164706],[-74.9092430226929,39.2451000913003],[-74.9094784229871,39.2452425623323],[-74.9097095467065,39.2453720337394],[-74.9098986224426,39.2454723011627],[-74.9100750892759,39.2455661600777],[-74.9102430589111,39.2456437113308],[-74.910390048348,39.2457083491053],[-74.9105664224952,39.2457858982001],[-74.9108981738927,39.2459312669081],[-74.9112635114279,39.2460830785674],[-74.9115993790622,39.2462251904714],[-74.9119730523652,39.2463769154829],[-74.912271166581,39.2464996372456],[-74.9125482655302,39.246609391473],[-74.912766580258,39.2466965625734],[-74.9129471423643,39.2467708529395],[-74.9132116544696,39.2468773820223],[-74.913413236359,39.2469711467355],[-74.9135980611504,39.2470616483723],[-74.913740854531,39.2471262697675],[-74.9139257546321,39.2472233322038],[-74.9141736107952,39.2473494679306],[-74.9143837535023,39.2474692297723],[-74.9147241008024,39.2476503880396],[-74.9149511131715,39.2477863711407],[-74.9151612225848,39.2479061316844],[-74.91533361321,39.2480130121801],[-74.9155037423982,39.2481135298702],[-74.9156810650884,39.2482122091808],[-74.9158498931885,39.248307651267],[-74.916001807552,39.2483851695051],[-74.9161277916063,39.2484368329095],[-74.9162855407789,39.2485097996923],[-74.9164636956395,39.248575664179],[-74.9165886208123,39.2486213449049],[-74.9167616918738,39.2486755578669],[-74.9169449120255,39.2487260273547],[-74.9172525839071,39.2488138582662],[-74.9177057225102,39.248939250796],[-74.9180413779317,39.2490292322071],[-74.9184273997642,39.249138580448],[-74.9187126942587,39.2492157248603],[-74.9190675032574,39.2493194998964],[-74.9192445535047,39.2493652379206],[-74.9194721953037,39.2494442355883],[-74.9196233059261,39.2494925374124],[-74.9197702577046,39.2495538970306],[-74.9199760149385,39.2496345922616],[-74.9202088363564,39.249736928118],[-74.9202406415957,39.2497509076206],[-74.9204674071903,39.249854289042],[-74.9206228423406,39.2499286302241],[-74.9208034237613,39.2500093887818],[-74.9209208247764,39.2500556685511],[-74.9209672054987,39.2500739524508],[-74.9211084078192,39.2501301685415],[-74.9212610707733,39.2501836243265],[-74.9214071985427,39.2502367189061],[-74.9215171412429,39.2502738826164],[-74.9217480108946,39.2503544847094],[-74.92194529035,39.2504221659443],[-74.9221215911357,39.2504833874193],[-74.9223334162564,39.250556286882],[-74.92254552105,39.2506284165421],[-74.922734452165,39.2506993940028],[-74.9228981436287,39.250754153429],[-74.9230828548312,39.2508218783644],[-74.9232466437249,39.2508929454206],[-74.9233810265237,39.2509478106721],[-74.9235196347132,39.2510124622428],[-74.9236876862844,39.2510932339402],[-74.9237927582296,39.2511482602899],[-74.9239584595986,39.2512432632182]]}},{"type":"Feature","id":402207,"properties":{"OBJECTID":402207,"PRIMENAME":"Washington Avenue","ELEVTYP_F":0,"ELEVTYP_T":0},"geometry":{"type":"LineString","coordinates":[[-74.839588076205,39.2163301719188],[-74.8388573044399,39.2171039335826],[-74.8383799326463,39.2176085033684],[-74.8374123987833,39.218634369072],[-74.8372114180523,39.2188467808451],[-74.836359581898,39.2197470460875],[-74.8359461694291,39.2201847822557],[-74.8349913157814,39.221197246964],[-74.8336272330098,39.2226407479771],[-74.833574369825,39.2226964885583],[-74.8334025745541,39.2228776333138]]}},{"type":"Feature","id":402209,"properties":{"OBJECTID":402209,"PRIMENAME":"Mosslander Road","ELEVTYP_F":0,"ELEVTYP_T":0},"geometry":{"type":"LineString","coordinates":[[-74.9127079864177,39.2270304386574],[-74.9127405974716,39.2270778182408],[-74.912797530554,39.2271605365916],[-74.9128544769364,39.2272456997067],[-74.9129176942252,39.2273405874959],[-74.9129747196032,39.2274330532618],[-74.9130348166423,39.2275255081064],[-74.9131076040217,39.2276447715218],[-74.9131488989656,39.2277275460513],[-74.9131864374611,39.2277914787112],[-74.9132289878572,39.2278639433131],[-74.9132563411413,39.2279160274902],[-74.9133463379451,39.2280873856826],[-74.9134260561853,39.2282206825725],[-74.9135338481319,39.228397261691],[-74.9136415342412,39.2285557191755],[-74.9137258570067,39.2286853745752],[-74.9138475091079,39.2288474342002],[-74.9142357412499,39.2293406955735],[-74.9144929394019,39.2296611130972],[-74.9147033756787,39.229923897782],[-74.9148671502955,39.2301399522203],[-74.9152506376621,39.2306224368931],[-74.9155407000245,39.2310005038551],[-74.9157558904103,39.231277739554],[-74.9159383122561,39.2315117648832],[-74.9160693015778,39.2316810106615],[-74.9161286537656,39.2317654761733],[-74.916149337239,39.2317949015895]]}},{"type":"Feature","id":402211,"properties":{"OBJECTID":402211,"PRIMENAME":"State Highway 347","ELEVTYP_F":0,"ELEVTYP_T":0},"geometry":{"type":"LineString","coordinates":[[-74.9239584595986,39.2512432632182],[-74.9240568691613,39.251300070182],[-74.9241248575334,39.2513424639028],[-74.924250993398,39.2514234144402],[-74.9244066324448,39.2515303424212],[-74.9245665176918,39.2516502409556],[-74.9246717493136,39.2517312951604],[-74.9247559502778,39.2518045059485],[-74.9248022851719,39.2518447937466],[-74.9249328413344,39.2519615864136],[-74.9250297872983,39.2520621922222],[-74.9251478267049,39.2521822705759],[-74.9252659115315,39.2523153637089],[-74.9253925182094,39.2524679743172],[-74.9255317610341,39.2526368209603],[-74.9257471443695,39.2529226580353],[-74.9259962252217,39.2532441763846],[-74.9264521893871,39.2538287441042],[-74.9266676046182,39.254124354098],[-74.9270432093015,39.2545821971048],[-74.9273457021224,39.254948912563],[-74.9274610349704,39.2550887300101],[-74.9277984972825,39.2554750744998],[-74.9281992218812,39.2559262868148],[-74.9284142742712,39.2561600065925],[-74.9287433332975,39.2565333379853],[-74.9288614312686,39.2566664543236],[-74.9290555450542,39.2569002229587],[-74.9292201692638,39.2571047755351],[-74.9294184683675,39.257335314891],[-74.9295916191796,39.2575594121145],[-74.9297731064897,39.2577834512812],[-74.9299884831675,39.2580627735976],[-74.9303938614473,39.2585888911616],[-74.9308460622073,39.2591468482925]]}},{"type":"Feature","id":402219,"properties":{"OBJECTID":402219,"PRIMENAME":"Freidriechstadt Avenue","ELEVTYP_F":0,"ELEVTYP_T":0},"geometry":{"type":"LineString","coordinates":[[-74.805313716359,39.2417854607482],[-74.805255264063,39.2417856139559],[-74.8051728225774,39.2417707835031],[-74.8050855138801,39.2417408363767],[-74.8049154671985,39.2416358184214],[-74.8043375942975,39.2413096004594],[-74.8025844584286,39.2403083556845],[-74.8001709768836,39.2389207616608],[-74.797660533217,39.2374919873499],[-74.7966111968878,39.236887208215],[-74.796217247408,39.2366601548318],[-74.7954025331744,39.2361905790903],[-74.7951239240652,39.2360315588927],[-74.7944076120863,39.2356227109175],[-74.7940367700245,39.2354110426628]]}},{"type":"Feature","id":402229,"properties":{"OBJECTID":402229,"PRIMENAME":"Leesburg Belleplain Road","ELEVTYP_F":0,"ELEVTYP_T":0},"geometry":{"type":"LineString","coordinates":[[-74.9308460622073,39.2591468482925],[-74.9305886884404,39.2591856634591],[-74.9300402172576,39.2592698971226],[-74.9297679742198,39.2593087924071],[-74.9296013569075,39.2593284072606],[-74.9292762789716,39.2593675521374],[-74.9290689560734,39.2593841039424],[-74.928772266625,39.2594105115155],[-74.9285608810399,39.2594270773741],[-74.9283536311479,39.2594499703128],[-74.9281219775314,39.2594729525983],[-74.9279107046356,39.2595022022138],[-74.9277237618641,39.2595250194142],[-74.9275043301546,39.259554298258],[-74.9272686732077,39.259593053393],[-74.9272156071795,39.2596017563207],[-74.9270302417658,39.2596321551317],[-74.9269924407798,39.2596383553547],[-74.9266470940795,39.2596901967091],[-74.9265129216303,39.2597122348972],[-74.9263911480302,39.2597322376231],[-74.9263571477687,39.2597377003655],[-74.9259483315413,39.2598033788863],[-74.9255989245351,39.2598616025853],[-74.925221143709,39.2599293739415],[-74.9247254380306,39.2600038889593],[-74.9241404404017,39.2601008575567],[-74.9238153956914,39.2601525895508],[-74.9236122617012,39.2601849591269],[-74.9233360075864,39.2602334089724],[-74.9231044246,39.2602690393508],[-74.9229216323302,39.2603013058915],[-74.9223487601225,39.2603950911072],[-74.9219425054459,39.2604629280685],[-74.9214346463678,39.2605438157932],[-74.9210893276151,39.260601956223],[-74.9207927431254,39.260647288247],[-74.920512423684,39.2606957190617],[-74.9196348550223,39.2608380099352],[-74.9190782004337,39.2609285362306],[-74.9185948282074,39.2610124808308],[-74.9180991451604,39.2610932832245],[-74.9177863126608,39.2611449815778],[-74.9171321796456,39.2612485056618],[-74.9166283705822,39.2613293579285],[-74.9161977182103,39.2614004465383],[-74.9157385831252,39.2614747926153],[-74.9153688880478,39.2615393457836],[-74.9151535407214,39.261568558872],[-74.914962545358,39.261594527418],[-74.9147999609657,39.2616109223337],[-74.9146658406675,39.2616208450733],[-74.9145397539138,39.2616212939621],[-74.9144177263049,39.2616154405444],[-74.9142711772518,39.2616019866318],[-74.9141531777369,39.2615784364066],[-74.9140361658368,39.2615427187744],[-74.9139453600376,39.261512783928],[-74.913814875196,39.2614500416095],[-74.9137047334859,39.2613872268777],[-74.9135494567604,39.2612707564223],[-74.9133820478626,39.2611512534216],[-74.9131654967239,39.2609812659998],[-74.9128591148106,39.2607484185294],[-74.9125486364009,39.260509242075],[-74.91216062331,39.2602197635454],[-74.9118664699349,39.2599931578694],[-74.9116650916082,39.2598380216294],[-74.9115968692224,39.2597854647723],[-74.9111148639791,39.2594204225278],[-74.9108943179938,39.2592599737966],[-74.9107105633733,39.2591278392111],[-74.910604400061,39.259061822178],[-74.9105351345474,39.2590304088281],[-74.9104456576837,39.2589912952907],[-74.910335413836,39.2589521188333],[-74.9102620719805,39.2589302188375],[-74.9101888020566,39.2589146891465],[-74.910098497661,39.2588971601196],[-74.9100056215013,39.2588868889815],[-74.9099161626915,39.2588872038971],[-74.9097982380275,39.2588876189141],[-74.9096504967292,39.2588987368539],[-74.9095056236333,39.2589170934256],[-74.9093147069018,39.2589557107682],[-74.9090262625239,39.2590041695311],[-74.9087418798512,39.2590525592751],[-74.9081894321099,39.2591619909699],[-74.9075190772168,39.2592812787003],[-74.9069260285585,39.2593877440438],[-74.9063694589984,39.2594876544301],[-74.9059713177225,39.2595554614415],[-74.9050369265436,39.2597199429693],[-74.9040903832483,39.2598907739228],[-74.9035378672097,39.2599907116663],[-74.9032819250734,39.2600358591774],[-74.9023475402635,39.2602034764895],[-74.9017056653751,39.2603163446414],[-74.90125469832,39.2603937907685],[-74.9009246092302,39.2604525531274],[-74.9009222570259,39.2604529710986]]}},{"type":"Feature","id":402236,"properties":{"OBJECTID":402236,"PRIMENAME":"Woodbine Road","ELEVTYP_F":0,"ELEVTYP_T":0},"geometry":{"type":"LineString","coordinates":[[-74.805586812614,39.2592199406807],[-74.805542227859,39.2593635208951],[-74.80553086342,39.2593953911916],[-74.8054826649125,39.2595305617706],[-74.8053819243751,39.2597474900587],[-74.8052437876317,39.2600230823611],[-74.8048625848697,39.2607062810665],[-74.8045374701938,39.2613014961999],[-74.8041427882421,39.2620234693329]]}},{"type":"Feature","id":402244,"properties":{"OBJECTID":402244,"PRIMENAME":"Franks Road","ELEVTYP_F":0,"ELEVTYP_T":0},"geometry":{"type":"LineString","coordinates":[[-74.8493808968663,39.2435295778283],[-74.8493101424994,39.2437020835265],[-74.849302615664,39.2437172246358],[-74.8492062369985,39.2439110971946],[-74.8491397000172,39.2440156337479],[-74.8490856339731,39.24410709075],[-74.8490505245112,39.2441476763172]]}},{"type":"Feature","id":402258,"properties":{"OBJECTID":402258,"PRIMENAME":"Champion Road","ELEVTYP_F":0,"ELEVTYP_T":0},"geometry":{"type":"LineString","coordinates":[[-74.8537426313256,39.2503649359761],[-74.8536716321491,39.2504579354966],[-74.8536256301444,39.2505439353487],[-74.8535936311814,39.2506459345288],[-74.853581631798,39.2507509366825],[-74.8535866300695,39.2508199353759],[-74.8535576298263,39.2509709365246],[-74.8535156295586,39.2510969360407],[-74.8534446331945,39.2512389365801],[-74.8533236314846,39.2514119356729],[-74.8532666308522,39.2515309361603],[-74.8532326314851,39.2516549357896],[-74.8532206325277,39.2517659355677],[-74.8532296325606,39.2518929351325],[-74.853254630073,39.252002936286],[-74.8533046313519,39.2521239363017],[-74.8539816312349,39.2533409363074],[-74.8540926324043,39.25350293525],[-74.8541866314752,39.253671934736],[-74.8542596329503,39.253846935336],[-74.8542906313918,39.2539489357828],[-74.8543136299221,39.2540259357032],[-74.8543476323749,39.2542079371614],[-74.8543676317923,39.2543529357821],[-74.854362630367,39.2544499362678],[-74.8543406329538,39.2545449363898],[-74.8543016321359,39.2546369362481],[-74.854254632825,39.2547139374039],[-74.8541776304008,39.2548039358723],[-74.8540826332854,39.2548839358199],[-74.85398563326,39.2549449371236],[-74.8538566322812,39.2550039357644],[-74.8536006322247,39.2551079367642],[-74.8533386329977,39.2551999357268],[-74.8530696320789,39.2552819354773],[-74.8529056310562,39.2553259350742],[-74.8527796314214,39.2553809381869],[-74.8526426309009,39.2554569366138],[-74.8525346324645,39.2555319372613],[-74.8524236309435,39.2556299358855],[-74.8523276299444,39.2557389367099],[-74.852249631293,39.2558549364447],[-74.8521986313695,39.2559599356111],[-74.8521606304994,39.2560679366236],[-74.8521366298604,39.2561979366136],[-74.8521316307991,39.2563289376107],[-74.8521356304808,39.2563759367347],[-74.852135813888,39.2563780882448]]}},{"type":"Feature","id":402288,"properties":{"OBJECTID":402288,"PRIMENAME":"Martintown Road","ELEVTYP_F":0,"ELEVTYP_T":0},"geometry":{"type":"LineString","coordinates":[[-74.8112949033811,39.2486001276118],[-74.8113179093952,39.2486136028061],[-74.8113606560571,39.248649594476],[-74.8113762425003,39.2486766532054],[-74.8113880200852,39.2487127276566],[-74.8113921044436,39.2487578840672],[-74.8113768680559,39.2488181106758],[-74.8112849517494,39.2489935748089],[-74.8111273673909,39.2492943910413],[-74.8108969130962,39.2497104062076],[-74.8106011629914,39.2502469946904],[-74.8105997090238,39.2502496343792],[-74.8103554040196,39.2506931424676],[-74.8098137551437,39.2516638495366],[-74.8095338397163,39.2521587956865],[-74.8095087098448,39.2522058350292]]}},{"type":"Feature","id":402292,"properties":{"OBJECTID":402292,"PRIMENAME":"Tyler Road","ELEVTYP_F":0,"ELEVTYP_T":0},"geometry":{"type":"LineString","coordinates":[[-74.8259520252323,39.2186160389119],[-74.8257530855227,39.2193797990401],[-74.8256398785916,39.2198139410756],[-74.8253346855177,39.2209775453323],[-74.8253001767063,39.2211091176003],[-74.8251471789225,39.2216919842876],[-74.8249196977275,39.2225585797404],[-74.8246796701552,39.2234806330399],[-74.8246402711789,39.2236302289426],[-74.8245029744148,39.2241515224434],[-74.82429467333,39.2249587704172],[-74.8241315754501,39.22558659591],[-74.8238461670527,39.2266629463347],[-74.8236921480326,39.2272477754306],[-74.8234475986962,39.2281913372033],[-74.8233482235212,39.2285687660462]]}},{"type":"Feature","id":404332,"properties":{"OBJECTID":404332,"PRIMENAME":"Unnamed Segment","ELEVTYP_F":0,"ELEVTYP_T":0},"geometry":{"type":"LineString","coordinates":[[-74.7710329967245,39.1581811193242],[-74.7709951552539,39.1582368007982],[-74.7708411642815,39.158463388258],[-74.7704976391959,39.1589458151101],[-74.770441434951,39.1590247446261],[-74.7704282165043,39.1590448530375],[-74.7704167399,39.1590655996156],[-74.7704070556621,39.1590868930299],[-74.7703992064242,39.1591086395423]]}},{"type":"Feature","id":404333,"properties":{"OBJECTID":404333,"PRIMENAME":"Unnamed Segment","ELEVTYP_F":0,"ELEVTYP_T":0},"geometry":{"type":"LineString","coordinates":[[-74.7703992064242,39.1591086395423],[-74.7703916488912,39.1591381993246],[-74.77038747893,39.159168163645],[-74.7703867292257,39.1591982976686],[-74.7703894056582,39.1592283652297],[-74.770395487256,39.1592581306837],[-74.7704049263609,39.159287360753],[-74.7704176490009,39.1593158263558],[-74.7704335554698,39.1593433044012],[-74.7704525211087,39.1593695795378],[-74.7704743972831,39.1593944458416],[-74.7704990125472,39.1594177084294],[-74.7705261739878,39.1594391849867],[-74.770555668736,39.1594587071964],[-74.7705872656358,39.159476122058],[-74.7706207170555,39.1594912930866],[-74.7706557608283,39.1595041013829],[-74.7708947766021,39.1595816028223],[-74.7710048643247,39.159636834038],[-74.7710584514766,39.1596713890025],[-74.771146102162,39.1597320592827],[-74.7712311417438,39.1597888970993],[-74.7713383319999,39.159862630761],[-74.7716406988606,39.1601212499051],[-74.7716974328405,39.1601661943219],[-74.7717584140174,39.1602076307395],[-74.771928463614,39.1603145392747],[-74.7720647026377,39.1604270909755],[-74.7721133503697,39.1604705484449],[-74.772157513974,39.1605168171956],[-74.7721969264302,39.1605656174883],[-74.7722313494414,39.1606166542777],[-74.7722605748757,39.160669618996],[-74.7722844260242,39.1607241914184],[-74.7723027586701,39.1607800415994],[-74.7723154619603,39.160836831867],[-74.7723580905606,39.161083884504],[-74.7723632576107,39.1611027121455],[-74.7723720713325,39.161120700471],[-74.7723843233279,39.161137424146],[-74.7723997239001,39.1611524877383],[-74.7724179089032,39.1611655350681],[-74.7724384483528,39.1611762576302],[-74.7724608565925,39.1611844018886],[-74.7724846037777,39.1611897752715],[-74.7725091284035,39.1611922507246],[-74.7725338505825,39.1611917697156],[-74.7725581857557,39.1611883436179],[-74.7725815585153,39.1611820534421],[-74.7726034162101,39.1611730479201],[-74.7726232420132,39.1611615399884],[-74.7726405671429,39.1611478017531],[-74.7726549819466,39.1611321580558],[-74.7732935657874,39.1603158150839]]}},{"type":"Feature","id":404334,"properties":{"OBJECTID":404334,"PRIMENAME":"Unnamed Segment","ELEVTYP_F":0,"ELEVTYP_T":0},"geometry":{"type":"LineString","coordinates":[[-74.7732935657874,39.1603158150839],[-74.7734345712878,39.1601355553315],[-74.773446302543,39.1601166240899],[-74.773453099514,39.1600962819182],[-74.7734547045508,39.1600752999313],[-74.7734510568158,39.1600544734963],[-74.7734422945885,39.1600345920837],[-74.7734287500237,39.1600164093399],[-74.7734109365594,39.1600006145193],[-74.7733895294539,39.1599878063568],[-74.7723842068574,39.1594995546175],[-74.7723635080289,39.1594915573257],[-74.7723412158924,39.1594868203282],[-74.7723181685848,39.1594855217259],[-74.7722952326354,39.1594877103434],[-74.7722732703867,39.1594933038935],[-74.7722531075727,39.1595020920706],[-74.772235502273,39.1595137444579],[-74.7722211164111,39.1595278229504],[-74.7720856225052,39.1596906344562],[-74.7720715198122,39.1597170844761],[-74.7720624879296,39.1597340251139]]}},{"type":"Feature","id":404335,"properties":{"OBJECTID":404335,"PRIMENAME":"Unnamed Segment","ELEVTYP_F":0,"ELEVTYP_T":0},"geometry":{"type":"LineString","coordinates":[[-74.7732935657874,39.1603158150839],[-74.7732579317284,39.1602988529744],[-74.7720881937526,39.1597420456245],[-74.7720624879296,39.1597340251139]]}},{"type":"Feature","id":404336,"properties":{"OBJECTID":404336,"PRIMENAME":"Unnamed Segment","ELEVTYP_F":0,"ELEVTYP_T":0},"geometry":{"type":"LineString","coordinates":[[-74.7720624879296,39.1597340251139],[-74.771962467087,39.1597028165947],[-74.7715636838718,39.1596038272935],[-74.771487165478,39.1595822761793],[-74.7714130007897,39.1595562106051],[-74.771341628485,39.1595257847475],[-74.7712734707234,39.1594911785739],[-74.7707478436808,39.1592012723205],[-74.7706885249466,39.1591715860438],[-74.7706309799855,39.1591500283905],[-74.7705804410787,39.1591393005421],[-74.7705194589335,39.1591299526758],[-74.7704741546588,39.1591219232543],[-74.7703992064242,39.1591086395423]]}},{"type":"Feature","id":404337,"properties":{"OBJECTID":404337,"PRIMENAME":"State Highway 83","ELEVTYP_F":0,"ELEVTYP_T":0},"geometry":{"type":"LineString","coordinates":[[-74.7710329967245,39.1581811193242],[-74.7708884974815,39.1581126014606]]}},{"type":"Feature","id":404368,"properties":{"OBJECTID":404368,"PRIMENAME":"Unnamed Segment","ELEVTYP_F":0,"ELEVTYP_T":0},"geometry":{"type":"LineString","coordinates":[[-74.7476408003574,39.1710210892317],[-74.747636038037,39.1708560776631],[-74.7476359286316,39.170852270957],[-74.7476732002811,39.1707348603834],[-74.74768659364,39.1706926691246]]}},{"type":"Feature","id":404369,"properties":{"OBJECTID":404369,"PRIMENAME":"Unnamed Segment","ELEVTYP_F":0,"ELEVTYP_T":0},"geometry":{"type":"LineString","coordinates":[[-74.7476408003574,39.1710210892317],[-74.7472885880863,39.171135403945],[-74.7472433603303,39.1711477618485],[-74.7471966106554,39.1711560020782],[-74.7471489555694,39.1711600159666],[-74.7471010235204,39.1711597505809],[-74.746731921032,39.1711411754752],[-74.7467007743633,39.1711385212634],[-74.746670053785,39.1711337236349],[-74.7466400022456,39.1711268205309],[-74.7466108574021,39.1711178665435],[-74.746582849741,39.1711069324835],[-74.7465562007552,39.1710941048212],[-74.7465311211926,39.1710794850015],[-74.746507809389,39.1710631886427],[-74.7464818686009,39.1710405928605],[-74.7464473836139,39.171013033512],[-74.7464117767711,39.170982022715],[-74.7463661782483,39.170948443124],[-74.7463272521839,39.1709200301263],[-74.7462772366665,39.1708925035546],[-74.7462272242007,39.1708658408578],[-74.7461761151442,39.1708426342665],[-74.7461216988673,39.1708254792565],[-74.7460695041206,39.1708091825322],[-74.7459740428295,39.1707921141171],[-74.7459374148587,39.1707861468066],[-74.7458908090995,39.1707819274443],[-74.7457656357337,39.1707684951712],[-74.7457314771952,39.1707634129762],[-74.7456981781122,39.1707556054297],[-74.7456660963291,39.1707451564347],[-74.7456355766084,39.17073217828],[-74.7451588011711,39.1705036957636],[-74.7448437166561,39.1703514032178],[-74.7446841526155,39.1702849547807],[-74.7446526250764,39.1702733473947],[-74.7446197791102,39.1702642202272],[-74.744292323327,39.170187205413],[-74.7442384066569,39.1701790433357]]}},{"type":"Feature","id":404370,"properties":{"OBJECTID":404370,"PRIMENAME":"Unnamed Segment","ELEVTYP_F":0,"ELEVTYP_T":0},"geometry":{"type":"LineString","coordinates":[[-74.7479470667707,39.1711531448302],[-74.7476603243851,39.1710295075028],[-74.7476408003574,39.1710210892317]]}},{"type":"Feature","id":404371,"properties":{"OBJECTID":404371,"PRIMENAME":"Unnamed Segment","ELEVTYP_F":0,"ELEVTYP_T":0},"geometry":{"type":"LineString","coordinates":[[-74.7479470667707,39.1711531448302],[-74.7479197608143,39.1714719434765],[-74.747919997574,39.1714941371512],[-74.7479258817892,39.171515853834],[-74.7479371799072,39.1715362315414],[-74.7479534434848,39.1715544614363],[-74.7479740269867,39.1715698199325],[-74.7479981134086,39.1715816974156],[-74.7480247467057,39.1715896224407],[-74.7480528697402,39.1715932804448],[-74.7482052610706,39.1716010950223],[-74.7482308676576,39.1716004474287],[-74.7482558188503,39.1715959201639],[-74.748279154006,39.1715876875316],[-74.7482999747017,39.1715760664952],[-74.7483174793245,39.1715615044746],[-74.7483309939338,39.1715445621195],[-74.7483399982096,39.1715258917245],[-74.7483441454838,39.1715062121139],[-74.7483632892922,39.1712748741423],[-74.7483625411888,39.1712554279347],[-74.7483571245483,39.1712364353911],[-74.7483472313103,39.1712185695025],[-74.7483332120396,39.1712024633374],[-74.7483155635038,39.1711886876085],[-74.7482949110704,39.1711777304509],[-74.7482719865473,39.171169980125],[-74.7482476022513,39.1711657112587],[-74.7480345843309,39.1711445447631]]}},{"type":"Feature","id":404372,"properties":{"OBJECTID":404372,"PRIMENAME":"Unnamed Segment","ELEVTYP_F":0,"ELEVTYP_T":0},"geometry":{"type":"LineString","coordinates":[[-74.7438222522172,39.1700563478259],[-74.7437266721199,39.1700171487405],[-74.743529194263,39.169923521365],[-74.7435077717705,39.1699112820327],[-74.7434893600399,39.1698963665542],[-74.7434745035902,39.1698792160501],[-74.7434636417929,39.1698603377405],[-74.7434570958786,39.1698402899446],[-74.7434550594363,39.169819665568],[-74.743457592689,39.1697990745681],[-74.743464620713,39.1697791259148],[-74.7436798845469,39.1692816640506],[-74.7437539371791,39.1691581944111]]}},{"type":"Feature","id":404373,"properties":{"OBJECTID":404373,"PRIMENAME":"Unnamed Segment","ELEVTYP_F":0,"ELEVTYP_T":0},"geometry":{"type":"LineString","coordinates":[[-74.7442384066569,39.1701790433357],[-74.7443386735378,39.1699357835787],[-74.7444054351781,39.1697555517379],[-74.7445503217913,39.1694335298459],[-74.7445896586085,39.1693460993709],[-74.7445909655066,39.169343194129]]}},{"type":"Feature","id":404374,"properties":{"OBJECTID":404374,"PRIMENAME":"Unnamed Segment","ELEVTYP_F":0,"ELEVTYP_T":0},"geometry":{"type":"LineString","coordinates":[[-74.7438222522172,39.1700563478259],[-74.7438326956912,39.1700369849927],[-74.7438876037286,39.1699351745406],[-74.7441191469954,39.1693575014592],[-74.7441585772325,39.1692591266558]]}},{"type":"Feature","id":404375,"properties":{"OBJECTID":404375,"PRIMENAME":"Unnamed Segment","ELEVTYP_F":0,"ELEVTYP_T":0},"geometry":{"type":"LineString","coordinates":[[-74.7442384066569,39.1701790433357],[-74.7441534220401,39.1701729461891],[-74.7441380071283,39.1701710929911],[-74.7441227125369,39.1701687111379],[-74.7441075681722,39.1701658052868],[-74.7440926036469,39.1701623811201],[-74.7440778482222,39.1701584453329],[-74.7440633307502,39.1701540056215],[-74.7440490796178,39.1701490706668],[-74.744035122691,39.1701436501185],[-74.7438222522172,39.1700563478259]]}},{"type":"Feature","id":404376,"properties":{"OBJECTID":404376,"PRIMENAME":"Unnamed Segment","ELEVTYP_F":0,"ELEVTYP_T":0},"geometry":{"type":"LineString","coordinates":[[-74.74768659364,39.1706926691246],[-74.747786774147,39.1707214793273],[-74.7483497844306,39.1709016364843],[-74.7486876473903,39.1710259891005],[-74.7487949572111,39.1710799589191],[-74.7488487364991,39.1711423811132],[-74.7488544168108,39.1712340886314],[-74.7488228679374,39.1714009216963],[-74.7488498385178,39.1714550620761]]}},{"type":"Feature","id":404377,"properties":{"OBJECTID":404377,"PRIMENAME":"Unnamed Segment","ELEVTYP_F":0,"ELEVTYP_T":0},"geometry":{"type":"LineString","coordinates":[[-74.7480345843309,39.1711445447631],[-74.7479470667707,39.1711531448302]]}},{"type":"Feature","id":404378,"properties":{"OBJECTID":404378,"PRIMENAME":"Unnamed Segment","ELEVTYP_F":0,"ELEVTYP_T":0},"geometry":{"type":"LineString","coordinates":[[-74.7425475391972,39.1683305004471],[-74.7436436902329,39.1690948798752],[-74.7437539371791,39.1691581944111]]}},{"type":"Feature","id":404379,"properties":{"OBJECTID":404379,"PRIMENAME":"Unnamed Segment","ELEVTYP_F":0,"ELEVTYP_T":0},"geometry":{"type":"LineString","coordinates":[[-74.7441585772325,39.1692591266558],[-74.7445909655066,39.169343194129]]}},{"type":"Feature","id":404380,"properties":{"OBJECTID":404380,"PRIMENAME":"Unnamed Segment","ELEVTYP_F":0,"ELEVTYP_T":0},"geometry":{"type":"LineString","coordinates":[[-74.7437539371791,39.1691581944111],[-74.743768460613,39.1691665355157],[-74.7439855747312,39.1692254904872],[-74.7441585772325,39.1692591266558]]}},{"type":"Feature","id":406083,"properties":{"OBJECTID":406083,"PRIMENAME":"Hawks Ridge Lane","ELEVTYP_F":0,"ELEVTYP_T":0},"geometry":{"type":"LineString","coordinates":[[-74.7617205894844,39.1785100480197],[-74.7617659012512,39.1785182546487],[-74.7624038146166,39.178633786213],[-74.7625930107145,39.1786692051693],[-74.7628477565674,39.178732773933],[-74.7631220065474,39.1788264833075],[-74.7631737574116,39.1788424598718]]}},{"type":"Feature","id":406084,"properties":{"OBJECTID":406084,"PRIMENAME":"Hawks Ridge Lane","ELEVTYP_F":0,"ELEVTYP_T":0},"geometry":{"type":"LineString","coordinates":[[-74.7631737574116,39.1788424598718],[-74.7633889430328,39.1789088895628],[-74.7636801413468,39.1790032250262],[-74.7637140057272,39.1790129169052],[-74.7637487964315,39.1790203605156],[-74.7637842675381,39.1790255032417],[-74.7638201683159,39.1790283087315],[-74.7638562449963,39.1790287571541],[-74.7638922425674,39.1790268453399],[-74.7639279065765,39.1790225868026],[-74.7639629849288,39.1790160116443],[-74.7639972296693,39.1790071663421],[-74.7640303987361,39.17899611342],[-74.7640622576707,39.1789829310067],[-74.7640925812761,39.1789677122833],[-74.764121155208,39.1789505648248],[-74.7641477774905,39.1789316098394],[-74.7641722599434,39.1789109813121],[-74.7641944295125,39.1788888250572],[-74.7643672465486,39.1787002638034],[-74.7643975086928,39.178661461343],[-74.7644314477317,39.1786245475369],[-74.7644688699993,39.1785897330197],[-74.764509561955,39.1785572164472],[-74.7645532914017,39.1785271833623],[-74.7645998088111,39.1784998051368],[-74.7646488487475,39.1784752379934],[-74.7647001313824,39.1784536221143],[-74.764753364091,39.1784350808416],[-74.764808243122,39.178419719973],[-74.7648644553309,39.1784076271589],[-74.7649216799664,39.1783988714015],[-74.7649795905006,39.1783935026618],[-74.7650378564924,39.1783915515742],[-74.7650961454722,39.1783930292716],[-74.7651541248396,39.1783979273222],[-74.7655033832217,39.1784266002029],[-74.765550542297,39.1784296514413],[-74.7655972622602,39.178435506587],[-74.7656432683267,39.1784441312027],[-74.7656882899104,39.1784554745627],[-74.7657320622151,39.1784694699505],[-74.7657743277918,39.1784860350518],[-74.7658148380529,39.1785050724383],[-74.7658533547342,39.1785264701411],[-74.7658896512964,39.1785501023083],[-74.765923514257,39.1785758299463],[-74.7659547444465,39.1786035017365],[-74.7659831581794,39.1786329549255],[-74.7660085883347,39.1786640162822],[-74.7660308853389,39.1786965031171],[-74.7660499180461,39.1787302243558],[-74.7660655745088,39.1787649816639],[-74.766068523343,39.1788174215941],[-74.7660668036818,39.1788488223426],[-74.7660581786571,39.1788795263166],[-74.7660510502355,39.178897363828],[-74.7660001891925,39.1789865509872],[-74.7659221520258,39.1790570492477],[-74.7657539449569,39.179174632633]]}},{"type":"Feature","id":406085,"properties":{"OBJECTID":406085,"PRIMENAME":"Gibson Lane","ELEVTYP_F":0,"ELEVTYP_T":0},"geometry":{"type":"LineString","coordinates":[[-74.7631737574116,39.1788424598718],[-74.7631581135554,39.1788871027941],[-74.762921628934,39.1795619437789],[-74.7629122306524,39.1795983075992],[-74.7629092311555,39.1796353262859],[-74.7629126854613,39.1796723209489],[-74.762922530231,39.1797086131375],[-74.7629385849291,39.1797435372831],[-74.7629605551343,39.1797764529044],[-74.7629880379378,39.1798067563545],[-74.7630205293322,39.1798338918908],[-74.7635521033539,39.1802215302222],[-74.7636026731375,39.1802544489043],[-74.7636576763484,39.1802827352659],[-74.7637164159345,39.1803060308334],[-74.76377814749,39.1803240403814],[-74.76384208869,39.1803365356739],[-74.7639074292049,39.1803433583576],[-74.7639733409706,39.1803444219683],[-74.7640389886832,39.1803397130268],[-74.7641055680635,39.1803319762039],[-74.7641492187665,39.1803251451168],[-74.7641917308739,39.1803148450924],[-74.7642326505781,39.1803011860813],[-74.7642715410705,39.1802843138906],[-74.7643079872049,39.1802644086275],[-74.764341599929,39.1802416827763],[-74.7643720204377,39.1802163789303],[-74.7643989240027,39.1801887672019],[-74.7645422019058,39.1800247619679]]}},{"type":"Feature","id":406086,"properties":{"OBJECTID":406086,"PRIMENAME":"Woodbine Boulevard","ELEVTYP_F":0,"ELEVTYP_T":0},"geometry":{"type":"LineString","coordinates":[[-74.7615218958392,39.1790717491359],[-74.7616740634664,39.178627941315],[-74.7617205894844,39.1785100480197]]}},{"type":"Feature","id":420890,"properties":{"OBJECTID":420890,"PRIMENAME":"Unnamed Segment","ELEVTYP_F":0,"ELEVTYP_T":0},"geometry":{"type":"LineString","coordinates":[[-74.7488083271206,39.1624061786696],[-74.7491213001647,39.162587873123],[-74.7494366379357,39.1627709381485],[-74.7498237776405,39.1631921616401],[-74.7501252927137,39.1635202173341],[-74.7510431542092,39.1639275081063]]}},{"type":"Feature","id":421080,"properties":{"OBJECTID":421080,"PRIMENAME":"Ash Street","ELEVTYP_F":0,"ELEVTYP_T":0},"geometry":{"type":"LineString","coordinates":[[-74.7947459487642,39.2364952840613],[-74.7944121227946,39.2367632413917]]}},{"type":"Feature","id":431878,"properties":{"OBJECTID":431878,"PRIMENAME":"Ella Layne","ELEVTYP_F":0,"ELEVTYP_T":0},"geometry":{"type":"LineString","coordinates":[[-74.7483153665892,39.2448322799126],[-74.7480975114146,39.2445269525132],[-74.7480381807951,39.2444669843886],[-74.7479750653076,39.2444094000351],[-74.7479083231084,39.2443543437407],[-74.7478381214401,39.2443019534589],[-74.7477646362125,39.2442523604625],[-74.7476880515615,39.244205689015],[-74.7476085593882,39.2441620560593],[-74.7475263588777,39.2441215709246],[-74.7461818772404,39.2434169368927]]}},{"type":"Feature","id":431916,"properties":{"OBJECTID":431916,"PRIMENAME":"Dennisville Petersburg Road","ELEVTYP_F":0,"ELEVTYP_T":0},"geometry":{"type":"LineString","coordinates":[[-74.7502947668274,39.2439389413371],[-74.7497311573696,39.2441931418306],[-74.7490336997035,39.244503034758],[-74.748390282089,39.2447987779003],[-74.7483153665892,39.2448322799126]]}},{"type":"Feature","id":466099,"properties":{"OBJECTID":466099,"PRIMENAME":"State Highway 50","ELEVTYP_F":0,"ELEVTYP_T":0},"geometry":{"type":"LineString","coordinates":[[-74.7520709221154,39.2959247434758],[-74.7519526447167,39.2964240598033]]}},{"type":"Feature","id":466100,"properties":{"OBJECTID":466100,"PRIMENAME":"FR CO 611 TO NJ 50 SB","ELEVTYP_F":0,"ELEVTYP_T":0},"geometry":{"type":"LineString","coordinates":[[-74.752113247235,39.2964761694735],[-74.7521207576382,39.296435480384],[-74.7521222941051,39.2963961383415],[-74.7521131629878,39.2962900904147],[-74.7520709221154,39.2959247434758]]}},{"type":"Feature","id":466101,"properties":{"OBJECTID":466101,"PRIMENAME":"Main Street","ELEVTYP_F":0,"ELEVTYP_T":0},"geometry":{"type":"LineString","coordinates":[[-74.7519526447167,39.2964240598033],[-74.7520214088386,39.2964359305897],[-74.7520736386016,39.2964498126278],[-74.752113247235,39.2964761694735]]}},{"type":"Feature","id":483406,"properties":{"OBJECTID":483406,"PRIMENAME":"Weatherby Road","ELEVTYP_F":0,"ELEVTYP_T":0},"geometry":{"type":"LineString","coordinates":[[-74.97370007266,39.3143252426919],[-74.9735267818277,39.3143475698641],[-74.9731235261408,39.3143955282489],[-74.9727155928642,39.3144470750452],[-74.9722939202682,39.314495106242],[-74.97167525013,39.3145724341101],[-74.9712260900881,39.3146277108334],[-74.9708777919858,39.3146754128442],[-74.9705890615918,39.3147086771556],[-74.9704607833512,39.3147234734881],[-74.97014453013,39.3147639318979],[-74.9695991246331,39.3148302448916],[-74.9691866849524,39.314885338593],[-74.9688795965612,39.3149222146423],[-74.9685312840304,39.3149628248177],[-74.9681875767685,39.3150105003063],[-74.9677384232338,39.3150621945411],[-74.9674313690404,39.31509903961],[-74.9670463422237,39.3151469316825],[-74.9665605225136,39.3152023383861],[-74.9660884155381,39.3152576602362],[-74.9655934277211,39.3153166416],[-74.964965551432,39.3153939706461],[-74.9645301426479,39.3154455976088],[-74.9640213913929,39.3155082232484],[-74.9635585286682,39.3155670679081],[-74.9629214355423,39.3156408806477],[-74.9624126798556,39.315703445229],[-74.9621010244863,39.3157403215458],[-74.9619276300237,39.3157617445724],[-74.9617435369778,39.3157844898289],[-74.9613860490151,39.3158286579172],[-74.9610927133514,39.3158618899141],[-74.9608405555392,39.3158842772554],[-74.960615991103,39.3159100959603],[-74.960441783449,39.3159286049687],[-74.9602767887909,39.315939965389],[-74.9600841294446,39.3159478388788],[-74.9598961132313,39.315952150818],[-74.9597218234377,39.3159528392352],[-74.9594970137849,39.315946587887],[-74.9592767276562,39.3159296382454],[-74.9591051698048,39.3159157353382],[-74.9588805413767,39.3158885598526],[-74.9586156163855,39.3158396052461],[-74.9583859687006,39.3157906480556],[-74.9582827337572,39.3157647886667],[-74.9580918986873,39.3157169860709],[-74.957843837574,39.3156573644014],[-74.957535295677,39.3155788259834],[-74.9573200528388,39.315524034069],[-74.9569387195695,39.3154293230852],[-74.9565022161135,39.3153134653762],[-74.9560151939501,39.3151906659034],[-74.9554776201701,39.3150502423432],[-74.9550687477651,39.3149485219602],[-74.9546185467479,39.3148398217133],[-74.9538237905412,39.3146540748587],[-74.9531943907734,39.3144962067409],[-74.9524684580346,39.3143101835596],[-74.9516599082402,39.3141102246691],[-74.9513521268209,39.3140401687213],[-74.9502173688576,39.3137559365534],[-74.9491332055328,39.3134893458825],[-74.9482289870657,39.3132706403548],[-74.9482052280142,39.3132648936725],[-74.9473691459221,39.3130614148557],[-74.9466846750071,39.3128930421395],[-74.946133375775,39.3127561978828],[-74.945269749233,39.3125493224594],[-74.945176562502,39.312526192886],[-74.9445485333564,39.3123703147891],[-74.9440662151559,39.3122581551697],[-74.943574698554,39.3121388896625],[-74.9431612521316,39.3120406858587],[-74.9426697172264,39.3119178475734],[-74.9418336209744,39.3117072170352],[-74.9409194959794,39.3114862239304],[-74.9398996754733,39.311233553259],[-74.9389224238508,39.3109985438133],[-74.9388201932096,39.310973959598],[-74.9378509692898,39.3107388991631],[-74.9362340905091,39.3103530230559],[-74.9346999453662,39.3099917743422],[-74.9328947132598,39.3095530961822],[-74.9317326259621,39.3092723827954],[-74.930905857082,39.3090794588387],[-74.9308947297608,39.3090767714634],[-74.9300193751834,39.3088653886072],[-74.9299495399784,39.3088492562552],[-74.9291237170833,39.3086584834711],[-74.9284025817938,39.3084794301518],[-74.9279845968802,39.3083776479116],[-74.927378320017,39.3082373467729],[-74.9268960339959,39.3081215187669],[-74.9262429244088,39.3079722365693],[-74.9261749614267,39.3079567013395],[-74.9255687050639,39.307812848682],[-74.9250312690284,39.3076758526418],[-74.9246775738351,39.3075845047034],[-74.9244294903067,39.3075177007044],[-74.9242365556714,39.3074649451831],[-74.9239241059597,39.3073734437399],[-74.9236668267611,39.3072995605772],[-74.9232027464238,39.3071587479987],[-74.9226698291138,39.3070074476117],[-74.9221460887108,39.3068597075471],[-74.9218336588876,39.3067646313804],[-74.921475357384,39.3066697754003],[-74.9212685790691,39.3066063570959],[-74.9210986490852,39.3065641940534],[-74.9207817135899,39.3064834092399],[-74.9204923657142,39.3064239119295],[-74.9201388461104,39.306353882584],[-74.9197393976599,39.3062805036907],[-74.919372182294,39.30622485423],[-74.9190095038091,39.3061655633089],[-74.9187157415936,39.3061238694251],[-74.9185413130345,39.3061031077315],[-74.9184036590112,39.306085783541],[-74.9182292507175,39.3060685903288],[-74.9180365018688,39.306051462713],[-74.9177979714494,39.3060380690064],[-74.9175456647053,39.3060318352413],[-74.917242962587,39.3060258094792],[-74.9167246586422,39.3060169849492],[-74.9163026599375,39.3060078146783],[-74.9154633395935,39.3060036739967],[-74.9145230584581,39.3059892058411],[-74.9136791175439,39.3059743887031],[-74.9115755976958,39.3059436938291]]}},{"type":"Feature","id":483423,"properties":{"OBJECTID":483423,"PRIMENAME":"Mosslander Road","ELEVTYP_F":0,"ELEVTYP_T":0},"geometry":{"type":"LineString","coordinates":[[-74.9162943153877,39.2320128227381],[-74.9164208305421,39.2322429564246],[-74.9165849004291,39.2325132072061],[-74.9166786900772,39.2326717114465],[-74.9167959310549,39.2328734865812],[-74.9169084409602,39.233057239511],[-74.9170162835365,39.2332337600999],[-74.9171194885071,39.233413949133],[-74.9172554296208,39.2336372657852],[-74.9175132994032,39.2340660197027],[-74.9176117961871,39.234231782228],[-74.9177055046659,39.2343758159356],[-74.9177850966167,39.2344910702152],[-74.9178881114224,39.2346387502552],[-74.91801915513,39.234815186618],[-74.9181360606684,39.2349591916597],[-74.9182950250515,39.2351463724892],[-74.9184119462562,39.2352867810973],[-74.9185568382686,39.2354523211609],[-74.9186877338823,39.2356034963621],[-74.9189635455593,39.2359238366827],[-74.9191037935883,39.2360857957567],[-74.9193515948794,39.2363737530944],[-74.9195198245851,39.2365681486684],[-74.9197348888133,39.2368128682121],[-74.9198985442642,39.2370036277643],[-74.9201931110278,39.2373527814787],[-74.9204408638766,39.2376371396054],[-74.920688654479,39.2379214700266],[-74.9208616520495,39.2381266364434],[-74.9209972044457,39.2382813891243],[-74.9211047644787,39.238407385864],[-74.9211749287597,39.2384973838919],[-74.9212217255068,39.2385586084993],[-74.9212733323689,39.2386450765861],[-74.9213109720717,39.2387279711578],[-74.9213345009093,39.2387892807798],[-74.9213582214249,39.2388650037814],[-74.9213772039087,39.2389335229164],[-74.9213916981041,39.239030971119],[-74.921401610146,39.2391356568979],[-74.921411739231,39.2392764207721],[-74.9214175657324,39.239471345107],[-74.9214237682208,39.2397349117236],[-74.9214295516,39.2399226151979],[-74.9214402859389,39.2401645014939],[-74.9214514294383,39.2404749461619],[-74.9214621195857,39.240709611593],[-74.9214730689152,39.240987575047],[-74.9214842572656,39.2413052693305],[-74.9214943340277,39.2414315904355],[-74.9214950039465,39.2415435306064],[-74.9215095071704,39.2416481717898],[-74.9215241460201,39.2417636592901],[-74.9215528248982,39.241900758065],[-74.921572046232,39.2420090070696],[-74.9216005824092,39.2421280403362],[-74.9216291978301,39.2422542952049],[-74.9216625386418,39.2423913770643],[-74.9217005269142,39.2425320678967],[-74.9217386665973,39.2426980172417],[-74.9218193559219,39.242993795825],[-74.9218717895183,39.243217409068],[-74.921947789513,39.2435023856365],[-74.9220477886655,39.2439208545898],[-74.922133358799,39.2442527210789],[-74.9222283663027,39.2446098132418],[-74.9223377558616,39.2450390657971],[-74.9223902437289,39.2452771763645],[-74.9224614574193,39.2455404789414],[-74.9225232684188,39.2457785547085],[-74.9225661459645,39.2459625272672],[-74.9226042245324,39.2461176314444],[-74.9226234692815,39.2462295041159],[-74.9226379591997,39.2463197031332],[-74.922652803484,39.2464749195196],[-74.9226631302224,39.2466481912619],[-74.9226684420132,39.2467564625433],[-74.922655642318,39.2469478850949],[-74.9226520782185,39.2471248042157],[-74.9226480243381,39.2472259164102],[-74.9226485012691,39.2473053753111],[-74.9226490428085,39.2473955979016],[-74.9226541802796,39.2474750128629],[-74.9226689597639,39.2476193835516],[-74.9226835151417,39.2477204273021],[-74.9226979479544,39.2478070295125],[-74.9227171292241,39.2479080294418],[-74.9227456050352,39.2480162724711],[-74.9227884685273,39.2481858020437],[-74.9228357272568,39.2483228328943],[-74.9228738079089,39.2484779648351],[-74.9229350459562,39.248625763753],[-74.9229915920897,39.2487627617033],[-74.9230667348735,39.2489032890536],[-74.9231558992614,39.249061804368],[-74.9232450785146,39.2492167504985],[-74.9233998623461,39.2494761515998],[-74.9235125248425,39.2496779359511],[-74.9236439150517,39.2499049129109],[-74.92375186591,39.2500922721766],[-74.9238783635473,39.2503013078714],[-74.9239066315695,39.2503480206932],[-74.9240145492206,39.2505354068442],[-74.9240849393251,39.2506542869293],[-74.9241107751126,39.2507047415599],[-74.9241314379668,39.2507465653327],[-74.9241426191697,39.2507793910931],[-74.9241522539953,39.2508195803955],[-74.9241604629779,39.2508573318613],[-74.9241607390483,39.2509031565554],[-74.9241468181492,39.2509548270381],[-74.9241251548337,39.251004850186],[-74.9240817582124,39.2510817510119],[-74.9240413721094,39.2511310459906],[-74.9239584595986,39.2512432632182]]}},{"type":"Feature","id":483491,"properties":{"OBJECTID":483491,"PRIMENAME":"Lores Mill Road","ELEVTYP_F":0,"ELEVTYP_T":0},"geometry":{"type":"LineString","coordinates":[[-74.8857126512477,39.2900517967311],[-74.8868480007825,39.29031487354],[-74.8872877064644,39.2904328258178],[-74.8877129676468,39.2905849393466],[-74.8879479911049,39.2907405301101],[-74.8884222325815,39.2911483627971],[-74.8888305745759,39.291547883779],[-74.8891513271654,39.2919875004393],[-74.889247842885,39.2922373758814],[-74.8893450206155,39.2926066611903],[-74.8894668750212,39.2934677282605],[-74.8896626453109,39.2936699414701],[-74.8901165822086,39.2938408474342],[-74.890768296722,39.2939154267672],[-74.8916651288558,39.2939834921954],[-74.8945690010024,39.2943916317485],[-74.8952284102331,39.2945315520208],[-74.8954378328549,39.2946843714367],[-74.8956327185751,39.2948542968106],[-74.8958345545397,39.2949588089255],[-74.8960578001391,39.2949665786467],[-74.8965477497163,39.2949023619299],[-74.8968040683504,39.2949356061371],[-74.8977427773575,39.2952877964461],[-74.8983440762466,39.2955018193373],[-74.8986928901779,39.2957138628077],[-74.899093546227,39.2960337650088],[-74.8993956704829,39.2963994950209],[-74.9002819199652,39.2978151820675],[-74.9004125495905,39.298263950376],[-74.9004144931936,39.2986051210206],[-74.9004861548358,39.2989801711091],[-74.9006443430781,39.299127469483],[-74.9009271223479,39.2993056149467],[-74.9011435623855,39.2994947233143]]}},{"type":"Feature","id":483492,"properties":{"OBJECTID":483492,"PRIMENAME":"Lores Mill Road","ELEVTYP_F":0,"ELEVTYP_T":0},"geometry":{"type":"LineString","coordinates":[[-74.9011435623855,39.2994947233143],[-74.9013291530152,39.2994620876788],[-74.9013609695083,39.2994572784501],[-74.9013931030226,39.2994539796868],[-74.9014254353811,39.2994522053084],[-74.901457846037,39.2994519602343],[-74.9014902167466,39.299453246674],[-74.9015224269013,39.2994560587376],[-74.9015543570311,39.2994603869284],[-74.9031258468229,39.2995796487942],[-74.9032804698267,39.2995887367095],[-74.9034354557259,39.2995925669084],[-74.9035905099529,39.2995911314027],[-74.903745334524,39.299584433027],[-74.9038996349909,39.2995724845144],[-74.9040531169676,39.299555309409],[-74.9042054849618,39.2995329402685],[-74.9043473577178,39.2995137458173],[-74.9044906446665,39.2995025761416],[-74.9046345972227,39.2994994896884],[-74.9047784596028,39.299504502595],[-74.9049214780979,39.2995175886567],[-74.9050629033968,39.2995386802202],[-74.9052019952064,39.299567665464],[-74.9053380222765,39.2996043929029],[-74.9054702739874,39.2996486704463],[-74.9055980568705,39.2997002654101],[-74.9057207004255,39.2997589080994],[-74.9068682119189,39.3003062173653],[-74.9069101041844,39.3003277292394],[-74.9069500517196,39.3003513702147],[-74.9069878753651,39.3003770346233],[-74.907023405173,39.3004046059556],[-74.9070564815929,39.30043396136],[-74.9070869566252,39.3004649707378],[-74.9071146949655,39.3004974940372],[-74.9071395728661,39.30053138486],[-74.9071614758324,39.3005664931726],[-74.9071803090374,39.3006026616658],[-74.9071959868918,39.3006397266921],[-74.9073287068886,39.3009078978822],[-74.9073673262328,39.3009781505908],[-74.9074124489649,39.301046023097],[-74.9074638329989,39.3011111532123],[-74.9075212038602,39.3011731923733],[-74.9075842558664,39.3012318092409],[-74.9076526509721,39.3012866906055],[-74.9077260245716,39.3013375422675],[-74.9085066380851,39.3018513075304],[-74.908568402294,39.301894578501],[-74.9086266007024,39.3019407355509],[-74.9086810131496,39.3019896019979],[-74.9087314286902,39.3020409912183],[-74.9087776537003,39.3020947048173],[-74.9088195142324,39.3021505389258],[-74.9088568467038,39.3022082779276],[-74.9088895095277,39.3022677007239],[-74.9089173761565,39.302328580758],[-74.9089403420232,39.3023906832881],[-74.9089583164566,39.3024537708207],[-74.9089712331117,39.302517602173],[-74.9089790406886,39.3025819316045],[-74.909214880694,39.3033561632412],[-74.9092679778357,39.3035092086466],[-74.909333139128,39.3036594136792],[-74.9094101154951,39.3038062053766],[-74.909498613873,39.3039490244399],[-74.909598297198,39.3040873234335],[-74.909708783304,39.3042205766975],[-74.9098296506818,39.3043482740232],[-74.909960438521,39.3044699278594],[-74.9101006478737,39.3045850742098],[-74.9101498688044,39.3046216017683],[-74.9102009069972,39.3046565924203],[-74.9102536832825,39.304689990592],[-74.9103081138781,39.3047217452298],[-74.910364115007,39.3047518061813],[-74.9104216005935,39.3047801269052],[-74.9104804787747,39.3048066626828],[-74.9112056233708,39.3052198237788],[-74.9112517438938,39.3052478680453],[-74.9112955153731,39.3052780996601],[-74.911336764353,39.3053104003313],[-74.911375331243,39.3053446436108],[-74.9114110633609,39.3053806949188],[-74.9114438219002,39.3054184133206],[-74.9114734761277,39.3054576506466],[-74.9114999126692,39.3054982532607],[-74.9115230250698,39.3055400611966],[-74.9115427254043,39.305582910819],[-74.9115589338418,39.3056266348605],[-74.9115715879167,39.305671061488],[-74.9115806390605,39.3057160161165],[-74.9115755976958,39.3059436938291]]}},{"type":"Feature","id":483493,"properties":{"OBJECTID":483493,"PRIMENAME":"Weatherby Road","ELEVTYP_F":0,"ELEVTYP_T":0},"geometry":{"type":"LineString","coordinates":[[-74.9115755976958,39.3059436938291],[-74.9115187760726,39.3059428641633],[-74.9115026353975,39.3059425969228],[-74.9104546768074,39.3059252317235],[-74.9082392502205,39.3058831316446],[-74.9073127197642,39.3058685849524],[-74.9054504579835,39.3058251965669],[-74.9041936770257,39.3058010667499],[-74.9023727173276,39.3057610268213],[-74.9013957374849,39.30574303836],[-74.8993821778029,39.3057107824103],[-74.8984510712383,39.3056925560063],[-74.8966393505117,39.3056667005905],[-74.8953092064798,39.3056427247707],[-74.8936488177046,39.3056162809366],[-74.8929619396482,39.3056063287322]]}},{"type":"Feature","id":483595,"properties":{"OBJECTID":483595,"PRIMENAME":"State Highway 47","ELEVTYP_F":0,"ELEVTYP_T":0},"geometry":{"type":"LineString","coordinates":[[-74.9242620815855,39.2172011957303],[-74.9244749429846,39.2172309448189],[-74.9248311337791,39.2172790693506],[-74.9250855778043,39.2173177063668],[-74.9253483554292,39.2173628758224],[-74.9255180278548,39.2173919375165],[-74.9257470225465,39.2174306119936],[-74.9259336980003,39.2174694957109],[-74.9262220756869,39.2175277477822],[-74.9264935826389,39.2175860618062],[-74.9268033107113,39.2176607094872],[-74.9271384564592,39.2177418806199],[-74.9273930870633,39.2178167287399],[-74.9276264245389,39.217878502398],[-74.9278556581528,39.2179501754313],[-74.9280805451716,39.2180152194872],[-74.9283607429174,39.2181032055726],[-74.9286409051244,39.2181911361618],[-74.9290822666546,39.2183246010549],[-74.929426016149,39.2184320929808],[-74.9297443975302,39.2185297918055],[-74.9299827195221,39.2186035962992],[-74.9302614486372,39.2186816714219],[-74.9304690064664,39.2187346109942],[-74.9306956670921,39.2187830312884],[-74.9308984606778,39.2188188269638],[-74.9310702170935,39.2188413661744],[-74.93125646744,39.2188615435577],[-74.9314580530611,39.2188786992254],[-74.931659107978,39.2188899263701]]}},{"type":"Feature","id":489139,"properties":{"OBJECTID":489139,"PRIMENAME":"Eldora Avenue","ELEVTYP_F":0,"ELEVTYP_T":0},"geometry":{"type":"LineString","coordinates":[[-74.919204935506,39.2167354211183],[-74.9192616588136,39.2164625339231],[-74.9193145751068,39.2161861156369],[-74.9193516179627,39.2159684766777],[-74.9193469846351,39.2158567223228],[-74.9193677955331,39.2157060804456],[-74.919410833086,39.2155086956896],[-74.9194469991392,39.2153006680566],[-74.9194653013861,39.2150651664387],[-74.9195140166839,39.2148710140675],[-74.919624895765,39.2146475410424],[-74.919712899221,39.2144987757667],[-74.9198345906274,39.2142685298892],[-74.9199945866683,39.2139187951541],[-74.9201313253382,39.2136094669009],[-74.9202166811675,39.2133629043205],[-74.9202980358758,39.2130781213772],[-74.9203621870142,39.2128408956791],[-74.9204897165537,39.2123398013568],[-74.9205385157061,39.2121604848054],[-74.9205040793256,39.2115697093261]]}},{"type":"Feature","id":489140,"properties":{"OBJECTID":489140,"PRIMENAME":"North Delsea Drive","ELEVTYP_F":0,"ELEVTYP_T":0},"geometry":{"type":"LineString","coordinates":[[-74.919204935506,39.2167354211183],[-74.9193228216205,39.2167433195811],[-74.9197173927257,39.2167707836501],[-74.9201908857605,39.2167979338107],[-74.9207341548986,39.2168356769161],[-74.9212587746565,39.2168771359793],[-74.9218576796095,39.2169218927678],[-74.9223777328098,39.2169669324019],[-74.9226423592269,39.2169912615364],[-74.9229070347077,39.2170119640628],[-74.9231763427343,39.2170398440638],[-74.9234735427397,39.2170749250559],[-74.9237475965603,39.217117201515],[-74.9240401673169,39.2171630609784],[-74.9242580006953,39.2172006259561],[-74.9242620815855,39.2172011957303]]}}]}
